date,open,high,low,close,volume
2020-01-01,10322.996544225318,10322.996544225318,10111.896115389607,10154.014245903369,25358751032.36022
2020-01-02,10105.674785967192,10188.040824471207,10045.910403499307,10116.973122512558,28045561573.277256
2020-01-03,10067.338014660323,10463.940742406647,10067.338014660323,10318.61103502554,30675686812.726974
2020-01-04,10289.434199842213,10873.598122458408,10175.60751491081,10795.236921033207,33070303839.435314
2020-01-05,10674.233437074243,11050.674710826283,10623.695089306808,10724.80230481379,21602475683.782375
2020-01-06,10541.968476504913,11123.319794062922,10541.968476504913,10654.832528700275,25751229420.119022
2020-01-07,10766.9796819444,11347.28752159254,10766.9796819444,11164.947387256883,26346648885.19158
2020-01-08,10959.184451293992,11633.496329015787,10959.184451293992,11427.58091217489,33136497533.806213
2020-01-09,11455.83805743733,11455.83805743733,10914.659499699661,11272.34600668702,26742046449.128788
2020-01-10,11372.284314734992,11533.276367572693,10787.639498713768,11461.459915911488,27975160256.27319
2020-01-11,11295.128195373767,11558.361367268228,11249.713155642487,11307.847346554616,23495552670.292095
2020-01-12,11203.332486516725,11650.319213302711,10914.602379908983,11155.509241484266,31436910906.532578
2020-01-13,11290.845557961053,11357.952724360986,10647.457092457274,11242.06336680137,16207251306.221628
2020-01-14,11301.971391665731,11301.971391665731,10407.850621130112,10602.407866018006,27650132688.698563
2020-01-15,10536.960717676073,10536.960717676073,9965.74901728997,10059.060598080889,38648057848.67492
2020-01-16,10179.995553868812,10179.995553868812,9839.298030791699,9894.407598474523,23104964976.741478
2020-01-17,10013.787160774296,10013.787160774296,9208.169084503594,9598.713884283508,36087593980.745636
2020-01-18,9624.539482484046,9799.175384239068,9506.390537071373,9694.00434826009,18608498698.50893
2020-01-19,9606.74277662871,9606.74277662871,8991.917625685317,9434.779670341395,22035906696.701897
2020-01-20,9395.771696118947,9395.771696118947,8958.665247414137,9039.753832685385,39403742381.9589
2020-01-21,9065.642489348395,9503.969422419948,9065.642489348395,9441.746831888604,27864412471.01477
2020-01-22,9423.940185582465,9610.087150772262,9241.28372014371,9382.51602520952,21597380322.35744
2020-01-23,9470.613832927258,9555.705965446787,9261.377705066672,9406.214817101263,17075960910.00229
2020-01-24,9262.320980909844,9262.320980909844,8920.31729660344,9008.87329951584,22095086397.80065
2020-01-25,8874.25699142139,8945.013774048046,8796.812051228097,8866.249486414821,26779050397.389454
2020-01-26,8882.285970407705,9278.0985445017,8787.871975427532,8900.186631779436,12871323285.29196
2020-01-27,8856.438261572535,8856.438261572535,8493.102420856321,8597.314995564187,36972729268.634796
2020-01-28,8543.4056509833,8765.722645628573,8543.4056509833,8698.513479269779,28595547550.243965
2020-01-29,8544.71882723126,8561.564866952296,7914.587734655106,8546.122823796524,16235231240.801123
2020-01-30,8547.793235699924,8547.793235699924,8178.452576094425,8475.610366828409,25850725853.862053
2020-01-31,8471.139049425665,8524.457456125012,8099.683171550366,8326.853247999801,25923164251.18045
2020-02-01,8381.267483833446,8948.54594999505,8215.85812672571,8793.726133130123,21366850565.87378
2020-02-02,8799.785549765713,8820.853973324007,8661.726829524172,8794.562269259606,15478773862.67375
2020-02-03,8782.900321027168,8791.417939523939,8398.847658057448,8519.896411566864,23857501179.939423
2020-02-04,8620.175646584883,8939.633622481808,8620.175646584883,8734.396283122065,30023365039.951344
2020-02-05,8619.760187752463,8619.760187752463,8088.723820853525,8418.863514106224,31001815291.823994
2020-02-06,8464.021390345382,8541.906399580223,8277.026959001792,8475.824768845596,22041498125.351295
2020-02-07,8334.181263528011,8334.181263528011,7910.654180578417,7981.768063987611,40155367284.89745
2020-02-08,7914.85196318906,7914.85196318906,7614.295063527735,7667.720758375663,35057613154.92914
2020-02-09,7574.737595689581,8148.7753696695245,7574.737595689581,7716.838928298647,23789347804.229267
2020-02-10,7777.180174271326,8122.411756028449,7705.314145059659,7891.65617731548,31570895668.22612
2020-02-11,7886.4942265753525,8165.538992152936,7837.896361776629,7936.1733920496,17626491516.63603
2020-02-12,7935.101751145149,7970.857128291407,7733.686785037709,7912.60733409985,28445300426.620358
2020-02-13,7825.035898543867,7863.2342697374925,7764.797158724742,7845.088178465569,24200931989.96702
2020-02-14,7821.576959444508,7821.576959444508,7173.946288888739,7501.036660907815,38045895131.454704
2020-02-15,7443.768848613287,7480.624348450642,7153.981754138919,7342.799845318942,25339901909.012775
2020-02-16,7370.956179556525,7370.956179556525,7089.811891186175,7244.999896357058,16282564136.367298
2020-02-17,7173.195344629478,7668.367465962748,7138.529453819966,7478.387908887021,27564173081.603382
2020-02-18,7577.835089907579,7607.769869983859,7276.714082699291,7559.218428700901,19305323841.489727
2020-02-19,7432.557642565207,7432.557642565207,7130.1470421752865,7163.181868926521,36497664136.38758
2020-02-20,7105.409386518696,7314.080487822945,7105.409386518696,7236.407632268341,21510889965.88535
2020-02-21,7357.776697979971,7452.203192589284,6955.083159288533,7156.427465492798,29675725012.950962
2020-02-22,7125.287076620641,7125.287076620641,6203.905560988374,7014.675383375967,28228422204.48468
2020-02-23,6922.4409133827285,7351.448810954164,6922.4409133827285,7146.904039245459,28156689560.51186
2020-02-24,7162.560873597302,7542.438284648035,7162.560873597302,7371.531130818675,18851143041.478683
2020-02-25,7336.487443690333,8107.600012618179,7156.484302692853,7581.165708071411,38126934102.49212
2020-02-26,7517.796998888507,7517.796998888507,7152.5349527445,7394.088877665405,33455080741.06682
2020-02-27,7313.059215930555,7486.473632568768,7179.768463320956,7329.195608430698,28042654779.790848
2020-02-28,7532.095125159189,7532.095125159189,7260.930397853066,7405.6970408352145,18337445691.456543
2020-02-29,7387.067869207113,8089.4581223346295,7387.067869207113,7626.13763918957,26878028696.80211
2020-03-01,7479.291221955275,7699.123611275922,7479.291221955275,7520.323247280306,14510054050.125082
2020-03-02,7632.655049533693,7751.622566595622,7407.112819625075,7482.1969433558115,21822486258.290768
2020-03-03,7527.918471939731,7620.933293677927,7149.670644849265,7237.603557002423,17140615181.330578
2020-03-04,7182.129755327705,7425.966792405079,6765.247831905974,6981.492279260241,28513358161.72099
2020-03-05,6916.346642127314,7427.110955142308,6916.346642127314,7155.162308072211,28689506933.36406
2020-03-06,7203.350379738045,7657.028577479978,7203.350379738045,7449.863415220109,25136855366.06289
2020-03-07,7431.468337074999,7493.84860601435,7159.08296772622,7437.494379819112,20302475107.345108
2020-03-08,7294.249887815695,7766.316131845115,7294.249887815695,7665.126235650088,35933713676.027596
2020-03-09,7802.120435071023,8022.6278650594895,7749.738535258343,7752.118372268377,13552589348.37133
2020-03-10,7718.474917913041,7718.474917913041,7469.006267977827,7605.963090394883,30705419012.37687
2020-03-11,7719.715724662114,7719.715724662114,7539.431099314243,7692.228921035918,14936612957.652313
2020-03-12,7790.56906460919,8566.194653835808,7579.51497924037,8051.002916241844,15740689472.779264
2020-03-13,7970.411608623674,8114.204332493517,7896.061129312157,8046.375351339417,13790303129.810856
2020-03-14,8129.509685918069,8577.106417049803,8129.509685918069,8428.089843388228,37303418927.51506
2020-03-15,8373.185680007658,8373.185680007658,7698.289690010333,7769.920475188577,32239206454.65282
2020-03-16,7624.879324084033,8163.486979293784,7624.879324084033,7965.388948346786,34356130689.22176
2020-03-17,7931.568052955575,7995.182775754614,7931.568052955575,7990.172555480869,21131808301.332317
2020-03-18,8021.9444780180975,8052.525304108357,7874.437929524627,7922.494031991227,11329722167.390144
2020-03-19,7885.83374866988,8145.0833292001735,7754.284812208993,7948.264505141425,25125823066.829063
2020-03-20,7923.859490846049,7923.859490846049,7408.698832616485,7478.306933730653,19420914643.797363
2020-03-21,7563.82631256034,7563.82631256034,7300.053041868035,7432.762873138689,27358097455.223217
2020-03-22,7440.678318167819,7742.949342763065,7242.330018681297,7516.109246467167,14860388168.651016
2020-03-23,7452.726024117377,8000.146098056793,7452.726024117377,7853.107693939814,24490353427.072052
2020-03-24,7908.238891301525,7908.238891301525,7577.799272620829,7734.933292626845,29021377964.350178
2020-03-25,7750.223365866578,7750.223365866578,7478.386056235363,7551.191436696328,35993624511.65897
2020-03-26,7360.7802308610035,7624.852814392298,7360.7802308610035,7441.301127690148,19965024354.40416
2020-03-27,7473.176157893117,7757.469725458065,7473.176157893117,7649.375262576385,34022559087.060867
2020-03-28,7679.347710816093,7895.220117500968,7679.152468657703,7728.642168380932,15247516878.981415
2020-03-29,7730.1972584864725,7805.472050935614,7573.1642629250755,7609.676677966203,30167828355.56529
2020-03-30,7677.532209121144,7734.949053058291,7663.709877989794,7730.655492764854,26830254618.88114
2020-03-31,7678.675061205119,7877.892686062765,7400.349730785688,7757.035013213984,14327643547.01028
2020-04-01,7783.137419652213,8151.679410904754,7783.137419652213,7986.32792392873,20794378249.526577
2020-04-02,7861.185410112574,7861.185410112574,7640.719128124071,7822.116301059296,15233460924.848186
2020-04-03,7853.959384299182,8086.490336095416,7526.131384642824,7749.137016665551,19306932717.501945
2020-04-04,7900.482288490208,7900.482288490208,7619.714386402194,7661.856591054701,15658046173.102015
2020-04-05,7585.63212404164,7585.63212404164,7197.496589285239,7329.290269806635,32811107911.87093
2020-04-06,7273.602166077071,7566.5488525679575,7273.602166077071,7398.065458902993,32694872188.050488
2020-04-07,7345.538051669556,7672.400015533881,7330.597702884702,7459.703611391801,11093360326.559072
2020-04-08,7469.401093736668,7760.2273143348575,7054.445815458158,7464.577809326971,20954424437.075832
2020-04-09,7385.226639598435,7796.904004527386,7114.576801118934,7415.777280927262,22877175507.14331
2020-04-10,7447.016048332729,7447.016048332729,6976.8532972029925,7104.602943778126,40152533379.03667
2020-04-11,7164.767559473018,7164.767559473018,6887.355543299087,7018.499705297858,22558534794.342297
2020-04-12,7056.002862899379,7056.002862899379,6842.590541241129,6949.848703153174,22915808015.525307
2020-04-13,6826.946506628106,7098.36983552318,6525.9410001867045,6786.052458332677,24013100482.922577
2020-04-14,6853.585058138705,7071.026585939664,6733.163631454159,6756.610685557492,16045275328.55902
2020-04-15,6819.94495243189,7264.871703798064,6481.593982795275,6841.889421000124,12524169864.521584
2020-04-16,6898.688144111915,7372.492349681334,6898.688144111915,7232.462626616581,28547403267.682693
2020-04-17,7259.428302906851,7504.925730976214,6890.167785135311,7273.957683132171,11685909834.569992
2020-04-18,7289.974160670231,7393.070232151016,7175.92770439066,7333.796981275482,22738227112.0385
2020-04-19,7409.510323790284,7678.7817154735985,7017.969550919238,7321.084742796694,16425741787.901894
2020-04-20,7461.906795263266,7461.906795263266,6896.549615166441,6903.3206850907945,32468167007.021698
2020-04-21,6837.529245646044,7171.356662243983,6762.633372096858,6901.281331888425,12723415615.734957
2020-04-22,6975.685798562758,7023.837578403324,6697.398126364286,6917.2019412588215,29313587932.98686
2020-04-23,6911.238130481753,7651.595076130529,6911.238130481753,7431.822835897662,48640137718.55901
2020-04-24,7422.185764404995,7422.185764404995,7163.055414252496,7392.650968991742,14527300898.359993
2020-04-25,7279.060618020359,7903.119853995029,7279.060618020359,7463.224322051222,18479260386.412327
2020-04-26,7441.969849573643,7484.320350502622,7409.7364949078765,7459.184082494478,22390413987.8443
2020-04-27,7384.796253489403,7384.796253489403,7076.991347563152,7201.392136062551,16031147852.135265
2020-04-28,7167.988159653331,7790.621415883251,7146.316376615338,7451.890289011422,23036530819.56621
2020-04-29,7370.054644523412,7755.581102818835,7370.054644523412,7623.715908083892,18486073803.358704
2020-04-30,7589.492407947588,7838.410978786948,7584.607277520592,7808.445851192174,35170199971.13824
2020-05-01,7776.734943867918,7776.734943867918,7275.078033638548,7599.322993162224,34294698892.86234
2020-05-02,7606.675711926158,8323.94448285854,7606.675711926158,7922.93126651202,30793337456.73408
2020-05-03,7794.99574479658,7794.99574479658,7397.479896057506,7593.689643653573,28887133684.30212
2020-05-04,7483.921481771103,7971.752872136213,7483.921481771103,7731.178807540273,33795377961.234505
2020-05-05,7759.1590469404555,8472.125425633205,7759.1590469404555,8243.088520337627,47617815412.62895
2020-05-06,8177.354990452625,8177.354990452625,7885.314620593291,8002.25770627793,37972218671.11593
2020-05-07,8088.244349222857,8088.244349222857,7674.113998017509,7870.309024008224,14569943647.024843
2020-05-08,7888.038447268332,7954.387511137847,7682.74084180873,7897.772789657348,13672164921.710838
2020-05-09,7945.693485654289,7945.693485654289,7554.198881974668,7782.431586412162,26971809978.27206
2020-05-10,7892.2177511436885,7892.2177511436885,7303.263015058533,7424.284840230668,30414032236.91822
2020-05-11,7401.291027381158,7613.702185989689,7040.241283416116,7443.267914284388,10634450077.003908
2020-05-12,7400.507329668309,7400.507329668309,7014.18151762194,7209.779213813451,14765232222.709599
2020-05-13,7272.627045636228,7330.32184469896,7050.031749243453,7315.819009286744,31844721856.30768
2020-05-14,7353.094099451606,7353.094099451606,7035.572303831735,7117.686680079191,34791966728.95665
2020-05-15,7104.3530955692895,7639.036389199892,7104.3530955692895,7452.203947506925,25203427710.65716
2020-05-16,7555.898233048316,7820.689197810242,7106.759596230424,7280.821151169301,34219177130.02084
2020-05-17,7265.368022566322,7294.4400675113775,7083.398827795101,7214.115392769848,23877517896.699883
2020-05-18,7216.47972080153,7652.816605848685,7216.47972080153,7393.786662869527,32622963873.740852
2020-05-19,7395.3558203964185,7395.3558203964185,7032.00879157784,7124.46111120142,25305129184.747643
2020-05-20,7057.876332611716,7239.027513647411,6729.807142103898,7176.639225510327,13166447640.17761
2020-05-21,7182.2072490054725,7730.545595006263,7182.2072490054725,7461.654304034828,26091001345.67582
2020-05-22,7565.875719928727,7565.875719928727,7030.619699832866,7105.550605312018,28283326234.51142
2020-05-23,7137.168054138676,7218.571966155222,7101.474188911296,7148.461137372333,22288217585.86159
2020-05-24,7150.681694336397,7258.715883380628,7041.081699975865,7207.768229589716,13116495694.847855
2020-05-25,7196.108418891986,7455.375506871074,7196.108418891986,7380.428055395404,36973249972.55806
2020-05-26,7404.847458385959,7404.847458385959,7057.294248134294,7110.241497531925,20331086150.983383
2020-05-27,7163.551715485409,7163.551715485409,6656.667282516393,6832.133656099423,19435641675.40696
2020-05-28,6873.757667310669,7042.288898367682,6873.035194181893,6942.528959036525,23854325407.29028
2020-05-29,6919.489144899667,7064.592296496826,6802.083939408399,7007.854964345384,22696093999.231533
2020-05-30,7030.61518741151,7224.442932824928,6868.595550723238,7064.021418772438,20302907083.052288
2020-05-31,7097.924464884353,7229.5427805509935,6738.908512374166,7140.972956653284,28208900681.743515
2020-06-01,7069.049434973215,7372.332841433612,6684.74405486475,6998.862298732181,24379523329.281254
2020-06-02,7010.63652265404,7110.349910096906,6813.048090262265,7051.127079225587,23851263881.495308
2020-06-03,6898.7307956341665,7140.003105698208,6898.7307956341665,7116.64738034476,26749180625.86723
2020-06-04,7150.98760296403,7150.98760296403,6869.140699327211,6967.692089602644,12698314075.930466
2020-06-05,7013.702760379649,7713.012220469099,7013.702760379649,7361.180204716013,33505431826.943146
2020-06-06,7416.2084221485275,7481.986997121318,7224.3079778621295,7469.499880351128,31757570328.162716
2020-06-07,7439.991856200992,7439.991856200992,7113.99463708855,7206.281390396793,13994238097.378227
2020-06-08,7228.552174956741,7533.377986167918,7228.552174956741,7351.823832642865,21759963746.727
2020-06-09,7456.510410825196,7456.510410825196,6782.998203161207,7140.529106586665,36722632778.84006
2020-06-10,7241.479739822989,7366.616785666417,7241.479739822989,7312.705386811035,21177431653.789085
2020-06-11,7310.572073263216,7622.9847271941435,7310.572073263216,7570.535783456728,25935123229.53705
2020-06-12,7581.083025954488,7581.083025954488,7142.682796838961,7387.9309056105,36777922672.64761
2020-06-13,7470.004253406207,7608.323588208585,7470.004253406207,7605.145559432452,18098681038.85057
2020-06-14,7491.007381612868,7835.695623164178,7491.007381612868,7703.125903217453,12761588666.94873
2020-06-15,7678.238971996287,8065.829688347315,7678.238971996287,7896.950453542761,34029556991.57364
2020-06-16,8002.419790688655,9014.354373756334,8002.419790688655,8350.265334908907,43080326095.669174
2020-06-17,8431.697167687053,8431.697167687053,8200.558365932075,8292.968791216641,20775567000.89391
2020-06-18,8323.591721054414,8379.78353606532,7683.2879067977865,8109.59396097741,24769390525.42414
2020-06-19,7987.477067172276,8068.217273148419,7629.748923452423,7897.240732557096,33711861001.15945
2020-06-20,7893.299201303655,7990.511375706332,7543.038017934333,7707.909846549332,30709911475.13132
2020-06-21,7662.439699635473,7858.037404434623,7591.391019330655,7693.935010717244,15580430920.283066
2020-06-22,7719.404928760191,8028.733524541294,7632.83083384115,7776.526011913116,11447591570.051025
2020-06-23,7713.586956443486,7921.720135904847,7550.516801673595,7844.965070866481,21318417393.375214
2020-06-24,7764.497428807017,8169.700950517603,7764.497428807017,8043.564264278719,34058554832.851757
2020-06-25,7877.4754986974585,8426.683224712382,7877.4754986974585,8050.723492997173,28165167950.746822
2020-06-26,8149.087609809132,8930.817904347788,7978.006242721641,8405.808883028943,41970192970.2271
2020-06-27,8372.204937866332,8479.664391819158,8243.369107932635,8343.272144676881,29643973454.802933
2020-06-28,8356.383245075069,9059.235564418625,8356.383245075069,9028.297129841703,39336282527.66609
2020-06-29,9028.095066036301,9287.246873531783,8730.149527774158,9202.272600008497,22532625824.39373
2020-06-30,9104.044419672478,9104.044419672478,8920.728571997684,8970.239811449508,31925995021.545586
2020-07-01,8857.29866951079,8857.29866951079,8483.71680057472,8686.54005575852,32638744646.931293
2020-07-02,8599.212954652172,8924.59601106473,8366.28314135184,8816.613804610653,23871936353.118702
2020-07-03,8752.854836202234,8829.215894237119,8503.608867031804,8761.916559175339,12475289577.333723
2020-07-04,8794.038292639414,9448.472315550523,8610.258783582172,8953.977900028272,34773571787.745316
2020-07-05,8882.729516290015,9226.672571923873,8882.729516290015,9085.57566593509,21920973453.08585
2020-07-06,9244.254393767087,9244.254393767087,8687.503895540327,9070.267675869703,17557596223.715103
2020-07-07,9163.433024260681,9163.433024260681,8564.81907733611,8844.383439033878,28217454610.041374
2020-07-08,8915.877857172361,8915.877857172361,8400.030344188683,8446.868939553051,34028486493.451122
2020-07-09,8436.761508886637,8481.93183327281,8307.423450055641,8337.942775633,16046686236.147358
2020-07-10,8464.20263683981,8851.336721983584,8375.831587695115,8556.329871226522,33742187669.356884
2020-07-11,8537.67659028995,8777.613976529554,8147.105754956978,8615.563737106455,16892459122.67084
2020-07-12,8612.870390044875,8612.870390044875,8055.78478976864,8297.88926354166,18797582897.07283
2020-07-13,8311.993562626269,8527.191341183801,8283.181893540721,8345.149292531552,19160464036.627697
2020-07-14,8403.717473034278,8490.812547309406,8107.446746177704,8445.787798943144,27579194741.860943
2020-07-15,8499.579703770061,8499.579703770061,7959.347362835592,8226.064522322435,36934154401.6868
2020-07-16,8186.980410355718,8285.518277108418,7856.123696687568,8268.114133789859,27524169820.333748
2020-07-17,8224.045604741788,8354.201141046382,7969.286025812932,8286.68648068755,29454047390.250607
2020-07-18,8339.71323252739,8339.71323252739,7842.98985080894,8006.68672848208,17141215941.187113
2020-07-19,8063.953481121748,8324.538938329606,7971.284101745595,8096.630811137897,12706812692.105574
2020-07-20,8064.7826227695305,8344.260053914566,8064.7826227695305,8236.893084781539,24818732497.98365
2020-07-21,8106.158100427717,8829.184186222918,8106.158100427717,8508.640850185164,21020575438.11989
2020-07-22,8491.001068151198,9163.103792008947,8491.001068151198,8781.887866248851,35090947291.06346
2020-07-23,8836.64520271887,8836.64520271887,8198.513255455884,8423.322672997023,33010229381.19561
2020-07-24,8575.398759563608,8575.398759563608,7844.246485078778,8190.546246672879,37543204657.882996
2020-07-25,8092.4269457516675,8432.407513951513,7958.377293866002,8321.194125038417,17503794445.92598
2020-07-26,8285.698303008776,8560.177017252729,8285.698303008776,8453.614101188674,22853152870.06905
2020-07-27,8420.695426801034,8847.182064399069,8390.635348611946,8588.461339751511,23219053144.25295
2020-07-28,8704.904157170871,10031.292895825032,8704.904157170871,9585.426634219326,31944551864.8827
2020-07-29,9582.077342327968,9768.860864564873,9556.912722052997,9754.386220729077,25644821194.930702
2020-07-30,9665.882083844654,10141.958691135158,9665.882083844654,10091.565788838772,25387027248.125477
2020-07-31,10147.946890873967,10584.128889452206,10147.946890873967,10385.432718501988,24448147479.104683
2020-08-01,10343.409257249994,10796.14108224187,10215.696767196878,10593.574835276955,20712881252.267914
2020-08-02,10463.868453200173,10760.835736260735,10350.19958604149,10498.676772603832,11264725672.097868
2020-08-03,10404.947388760824,10808.371172372514,10254.463421613942,10742.971286779552,25198547213.373856
2020-08-04,10929.258916043884,10929.258916043884,10377.15210367844,10499.269599738653,20494435457.33945
2020-08-05,10539.608761746687,10635.983614652276,9800.937991133249,10429.926562586586,10688596630.21188
2020-08-06,10441.16585723409,10708.789799075792,10057.78176117776,10283.27234106746,18430958328.854385
2020-08-07,10257.57508765064,10473.826194271704,10244.429733509172,10313.671999427996,16032926643.145267
2020-08-08,10343.803272754254,11871.549277128632,10343.803272754254,11035.007712847811,30366472410.221386
2020-08-09,11065.93177110336,11065.93177110336,9844.954817724732,10422.36664263877,19652865956.68934
2020-08-10,10452.817549130039,10830.726630965208,10288.181741739272,10642.151485449996,24403644635.153534
2020-08-11,10654.373473930957,10654.373473930957,9777.149794190324,10132.589563067027,35267967906.82865
2020-08-12,10220.621332818277,10220.621332818277,9950.210527123938,9994.199100915255,25690916329.939346
2020-08-13,9996.508195255532,10439.896082454481,9996.508195255532,10325.691872780284,34723822816.86847
2020-08-14,10224.712921916864,10410.107445438518,10224.712921916864,10350.76678883936,19502537254.12546
2020-08-15,10287.376323640745,10287.376323640745,9370.92034182734,10021.277626606709,26869850177.388096
2020-08-16,9822.954669049659,9884.643453016448,9346.937345986178,9811.24055368494,31701010836.601147
2020-08-17,10010.096456523119,10198.841056496316,9960.103783108416,10016.177083798008,22429575297.70355
2020-08-18,10102.592111526588,10117.423884023829,9499.872238161463,9801.72072675863,29177475482.16
2020-08-19,9720.35953499084,10224.134630020222,9419.243533627903,9870.271586441726,19999323874.54765
2020-08-20,9842.452734353836,10353.130882357162,9842.452734353836,9888.70091533128,18697435071.26365
2020-08-21,9825.722105596898,10121.727688305093,9060.465820754192,9700.340837174952,30004994466.118298
2020-08-22,9849.97317425258,10645.553156615428,9849.97317425258,10329.100659662608,22245097697.90473
2020-08-23,10182.440118121502,10935.17464276016,10182.440118121502,10530.699611740369,20045151632.80243
2020-08-24,10542.754741621933,10542.754741621933,9578.487372890899,9896.179914015214,23210341013.565044
2020-08-25,9885.4398034582,9970.099859995586,9883.799410459489,9956.483567313302,18229218388.014465
2020-08-26,10038.807619708054,10130.382864200277,9340.891402624995,9763.789827250856,17434571994.980556
2020-08-27,9753.63458485487,10121.367508393345,9753.63458485487,10018.361119845267,27216781235.07187
2020-08-28,9842.21740534075,9973.852221099136,9394.997727600921,9785.177531827632,32006562670.709934
2020-08-29,9760.605205893788,9782.653516335551,9334.87833044391,9756.388627119832,26489328343.370155
2020-08-30,9661.540703051252,9921.010226991952,9483.742764157392,9909.072385797948,19995841326.011616
2020-08-31,9916.957980670526,10427.907296866411,9916.957980670526,10171.391848613215,37657496484.141304
2020-09-01,10317.267614800527,10317.267614800527,9096.853527131754,9810.216991818115,29645398640.43737
2020-09-02,9639.575600948467,9945.73718028483,9592.655208027956,9716.676209085095,19703169080.151405
2020-09-03,9638.921156934803,9638.921156934803,9250.066535551277,9583.087853022413,30383080368.18634
2020-09-04,9530.122801703876,9530.122801703876,9392.47020538598,9400.052053967876,29295568720.64154
2020-09-05,9364.178532344906,9976.043991065815,9364.178532344906,9902.612932721078,38343664914.21274
2020-09-06,9975.904712453152,10568.684856280568,9835.086779186538,10027.875553041762,15683943159.18564
2020-09-07,10010.472734819456,10058.833133767179,9385.789393543582,9653.569869391313,26595321207.155888
2020-09-08,9693.709676037568,10132.095556569004,9693.709676037568,9924.215987416475,34872566747.85041
2020-09-09,9862.112918965504,10893.529981906313,9862.112918965504,10561.000189155817,32965516832.891537
2020-09-10,10585.28249971032,11571.595859588992,10585.28249971032,10893.396663609718,31118643213.280167
2020-09-11,10978.125244781386,10978.125244781386,10251.30445151391,10402.310370404157,31567724320.90478
2020-09-12,10326.134298399433,10417.269180916639,10079.874083243536,10256.396932052969,30612989442.935005
2020-09-13,10336.53612228115,11203.363107555202,10336.53612228115,10651.343439230037,21733486129.863365
2020-09-14,10656.921842695843,10656.921842695843,10110.49182647237,10430.54019535679,25968444121.066994
2020-09-15,10539.587345966765,10701.282906263521,10369.317956056086,10574.633756997251,14186638750.739113
2020-09-16,10553.334340250402,11223.757077232354,10350.080250072344,10825.665216197154,29455103401.999233
2020-09-17,10866.937486219647,11061.993601744383,10385.076806004048,10530.038879885373,31367851159.45878
2020-09-18,10525.763027901967,10570.962818718484,10237.709484037365,10516.49976991522,10996338200.625538
2020-09-19,10506.381607599094,10506.381607599094,9105.863376830985,9499.154402718072,46264557271.131355
2020-09-20,9523.750603890849,9523.750603890849,9139.939847200787,9211.979488721314,23824317805.364647
2020-09-21,9261.430082680237,9261.430082680237,8824.984861840487,9146.785899561532,13365289800.318304
2020-09-22,9032.490872391798,9032.490872391798,8056.181917001446,8808.963124076132,25193231201.083504
2020-09-23,8935.251380011261,9345.283554639187,8934.23064607072,9244.763135027932,20753723978.86102
2020-09-24,9072.841691819445,9072.841691819445,8760.720642674081,8852.745967929992,26075912114.50896
2020-09-25,8792.121291497186,8792.121291497186,8403.892006434695,8740.304279254462,19933237738.1194
2020-09-26,8732.064875628384,9188.910715026781,8666.203681890931,8778.955804207864,25863120127.530506
2020-09-27,8815.156352489934,9258.771786233108,8815.156352489934,9162.931517304867,36630689810.12959
2020-09-28,9307.355126616383,9307.355126616383,8659.631553345067,8772.811786277103,31567113492.863712
2020-09-29,8609.787371574706,9153.913609983656,8609.787371574706,9083.324692398504,14153827859.197006
2020-09-30,9037.209186272625,9289.093732660762,9037.209186272625,9090.654861219842,28851410239.139618
2020-10-01,8897.311769371167,8897.311769371167,8298.348592121172,8827.5234969511,30591831633.37322
2020-10-02,8830.314934128226,9222.409018079947,8176.294722691324,8954.31413701203,12218449983.48118
2020-10-03,8978.641538626856,9311.881688071186,8731.10736468853,9012.26458546602,28083700126.78279
2020-10-04,9155.63130676482,9155.63130676482,8346.058098400548,8854.491318590237,16457165866.277115
2020-10-05,8865.17291302075,9109.180178249826,8745.448532631443,8877.460422916442,22144337245.564114
2020-10-06,8970.14334058799,9412.288788024598,8764.10541868731,8779.280966931343,21470768157.622993
2020-10-07,8830.537664708789,9105.8774878595,8499.709435643863,8813.568627472236,19115265465.129597
2020-10-08,8775.20772892935,9433.733253596274,8683.773281069858,8993.047435993343,33454278271.883106
2020-10-09,8866.338927679808,9443.57365325511,8866.338927679808,9425.437693567688,27760986587.74077
2020-10-10,9451.357863849062,9519.72364231201,8956.597153175415,9080.141826604726,15722367135.051119
2020-10-11,8944.656847250297,10010.642255819035,8944.656847250297,9665.729264400834,47591810534.33908
2020-10-12,9790.920473458453,9790.920473458453,8728.757406206636,9104.5115639173,44906708063.83709
2020-10-13,9089.756601096631,9114.686358194029,9063.36800517574,9067.605945109806,24648885892.78217
2020-10-14,9175.979923130624,9673.80127201488,8997.59965285323,9232.17860605626,22871206785.42131
2020-10-15,9187.844351805095,9493.170279295777,8944.897360672945,9314.619708652664,12916007549.80564
2020-10-16,9339.66213698964,9339.66213698964,8527.296683850911,9145.270741910306,30508376961.576973
2020-10-17,9164.416261708659,9774.53698806987,8467.814762382239,9092.743347473272,12170629048.52325
2020-10-18,9088.647601429406,9237.760857097122,8306.79683387741,8962.807790079494,12997084501.420813
2020-10-19,8924.029349508264,8965.990790850687,8583.290825106658,8808.818302932395,24312323321.48626
2020-10-20,8843.389040518385,9065.994709301594,8843.389040518385,9037.74242715732,16633655650.693323
2020-10-21,8954.038176948754,9603.22072128439,8954.038176948754,9139.059718510654,11292983782.343088
2020-10-22,9028.52870154032,9028.52870154032,8579.74782053676,8953.652983251424,22207762199.921932
2020-10-23,9064.931390462432,9472.901528844703,8940.12457925292,9199.770962995217,16247509608.444363
2020-10-24,9266.668752489508,9442.46944965,9019.329527543776,9289.1834047498,14494216271.026056
2020-10-25,9295.304197121202,9692.109718778684,9295.304197121202,9520.352755592236,14409596663.679098
2020-10-26,9678.880184293277,9710.659103123851,9544.085110236472,9704.941592376264,16836068631.47194
2020-10-27,9678.955105179495,9678.955105179495,9346.459682486708,9468.433618331352,30233917102.8364
2020-10-28,9593.67289468354,9593.67289468354,9302.704538083926,9314.046725339933,30447070976.630936
2020-10-29,9330.399777647512,9928.413798411397,9027.440090216485,9527.513575372575,23416860050.076042
2020-10-30,9429.880308545315,9915.938366143266,9429.880308545315,9706.736661857896,23917954817.852203
2020-10-31,9886.121056678387,9901.60040929149,9624.270078082161,9705.503442136132,10666635223.96092
2020-11-01,9801.656917456849,10091.695052733305,9653.946230453845,9744.517833534008,11844035176.894484
2020-11-02,9732.724917584954,10179.166379590133,9732.724917584954,10122.896943319494,21034617421.02325
2020-11-03,10196.507740523553,10235.974834976198,9288.577134736117,9948.305905677107,24478821203.460518
2020-11-04,9908.144253111272,10143.354143220922,9333.62722935823,10116.560821872175,28983909213.368664
2020-11-05,10200.442188307941,10566.597177874924,9893.177120055258,10060.25427430062,23330101920.14385
2020-11-06,9819.705690734754,10113.320173610047,9819.705690734754,9999.586553781724,18918541103.67333
2020-11-07,9897.610636742313,10535.498806757198,9897.610636742313,10334.205774100745,16504714938.016754
2020-11-08,10435.404491138292,10669.584319599891,10100.719349424426,10595.27354898027,32086569025.765514
2020-11-09,10568.821861775798,11508.66024530938,10568.821861775798,10859.151899599508,21578289295.653763
2020-11-10,10881.689232657392,11856.367163353996,10881.689232657392,11289.873255607212,34526539613.535904
2020-11-11,11137.822861329689,11491.94902427198,11137.822861329689,11302.632113532458,20488533405.515717
2020-11-12,11511.489722004051,11598.149611300254,11050.111763001034,11539.519336187544,29965362883.733524
2020-11-13,11676.900734627392,11690.26629809637,11013.73068550796,11437.879218743048,30624873279.82445
2020-11-14,11414.925085855408,11933.476121754828,11414.925085855408,11554.831425948718,31326593002.666866
2020-11-15,11508.069501900362,12316.742270187395,11379.617916800558,11515.495410027392,21406896669.687866
2020-11-16,11634.05945300812,11634.05945300812,11501.90927593698,11554.76185542235,20919991511.42125
2020-11-17,11783.83159479349,12044.304679340701,11296.913765897958,11766.846167215215,18124330664.42565
2020-11-18,11879.073669320576,11879.073669320576,10742.186308403267,11483.893282985562,35621223362.27533
2020-11-19,11733.300783626422,12212.72166060567,11733.300783626422,12210.497795046516,31280202520.21456
2020-11-20,12097.874106348829,12174.762710530063,11744.9079391851,11848.08385338662,16277271833.019053
2020-11-21,11751.002214625518,11751.002214625518,11082.487503188722,11422.433640369229,25355705919.65258
2020-11-22,11286.627630136521,12015.325033169749,11286.627630136521,11824.998195211749,16960953453.969
2020-11-23,11877.236384059954,12506.315958187213,11877.236384059954,12111.7529921292,24912888457.22013
2020-11-24,12133.021660326916,12859.43045399886,12133.021660326916,12344.58442047412,25305816329.653755
2020-11-25,12325.826685759263,12985.540986036884,12325.826685759263,12583.45663821452,19997291229.589718
2020-11-26,12685.289346775424,12685.289346775424,12385.137676112361,12585.12516448131,11448172094.731075
2020-11-27,12740.215261885282,12740.215261885282,11526.51460344592,12252.655969977735,36496859504.71449
2020-11-28,12065.721803704544,12732.539263960538,12065.513145981668,12286.64651313784,26173553402.17025
2020-11-29,12213.29867028732,12213.29867028732,11504.595565638565,12043.188438946989,32083567525.968067
2020-11-30,12141.95987745718,12629.730252757261,12141.95987745718,12401.516554169031,22495857590.421135
2020-12-01,12343.509863860056,12412.51241296527,12343.509863860056,12353.005275912772,26203024556.13486
2020-12-02,12254.402837187592,12396.617346371171,11516.324774530622,12053.260641733856,24489455990.41191
2020-12-03,12176.027612622169,12432.816890861479,11862.543152002328,11943.074852574528,15303471261.222662
2020-12-04,11789.068894023392,12293.498710317112,11789.068894023392,12096.9965280227,14097974194.494936
2020-12-05,12060.514429144992,12093.447901473935,11758.607834207776,11898.463807545788,19674767839.940044
2020-12-06,11937.567398011835,11937.567398011835,11409.13506353616,11610.918250895364,15832537114.103115
2020-12-07,11544.2924897839,12121.660951028307,11544.2924897839,11701.60667876345,32305860354.957905
2020-12-08,11793.2484733126,11950.287401990463,11480.406191159678,11793.452556039618,11845896366.630434
2020-12-09,11726.362319867481,12098.235340627227,11057.503907332193,11619.990973697211,21591395575.910892
2020-12-10,11783.672431689367,11783.672431689367,11104.028085563608,11461.597143397546,21637496213.030285
2020-12-11,11447.184609355842,11781.960526412873,11378.098713345233,11547.11782894356,17207421297.735046
2020-12-12,11624.630182579438,11624.630182579438,10952.028610219004,11051.2553723325,30628340716.80139
2020-12-13,11133.700384515401,11133.700384515401,10350.789419484465,10590.153752080398,18423457474.637985
2020-12-14,10523.69630093399,10993.391179639795,10324.731130724515,10367.19578599573,31084372956.25009
2020-12-15,10154.306815057487,10722.498192483095,10005.590479995353,10305.99393153593,17631811159.581936
2020-12-16,10343.17339771925,10734.13793371061,10239.72051758307,10407.273273031347,23971826061.91903
2020-12-17,10414.79651886119,11198.014050090052,10414.79651886119,10873.109969413654,35195354071.940994
2020-12-18,10933.545544630522,11266.326190229624,10933.545544630522,11158.309346380403,35067698601.19149
2020-12-19,11133.03271025739,11262.301363464145,10388.731231560349,11110.349193241478,27864033258.977398
2020-12-20,11062.527172880285,11128.567798865308,11020.047756524427,11109.566066534197,22181804668.653866
2020-12-21,11332.698702617718,11332.698702617718,10434.110109135288,10780.990863264937,23022865793.712242
2020-12-22,10622.25650641855,11118.297292537234,10144.450716903164,10780.393660197036,20075207721.403625
2020-12-23,10859.516411035602,10859.516411035602,10603.634053814809,10692.428244197865,27445209939.8822
2020-12-24,10630.989352821778,11080.120618704168,10612.354087968997,10801.293809804538,30356022491.21501
2020-12-25,10765.025374751895,10765.025374751895,10030.462454195065,10538.639522613325,15012062935.588364
2020-12-26,10505.221198172358,10921.05108049127,10331.13457450899,10708.105013402035,20542892969.29179
2020-12-27,10622.072427610112,11340.206131491508,10622.072427610112,11205.840943065516,37385665035.61254
2020-12-28,11269.85141949287,11590.011389531448,11167.75017538668,11174.881395800496,19147829579.67871
2020-12-29,11330.284168286198,11396.865949046747,10431.988903314503,11315.141261991148,18733671947.421986
2020-12-30,11368.323971711865,11816.218615974214,11368.323971711865,11555.071135341914,22091249508.48301
2020-12-31,11567.016998545358,11567.016998545358,11002.255345376596,11421.764738101696,24601513799.383003
2021-01-01,11309.095825013223,11704.616377074322,11301.126771131378,11504.261568675223,32162653738.975258
2021-01-02,11563.71849910867,11927.454519249251,11360.780236431692,11514.359687630704,20034172776.844566
2021-01-03,11762.649540350916,11762.649540350916,11548.76604028924,11553.857199421793,14655956803.522282
2021-01-04,11509.872286222631,11509.872286222631,11149.5797938449,11291.696788328842,16264968175.36899
2021-01-05,11249.241862574523,11550.6551063994,11179.19189717513,11305.645480401838,10980988445.195568
2021-01-06,11242.210732424059,11557.586862133554,11159.014075232823,11480.204067062048,24445961464.24161
2021-01-07,11424.018314208839,12534.309909957617,11424.018314208839,11985.72691153857,30090843719.596287
2021-01-08,11656.68280413171,12545.474214890404,11656.68280413171,12336.646519664238,18234263917.439384
2021-01-09,12386.614303496817,13952.332919316013,12386.614303496817,13139.70636904393,39468694923.22479
2021-01-10,13028.603295873872,13143.707865412154,12631.415089094202,12843.79457244794,30412192910.497036
2021-01-11,12636.975685394427,13253.657018116875,12636.975685394427,13186.333681514585,19230936107.29511
2021-01-12,13285.651821541951,13300.6378417775,12677.451845211555,13265.45511432046,17894958919.680546
2021-01-13,13121.92053071676,14447.702183523455,13121.92053071676,14143.54981747181,49541516054.083084
2021-01-14,14095.6499911194,14434.571155098503,13546.354469883918,13807.655380391618,21637861732.093708
2021-01-15,14010.136692118911,14010.136692118911,13231.553083723671,13466.721513715222,31442289482.53624
2021-01-16,13276.94634666798,13379.042636683072,12799.132495296097,13231.299259465168,22385575673.032845
2021-01-17,13028.516600600258,13028.516600600258,11978.532941346428,12394.857911367651,42219139374.14624
2021-01-18,12428.238030910421,12428.238030910421,12151.508429516041,12205.555576625704,29256734494.292053
2021-01-19,12345.85689568628,12345.85689568628,11742.976688740475,11933.689277695254,28557235338.176846
2021-01-20,11745.81222893199,12003.398703189034,11355.833787020703,11993.498703847195,28453546232.55336
2021-01-21,12042.394967150482,12341.469714313085,11951.98002038277,12122.460948774582,31879460873.482224
2021-01-22,12192.892391118998,13105.260284924627,12192.892391118998,12810.836411197695,33865064017.117367
2021-01-23,12547.040730187844,13529.734079400954,12547.040730187844,13182.51355877242,19028573211.2503
2021-01-24,13287.776105909019,13316.181446384124,12648.654654112912,12960.953607665557,20993250335.05653
2021-01-25,13074.57008907397,13074.57008907397,12335.25290087459,12618.104758195625,31823165583.28539
2021-01-26,12578.763327941238,13093.809397035198,12578.763327941238,12810.626439733736,26529607954.00563
2021-01-27,12971.059853939329,12971.059853939329,12114.267859172274,12309.641320099408,18857298182.872036
2021-01-28,12449.534925061072,13106.552476881972,12449.534925061072,12992.134155766027,17137349715.352041
2021-01-29,13005.531375013848,14110.443032383298,12988.07002918371,13458.333551157028,32148922218.37094
2021-01-30,13397.576524725775,13397.576524725775,12818.16640673414,13275.633045329403,17060800523.470789
2021-01-31,13146.483984147479,13146.483984147479,12337.988945203784,12599.982500887258,30168855523.629776
2021-02-01,12595.249505280399,13443.736524883958,12595.249505280399,13118.045538825269,35187226204.811295
2021-02-02,13192.786773373582,13250.82828504386,12724.837151793063,13079.528394413665,21877375066.729885
2021-02-03,13037.127589825735,13823.860339007722,12734.054122274345,13571.769766596628,16056510633.699324
2021-02-04,13273.52998954382,13273.52998954382,12396.09052903344,12929.3794986404,20201695263.095722
2021-02-05,13093.416332822184,13093.416332822184,12340.043542758687,12703.35777437645,16901514943.104256
2021-02-06,12727.522510817354,12834.914510854856,12615.472511395776,12711.707831071084,15256915573.700941
2021-02-07,12663.45107419835,13073.397840724134,12663.45107419835,12735.979792436648,21714927881.92195
2021-02-08,12845.147311575414,12845.147311575414,12286.87790564853,12570.387039831872,22690021010.8022
2021-02-09,12762.040012368414,12855.09128169868,12258.75880144319,12811.55617487202,16761295865.068233
2021-02-10,12452.58770017684,13104.920902029971,12005.600619597124,12407.625579825177,14929940258.77812
2021-02-11,12461.50738753679,12461.50738753679,12044.6018973297,12360.83165240331,13935089898.045843
2021-02-12,12184.485945184702,12651.245582203945,12028.116199997832,12411.62068979282,30907451909.850655
2021-02-13,12473.568392719608,12970.682113548837,12449.137479834148,12609.37709043081,22457342672.299885
2021-02-14,12625.507913779458,12894.234327462467,12338.983939947313,12884.872389205537,33321785072.316372
2021-02-15,12966.784940881731,12966.784940881731,12296.53136948888,12456.588730294336,35941356859.625595
2021-02-16,12394.39950821093,12394.39950821093,10965.861917850218,11889.522145954375,29439958115.99132
2021-02-17,11666.802848012738,12423.22227084383,11666.802848012738,12351.195913107402,33504964438.27612
2021-02-18,12295.570055474973,12543.580120679046,11987.177265491964,12480.505775062877,15305582608.618582
2021-02-19,12531.282417662203,12688.822315602758,12163.265202801309,12206.501311688882,28986088030.401245
2021-02-20,12330.445189607412,13277.920893645174,12330.445189607412,12780.62872106006,22713445239.116405
2021-02-21,12630.861313309497,13154.960091696668,12620.910636567578,12831.370872020832,27698962920.1429
2021-02-22,12963.15680447267,13447.961044272464,12923.933272121618,13291.746543568426,15863160434.161705
2021-02-23,13205.633000902597,13811.886214872033,12717.15507874894,13325.315573097503,26105849663.9002
2021-02-24,13373.613163614293,14327.235174372452,13373.613163614293,14155.781723353804,19476644233.657703
2021-02-25,14083.602248365565,15435.630857974267,14083.602248365565,14908.306268686898,42308650933.55681
2021-02-26,14935.464823797809,14935.464823797809,14689.423336164662,14804.411408557771,17204978469.249645
2021-02-27,14936.448642840469,15641.763594049939,14627.803739253115,15243.31969637801,29932756988.55758
2021-02-28,15056.282017857357,16012.608183241255,15056.282017857357,15546.0715139426,23672657124.959995
2021-03-01,15440.372857006823,16362.473525298592,15440.372857006823,16192.149871788666,24526592157.746426
2021-03-02,16222.099291137834,16222.099291137834,15617.659896696741,15731.52038806902,29425874665.76341
2021-03-03,16109.326011340547,16127.080657245368,15593.544369991941,16063.165124169953,35053663434.2107
2021-03-04,15924.509535369749,17662.013180621463,15924.509535369749,16581.246125843933,14316880849.903051
2021-03-05,16919.525746777825,16919.525746777825,15624.864769207306,15714.673980038197,43207527090.46864
2021-03-06,16029.66256739066,16029.66256739066,15046.617272922289,15164.695664208788,29944706792.188545
2021-03-07,15149.938724357551,15149.938724357551,13780.468221272018,14244.547951109083,42011058916.74931
2021-03-08,14202.077471547096,14292.308053458997,13356.975997551912,14136.542867936576,19017843292.8395
2021-03-09,14038.708774453271,14456.33533141731,14038.708774453271,14447.918145129011,23718074196.902687
2021-03-10,14438.06429937364,15583.837971422461,14438.06429937364,15106.320055604798,39852915592.61594
2021-03-11,14893.816515837963,15194.91638600936,14893.816515837963,15147.452199656724,18795156949.82061
2021-03-12,15135.903930950597,16337.318534274893,15135.903930950597,15895.107209601323,30907033220.346348
2021-03-13,16133.037933929292,16133.037933929292,14787.122046897659,15244.94894405254,14659409600.806248
2021-03-14,15151.789338273233,15151.789338273233,13678.66035074748,14473.532068919614,19837165982.610126
2021-03-15,14438.690759584075,14516.261043717546,14043.38848700782,14456.649692914028,23100069858.9744
2021-03-16,14210.721773764837,15350.24943162375,14210.721773764837,14630.447007394505,27265628390.51914
2021-03-17,14685.173962973271,14731.360262264354,14253.477794380726,14623.41206751588,21756130831.49915
2021-03-18,14662.088314149427,14662.088314149427,13496.678915153418,13723.732040911234,20781907236.1309
2021-03-19,13732.474382069224,13949.697103132072,13613.954057360024,13693.902120679222,19319095443.60169
2021-03-20,13664.210036650646,13664.210036650646,13150.223224806736,13164.850741959815,23709056107.20015
2021-03-21,13126.309598918153,14002.772297820584,13126.309598918153,13435.917341870856,24013395435.294453
2021-03-22,13503.352242409535,13624.014496013062,12996.14145257762,13590.402812508755,30557774918.396027
2021-03-23,13586.486520275987,13586.486520275987,12682.616395168128,13213.997667169306,32584580887.406044
2021-03-24,13255.618042928867,13255.618042928867,12754.734628128355,13016.897578595215,13421948386.659288
2021-03-25,13044.881671754853,13044.881671754853,12308.644581749197,12609.775809535764,36502958847.05023
2021-03-26,12751.43747182169,13310.584491297452,12569.453714840018,12592.369616503767,19703623234.644268
2021-03-27,12677.619215527147,13660.524125168133,12343.603092630623,12959.49095539552,32130021364.90891
2021-03-28,12984.48486851498,13179.606597229857,12244.87455723713,12582.735467413722,16522200747.763693
2021-03-29,12773.794494809617,13397.386661726146,12435.46611910759,12779.295354188407,27072045052.199657
2021-03-30,12833.00271079725,13394.645209117132,12310.935296948524,12582.395440295806,16995542633.08771
2021-03-31,12746.591006147732,12746.591006147732,12261.065548082941,12289.399452734193,23137880171.046543
2021-04-01,12363.98905432767,12363.98905432767,12093.590135496603,12256.083987049013,10617491228.826101
2021-04-02,12030.336837761683,12030.336837761683,11874.852629230632,11881.571523526953,17014501155.562353
2021-04-03,12036.606399194583,12036.606399194583,11589.469723552438,11690.16559467571,13749231535.525091
2021-04-04,11705.967921133326,11705.967921133326,11239.185668937913,11275.908949676104,20037648187.076294
2021-04-05,11270.05057701432,11992.234679539748,11270.05057701432,11946.168755448103,19133587339.540493
2021-04-06,11979.779103829873,12022.159165861745,11595.902568017109,11964.779770108951,24209577422.069168
2021-04-07,11923.50329453683,12060.44983920466,11569.403896615058,11719.60031191424,12748990339.893606
2021-04-08,11746.207186944519,12223.265132886996,11475.29319948274,11800.692882927724,23901628137.84904
2021-04-09,11730.847406091023,12258.373703731611,11678.559144259609,11766.826764872994,13181902599.778614
2021-04-10,11916.768174071103,11916.768174071103,11410.24189637134,11694.706848315109,30674733488.5608
2021-04-11,11681.423051412596,12382.30587925192,11321.720095545357,11916.029187129414,34086142815.910072
2021-04-12,11870.440384765368,12591.839187657913,11870.440384765368,12192.781721194957,17880057523.60857
2021-04-13,12080.007535401324,12115.766543697755,11724.038816787592,12004.829571185795,25724194500.411896
2021-04-14,12037.095646601698,12037.095646601698,11729.367767866157,11803.453990683804,12331516422.15992
2021-04-15,11825.53909116037,12050.967996716781,11144.309726458509,11711.958916107482,30855487219.089283
2021-04-16,11757.45104728144,11757.45104728144,10817.326246179313,10909.014712280492,34486464248.90931
2021-04-17,10796.951652740378,10796.951652740378,10414.074802552965,10418.591971953434,15748661896.059113
2021-04-18,10251.771436117624,10993.08549710801,10251.771436117624,10851.02842602343,23843799224.053665
2021-04-19,10918.911516089147,11480.387372418567,10845.59082267591,11391.94168280924,17288066625.284763
2021-04-20,11561.071217912786,11561.071217912786,11199.237267402183,11312.527532464324,19103846423.882427
2021-04-21,11196.420996351022,11550.917126107399,11196.420996351022,11513.853291788628,27562694550.455456
2021-04-22,11696.859229337042,12043.578187950025,11577.260377688151,11627.120876928348,21306057454.24164
2021-04-23,11660.131558910593,12950.119372273293,11660.131558910593,12706.89001713373,34088067174.36138
2021-04-24,12705.992541620442,13450.578053128565,12705.992541620442,13140.03292010854,16604212781.91371
2021-04-25,13087.794890508963,13873.815556565965,12802.334727239055,13096.177695675047,15396031860.454435
2021-04-26,12914.858755622508,13519.232628676587,12376.269237368673,12727.30796235768,15383618515.526546
2021-04-27,12853.019212411427,12853.019212411427,11408.22677464817,12120.29950505143,38621783917.23521
2021-04-28,12026.293691064959,12370.649246323403,12026.293691064959,12200.340860956878,13543809772.789558
2021-04-29,12105.201788460394,12105.201788460394,11762.22702522832,11929.608924300135,26768848767.246025
2021-04-30,12047.94185388689,12047.94185388689,11292.30986843434,11426.565812363226,23962078307.145683
2021-05-01,11211.405469593376,11419.682350508017,11086.328860140633,11210.635866840808,17263357483.023495
2021-05-02,11039.830864211643,11219.109633445767,10835.763454215637,10852.495959543336,30069760841.378735
2021-05-03,10850.527941499327,11717.169582992146,10850.527941499327,11407.21314085718,28923337064.53915
2021-05-04,11440.668720782709,12465.187215326012,10611.901590483185,11714.628326056889,22854548078.395126
2021-05-05,11771.413188434068,11771.413188434068,11617.302774093312,11717.68374432588,21914047796.050644
2021-05-06,11682.319951324565,12447.869208162334,11682.319951324565,12243.788107561502,28726603633.780155
2021-05-07,12553.601208127997,12553.601208127997,11860.704387940837,12278.328436567625,16523017872.509686
2021-05-08,12250.347039719858,12250.347039719858,11897.300202080309,11967.213691751853,26548236158.871937
2021-05-09,11939.595019758748,12942.241379472907,11939.595019758748,12520.02383794988,34194670030.33074
2021-05-10,12420.2409170291,13099.736626390786,12201.876523340838,12728.69884767213,12289573886.21047
2021-05-11,12744.470573198836,12744.470573198836,12149.050866665433,12338.979379216142,25231927823.55553
2021-05-12,12414.859318828569,12510.910975217332,12115.639840910362,12274.691318187522,11734789558.274267
2021-05-13,12422.426809154951,12422.426809154951,11704.285133909418,11958.390350660566,17265642398.636353
2021-05-14,11780.295924887841,11780.295924887841,11164.88000853925,11468.287777046098,29902950961.16174
2021-05-15,11440.076323725349,12031.53671933317,11440.076323725349,11792.672040366571,35052398190.87172
2021-05-16,11845.350332181768,13182.715248097438,11845.350332181768,12474.082103271236,43636507197.96302
2021-05-17,12547.312142129998,12547.312142129998,11620.62954034459,11956.943742039088,16124517070.592773
2021-05-18,11957.726761368634,12445.559320158498,11821.850157879027,12164.86395865834,21578579567.554234
2021-05-19,12230.849096631075,12230.849096631075,11216.104472610867,11933.4970404653,25779729734.65662
2021-05-20,11836.959358244567,11836.959358244567,11667.169732239492,11765.070509220788,14767916154.011845
2021-05-21,11948.359181800022,12609.202236001156,11498.097039857552,11561.86635583827,29679907253.6353
2021-05-22,11676.632690515244,11676.632690515244,11101.774706452099,11267.966914664714,31210328314.50077
2021-05-23,11116.420896592077,11451.345521869425,11116.420896592077,11290.003101071885,28615708718.787342
2021-05-24,11168.623933599785,11168.623933599785,10846.030326183616,11014.20522088892,12654030706.065258
2021-05-25,10898.895110830023,11340.607010741689,10898.895110830023,11109.078332975245,15568346178.47309
2021-05-26,11184.39454811619,11371.70367516477,10724.657651753858,11097.8898993466,26811067721.940132
2021-05-27,10955.312226323253,11132.32447305823,10955.312226323253,11023.884270822651,24972789912.53132
2021-05-28,10987.39253131129,10987.39253131129,10631.487335591732,10729.249909595546,35341343460.21744
2021-05-29,10778.03628063702,10778.03628063702,10272.24780091315,10548.964822159616,13016066629.406456
2021-05-30,10541.98500100006,11068.817005592298,10541.98500100006,10793.297168616817,27020797439.39592
2021-05-31,10821.239667520138,11048.148486807946,10769.263648279632,10960.890259088052,24700858977.774033
2021-06-01,10844.068793518729,11099.275823215781,10349.139642482669,10644.924431404612,13801828896.880415
2021-06-02,10708.246229929653,10710.379567825996,10618.736835389382,10681.968440167057,20975846652.95978
2021-06-03,10616.46533934142,11129.974458900122,10533.413208905567,10928.0982305333,27303433907.555866
2021-06-04,10892.623473639456,10892.623473639456,10198.930852873154,10386.259532688606,20681025021.518837
2021-06-05,10410.950966940465,10735.179639419934,10174.007640617057,10560.75706178864,18065103687.16402
2021-06-06,10571.642902348123,10571.642902348123,9904.84607431685,10356.103184071646,27226639661.971313
2021-06-07,10358.586579584462,10735.271552387157,10178.506878358032,10538.55659632302,22777916435.74731
2021-06-08,10459.45136386182,10509.74550630373,9971.23157904034,10302.516380054629,33243569938.70264
2021-06-09,10271.655252899474,10271.655252899474,9485.977531281638,9749.822816059748,25885795771.95974
2021-06-10,9750.035712297387,9750.035712297387,8821.396583060845,9278.650215618414,22743153978.56405
2021-06-11,9151.06086666622,9388.326212294758,9128.44532750556,9296.674442747451,30274203598.176037
2021-06-12,9253.674258678913,9385.26644149464,9091.931522370165,9373.759446287642,30562851254.53586
2021-06-13,9410.099625569841,9410.099625569841,8851.963415949118,9124.140930800562,13397217228.652878
2021-06-14,9007.585814764081,9976.874345205513,9007.585814764081,9303.5012290029,30410511432.98636
2021-06-15,9411.103817173394,9411.103817173394,8699.245916588241,8844.414361377434,18230162827.58733
2021-06-16,8956.704219108768,9020.83593943349,8641.027972531243,8831.303454953526,10706092069.887064
2021-06-17,8721.34042911939,8721.34042911939,8363.69688461337,8514.873560211996,21018287588.843277
2021-06-18,8630.47315539483,8630.47315539483,7964.470544903619,8352.621935794617,18318907533.48092
2021-06-19,8340.629108520085,8410.040241898027,8340.629108520085,8368.675342215465,26893510861.44236
2021-06-20,8403.699466931223,8403.699466931223,7792.266563544694,8156.844076461639,30342323870.18683
2021-06-21,8116.333024535431,8116.333024535431,7669.1604734317425,8066.819710109225,32902594321.889286
2021-06-22,8141.2800721650965,8319.590346382342,8141.2800721650965,8314.380599989647,31666229615.393425
2021-06-23,8348.144802310519,8348.144802310519,8096.7266100806555,8174.642833241989,21451690486.702766
2021-06-24,8108.088712399926,8663.217748999798,8108.088712399926,8383.674690699316,30110052320.130665
2021-06-25,8285.987945532703,8487.98210915736,7856.952095210079,8103.733685085586,40002930555.88341
2021-06-26,7985.394664739411,8294.413060880279,7985.394664739411,8236.587310820263,28170681191.01816
2021-06-27,8252.067299329654,8679.4048261262,8252.067299329654,8596.9137787333,36272596767.50643
2021-06-28,8646.128652411902,8646.128652411902,7919.619924624956,7963.756795844428,49954225676.109184
2021-06-29,8015.598119326841,8015.598119326841,7693.950926340869,7777.350274052474,15145754772.019041
2021-06-30,7768.174471067697,8441.146828730485,7551.727317441636,7915.881711183769,28387648908.380833
2021-07-01,7824.295240350789,7972.98663807749,7732.635103238999,7871.621154301821,28526688066.780323
2021-07-02,7817.93081021242,8446.802183120131,7637.545634589364,7963.202556123815,32471729559.189106
2021-07-03,8054.966412397089,8054.966412397089,7818.400734660977,7822.894465920387,16724778380.43722
2021-07-04,7784.982484760018,8271.895880769465,7784.982484760018,7847.127396230157,20700553051.75766
2021-07-05,7858.381560418387,8038.621748143405,7703.655204599281,7814.402386963835,24595754557.58526
2021-07-06,7730.346729899971,8168.073829395999,7730.346729899971,8092.075156059955,20261377800.064365
2021-07-07,8119.311709061055,8373.82412005735,8047.241943240574,8157.884971195831,23799403954.71991
2021-07-08,8120.547591123131,8352.60484810662,8120.547591123131,8244.587624176798,16761897210.427868
2021-07-09,8330.88477103744,8330.88477103744,7988.574714849554,8146.837245861583,18645485202.640064
2021-07-10,8209.857733189072,8209.857733189072,7713.366205282001,8031.737208056883,21490764319.56212
2021-07-11,7991.923409103277,8375.662641421799,7691.793596856579,7931.527265908096,23151990589.27096
2021-07-12,7921.480874042918,8503.910934770649,7814.341940130617,8029.35126721213,21329130431.44581
2021-07-13,7985.100208408616,7985.100208408616,7704.96072444171,7931.9589746092115,22273310245.285378
2021-07-14,7819.370115787277,8030.309592260437,7819.370115787277,8004.879422399785,17440099656.82983
2021-07-15,7936.242189798035,8920.024352414292,7936.242189798035,8507.281856500253,21450898484.339077
2021-07-16,8524.144763257886,8783.415144187335,8492.375635700288,8733.86259895611,13862595064.302582
2021-07-17,8762.270316621536,9029.508447969061,8649.668088554232,8652.80618823618,15211409226.10655
2021-07-18,8665.65975043074,9207.582155011292,8665.65975043074,8968.948729103167,29544941785.30725
2021-07-19,8941.886446194861,8979.765697581837,8756.127380681331,8863.632990520518,28742689657.94866
2021-07-20,8946.336590008734,8946.336590008734,8028.240738869866,8326.109170952028,21502086879.856766
2021-07-21,8331.399739295073,8331.399739295073,8058.711773254663,8078.469125184287,15791109573.311996
2021-07-22,8135.281268558695,8135.281268558695,7621.297735621265,7629.114316537332,38883852056.116165
2021-07-23,7493.790983983291,7706.4053053640455,7292.189568923116,7552.476777088937,17720794837.524357
2021-07-24,7256.238408980983,7951.861176416377,7256.238408980983,7560.426146910501,29335544330.86043
2021-07-25,7581.881731168974,8055.126781184387,7581.881731168974,7944.443774665429,36622158938.654274
2021-07-26,7831.254068384781,8170.208166737821,7683.8412269086,8026.333680730815,18239531649.19774
2021-07-27,8009.281598160671,8009.281598160671,7784.14926180375,7977.589628955845,16749836082.44755
2021-07-28,7953.489566741683,8282.754048923303,7836.12256411776,8180.078144649748,25670704494.185028
2021-07-29,8309.92875439598,8309.92875439598,7412.748477805881,7641.550395239709,19208382249.058014
2021-07-30,7672.116333412117,8160.347355264806,6981.051178890305,7699.384986026491,13288499375.656275
2021-07-31,7712.155111033797,8007.668141250253,7671.41421217763,7881.290315521415,16710715314.780514
2021-08-01,7947.25601833333,7947.25601833333,7423.111615608418,7535.635936893341,36675732140.147835
2021-08-02,7563.404573473767,7994.232192246664,7563.404573473767,7797.971176990503,27336153644.70432
2021-08-03,7762.2816569935485,7984.969756442356,7696.892413134635,7881.057719453687,11299349988.829752
2021-08-04,7965.501355967102,7965.501355967102,7630.59006117136,7786.811007724102,26277062280.427002
2021-08-05,7700.396862607465,8104.171313491358,7700.396862607465,7938.524997242501,22073138960.816998
2021-08-06,7964.1860560277355,8869.568933111212,7964.1860560277355,8483.27282012333,34090144008.280254
2021-08-07,8351.988252404924,8661.976508586227,8351.988252404924,8533.79908828645,15132978373.7957
2021-08-08,8551.203247339767,8781.94549436013,8492.982523991826,8601.613926222506,22707266799.07505
2021-08-09,8618.214150125412,9035.664399542498,8208.018906626277,8487.377379866191,33511940447.67536
2021-08-10,8629.66443908738,8629.66443908738,8177.912699224615,8275.232572222061,14335581802.118988
2021-08-11,8145.727342845195,8659.519813556983,8137.782052098336,8485.506848356657,19662227898.17668
2021-08-12,8434.518525898686,8434.518525898686,8236.237937075608,8271.820446755324,18602061429.554775
2021-08-13,8339.871259928548,8549.8352926633,7957.155959267117,8293.715848908563,15367266291.360493
2021-08-14,8321.526109346512,8333.418714687828,7802.684545937498,8179.016052735466,20004580326.816734
2021-08-15,8193.763231828252,8578.668862007002,7992.892507186516,8300.63307127332,30282094643.426064
2021-08-16,8221.267754907292,8428.13795889272,8221.267754907292,8387.871588982222,31226964098.083057
2021-08-17,8338.314504620166,8746.54202039314,8308.913469762438,8653.148079402965,18485980474.120808
2021-08-18,8760.883321493815,8771.560809110111,8280.283666646596,8525.077230776247,23946233194.395905
2021-08-19,8520.686032227775,8520.686032227775,8267.805263096308,8460.318629410835,24465212765.38258
2021-08-20,8492.075255711046,8492.075255711046,7960.956933068615,8216.129201772806,26335132674.021378
2021-08-21,8206.665179855168,8474.864310050347,7952.561158003483,8110.726141525828,21078143322.546024
2021-08-22,8014.76931536386,8433.546614675684,7959.4150302077605,8206.586933761075,15475203864.984581
2021-08-23,8283.220898173444,8578.873198777448,8283.220898173444,8397.059013938984,24351633953.879036
2021-08-24,8439.31573424543,8579.063800466516,7840.448334289202,8168.953244014122,22920589453.956062
2021-08-25,8357.299639235414,8590.285640211821,8097.265549954113,8386.15082369796,32800601005.719486
2021-08-26,8300.982637463074,9025.443084466695,8300.982637463074,8731.401405497407,35676387066.17012
2021-08-27,8803.223549100347,8990.381818162858,8753.697313533918,8844.06308905283,14316076592.683311
2021-08-28,8728.069313255852,9640.100905247451,8728.069313255852,9346.44013774337,18456413517.28373
2021-08-29,9361.146440499728,9553.709006659732,8993.229751489775,9134.148124952624,34559949341.894585
2021-08-30,9223.343683247576,9223.343683247576,8709.476555898102,8797.649386281137,28339719260.252056
2021-08-31,8615.350203956958,8615.350203956958,8289.006813579981,8332.591497790121,41511126778.67806
2021-09-01,8315.515311865254,8745.092267340902,8315.515311865254,8710.735576845977,16228950376.63272
2021-09-02,8661.675866170466,9352.49999113513,8517.81932564176,8886.091130726483,24663263283.061977
2021-09-03,8823.714565501194,9009.644103278557,8805.557129892126,8875.716262756394,21031244724.55704
2021-09-04,8909.906644779172,9165.253417684444,8769.194107794106,8954.701783578423,29635834127.385666
2021-09-05,9055.055846519754,9055.055846519754,8470.940268325214,8656.82657109299,15928060010.152391
2021-09-06,8645.288863859421,9458.09947056585,8645.288863859421,9296.328506082042,25748633048.838856
2021-09-07,9315.431199423434,9358.291011673615,9128.982037372207,9337.015147062662,18924283823.68688
2021-09-08,9347.688172650223,9616.706706981036,9122.846903292708,9372.326280263263,28349909341.93927
2021-09-09,9372.495310763472,9777.486903747591,9372.495310763472,9581.076091478504,35187315547.49594
2021-09-10,9476.705344462387,9953.414985307598,9321.240733162509,9724.124211023434,34311850788.62316
2021-09-11,9831.910740905354,9862.13378070965,9367.288490515311,9794.298554957568,31289929737.51764
2021-09-12,9823.21087063545,9823.21087063545,9073.456304335343,9566.93141973408,12467845144.931322
2021-09-13,9604.709461071849,9867.067077573778,9456.708685172436,9707.03004862279,12558300574.832462
2021-09-14,9628.74191658824,10267.764131299118,9628.74191658824,10259.94961383292,20329768451.50067
2021-09-15,10212.833832382781,10837.182530600237,10212.833832382781,10679.197845129562,23914584633.57773
2021-09-16,10660.388125683095,11288.645432510737,10660.388125683095,11194.956099755029,39444198151.80802
2021-09-17,11023.21151380793,11217.658834182255,10708.523202264696,11028.862466150296,31985544360.783077
2021-09-18,10842.691482042837,11055.510020655662,10441.821544672823,10706.950433629232,17746172520.393578
2021-09-19,10642.628650464707,11104.455998360527,10248.505904082194,10671.900079284873,23126351248.301548
2021-09-20,10727.662973373119,10871.187392570584,10613.273596801719,10695.076750200673,28962870133.60669
2021-09-21,10625.223205063408,11079.975548681356,10315.700337304925,11051.498156659734,25698050441.44352
2021-09-22,10938.904919028044,10938.904919028044,9555.906789628274,10495.895813672909,18139373969.991386
2021-09-23,10410.387256300142,11286.48163002258,10410.387256300142,10982.763785424608,28042199413.52503
2021-09-24,10932.75460267573,11610.917062680788,10565.165795920635,10936.19426452759,18258613628.112675
2021-09-25,10897.49556093114,10981.621639946627,10503.909965051942,10801.608732396022,24205584912.101845
2021-09-26,11035.519886679474,11035.519886679474,10190.303278389774,10479.038873025029,24379431187.887615
2021-09-27,10589.552978647154,10589.552978647154,9587.845403855874,9964.039170648552,15431984096.687754
2021-09-28,10066.148064606969,10958.757713542063,10066.148064606969,10215.08430851554,37408244361.52622
2021-09-29,10334.455777938823,10556.510791921946,9600.92402909833,10242.660327154554,21434220271.84273
2021-09-30,10140.354498231934,10404.351659760665,9736.25533240697,9851.402717377385,26910925666.306625
2021-10-01,9730.982656480273,10222.677007807448,9472.618798940728,9473.578142706312,40249950168.79002
2021-10-02,9368.717920699431,9668.280450374903,9358.762677243856,9382.88245414216,14372988572.822077
2021-10-03,9508.097595976566,10122.153970468275,9508.097595976566,9857.380878925936,20755790179.280777
2021-10-04,9803.442100157581,10037.555150130303,9716.666155480656,9785.542844667412,28066789404.225864
2021-10-05,9663.090849314993,9663.090849314993,9335.082387777837,9349.163523007834,22002365751.214638
2021-10-06,9308.868983471333,9692.75610542217,9007.24092226916,9284.913342045802,27770275715.46298
2021-10-07,9262.75902519677,9316.442168040543,9106.022766667707,9213.58935737361,16616008503.711159
2021-10-08,9238.31985419251,9238.31985419251,8313.719640722715,8472.755969908812,19238113430.290382
2021-10-09,8494.01843749774,8666.317921395816,8447.06291399988,8463.19153326104,20569905077.426132
2021-10-10,8393.101025899185,8419.592618606852,8393.101025899185,8408.78983420368,14829393765.331608
2021-10-11,8466.44523923494,8744.943400889571,8466.44523923494,8588.621819209313,30537034058.521988
2021-10-12,8533.723903902672,9579.887135782852,8533.723903902672,9069.315669913149,35598280732.45006
2021-10-13,9055.142475619992,9556.063183454678,9055.142475619992,9380.365544017712,38237099516.6449
2021-10-14,9444.787462292456,9559.921605761981,8953.338327326801,9309.387500548024,27601354665.881775
2021-10-15,9249.637858993388,9249.637858993388,9003.248105147726,9005.00984038213,18067218893.80815
2021-10-16,8953.739688662294,9918.454487571873,8953.739688662294,9704.706255835586,46207830221.54686
2021-10-17,9762.125902067935,9932.377350676445,9496.54964759869,9726.79953417474,23354585879.863125
2021-10-18,9643.36954754826,9855.407725176314,9484.22803796626,9735.727556844537,23593624011.28984
2021-10-19,9698.265253765974,9862.920885183645,9593.534111225703,9733.549162361314,26704877179.870686
2021-10-20,9787.642600477096,9854.239747546208,9704.768167462775,9796.25796965995,22860112893.810043
2021-10-21,9997.482164158304,9997.482164158304,9483.150459752595,9758.73034357038,20060185927.136826
2021-10-22,9817.810136678003,10116.508161183465,9532.894473698054,9595.663323737295,26531443268.316586
2021-10-23,9641.016244127926,9751.72027707708,9220.720856511087,9443.036926827615,18497573764.801807
2021-10-24,9493.160716382017,9493.160716382017,9182.995990480795,9438.479735087309,13717826638.332232
2021-10-25,9337.186888550563,9431.673289034674,9002.123897580945,9289.32586425814,25860786919.74541
2021-10-26,9300.064022002573,9393.259301942207,8852.402385455724,9095.314824202756,17742306834.963642
2021-10-27,9092.607468376451,9450.859647205843,8883.772802080095,9128.90297444494,12026616680.645184
2021-10-28,9158.260115116384,9189.587575955553,8691.90031050583,9063.637557576296,10726807752.17002
2021-10-29,9074.1974251781,9634.145160104963,9074.1974251781,9477.118796484569,32278647621.03652
2021-10-30,9513.103385983257,9513.103385983257,8587.05789444512,8728.150681881774,30869943163.349968
2021-10-31,8700.96535578634,9112.917524254934,8594.9630888241,9018.319845439286,33372886541.90297
2021-11-01,9023.605385065823,9550.65926217261,9023.605385065823,9359.956849980288,24134311710.661552
2021-11-02,9245.032626005623,9245.032626005623,8699.132993698326,8782.431535149952,31887688132.128082
2021-11-03,8754.335897483385,8893.976991907008,8536.743173119283,8696.533840928849,19916071560.789425
2021-11-04,8817.488151117022,8817.488151117022,8569.25845824862,8603.974666018223,25460661323.891518
2021-11-05,8631.40485479299,8631.40485479299,7920.39453628063,8244.970804446935,24267324621.149803
2021-11-06,8243.245871022713,8243.245871022713,7793.0099205201295,8056.701013437208,35960233663.136765
2021-11-07,8209.46599665121,8209.46599665121,7547.992686366707,7792.302037754023,38149025956.43993
2021-11-08,7686.261666009398,8292.334114751902,7686.261666009398,8205.824805182481,41268017547.8315
2021-11-09,8114.7848260112005,8566.837723267585,8085.952528272219,8440.268106629954,36521701088.2507
2021-11-10,8584.825541634516,8930.960877415044,8533.64592695096,8766.45621810633,26319008178.364014
2021-11-11,8770.485363442493,9485.949366764567,8770.485363442493,8960.634642813347,25320028157.598145
2021-11-12,8938.897663225976,9171.57895996068,8660.644034273439,8661.604347693788,33131963641.771175
2021-11-13,8557.734013733572,8719.633225316791,8405.455024041536,8529.639539301765,27567720580.626316
2021-11-14,8567.82641705617,8805.351773855415,8430.577210939435,8659.130017280759,32036016136.87088
2021-11-15,8706.27550527506,8706.27550527506,8260.268305377818,8345.982674441504,33124059281.77936
2021-11-16,8254.636364713484,8634.823443252531,8254.636364713484,8528.675842132408,36515419308.668785
2021-11-17,8516.712192155159,9114.321743853634,8396.06959568252,8471.45045752781,18108770381.75276
2021-11-18,8443.027400039966,8477.55454710478,8329.021215920375,8380.427905708366,29524466811.81217
2021-11-19,8401.87988591908,8683.028441819997,8401.87988591908,8563.362582382442,29181282432.29959
2021-11-20,8467.517125936894,8732.57079439938,8467.517125936894,8681.77589822278,27122603273.286728
2021-11-21,8790.467170587117,8790.467170587117,8384.779074835707,8592.101965417432,18222720587.0242
2021-11-22,8670.79047855584,8962.789306607972,8670.79047855584,8895.230412861729,34783214866.98978
2021-11-23,8862.925110109247,8862.925110109247,8560.434481050015,8611.188806371276,36950853820.37845
2021-11-24,8592.55258249978,8821.146278519009,8366.956768784126,8774.612534893378,17098301573.15651
2021-11-25,8762.642019794748,9003.796810712303,8762.642019794748,8935.126853139738,26627687965.645885
2021-11-26,8865.583996619771,9088.977259814963,8683.977617740722,8856.619315500062,19410426057.565773
2021-11-27,8817.346459994049,9078.481083540712,8817.346459994049,8947.70070588417,32854662177.35119
2021-11-28,8923.517722287954,8923.517722287954,8569.439875084809,8616.336861320191,26826559184.441277
2021-11-29,8755.307033270004,8969.265459143806,8613.194448695793,8859.496871744297,18677160608.649582
2021-11-30,8943.36249115819,8966.342332430444,8342.521686299917,8814.782423198305,18527310895.5668
2021-12-01,8897.170202058209,8897.170202058209,7979.615668940467,8680.959123605733,26580211287.24549
2021-12-02,8713.072214858392,8984.148259672833,8481.117143628226,8958.491789460797,15205334756.840183
2021-12-03,8858.396141104264,9014.615432368559,8629.030681953143,8773.675320294953,26625568508.67484
2021-12-04,8770.035025492529,8845.914166453407,8326.31677307842,8407.340694490233,40576320785.86447
2021-12-05,8488.93296569064,8488.93296569064,7930.2256408400235,8018.931010933531,39484304135.0469
2021-12-06,7918.03163836959,8237.070705844726,7918.03163836959,8168.727036192394,13474332960.80733
2021-12-07,8220.725330102,8220.725330102,7457.248722474869,7859.027063620369,41191539999.65767
2021-12-08,8041.561551215913,8512.931228543563,8041.561551215913,8276.685826171139,36715525355.46945
2021-12-09,8364.569054009695,8364.569054009695,7700.062419018358,7763.879900444621,21452319950.35012
2021-12-10,7873.663424286949,8629.19231938341,7764.7184203060615,8162.894345387293,15515312618.419882
2021-12-11,8180.7171069009255,8291.540227952328,7844.708508389053,8218.651191254172,14342695159.597021
2021-12-12,8298.202141891876,8298.202141891876,7929.014273047739,8198.914976887296,27406215766.76341
2021-12-13,8140.058802183556,8216.13011400935,7938.476933652309,8068.982076514849,12086129913.965303
2021-12-14,8133.20018488613,8440.425012163432,8115.582941768658,8169.635232137006,16492014198.806463
2021-12-15,8223.096355692158,8340.339577603578,8108.032673265405,8164.496196026644,25304291278.789158
2021-12-16,8188.165982802806,8573.300148414033,8188.165982802806,8438.815564688444,29020668561.558807
2021-12-17,8549.871003656102,8575.8044157859,8393.72118396821,8471.953354254198,26662131082.53549
2021-12-18,8426.307754111973,8650.999114761215,8200.469244051754,8514.389816296343,26171416821.549103
2021-12-19,8498.463010163092,8953.313149840198,8277.993310415202,8425.768927701853,12158199934.24017
2021-12-20,8433.81233872037,8652.025032178348,8246.994773670021,8415.587492158176,28186761827.767757
2021-12-21,8328.939680057289,9068.086718239618,7956.885445867377,8497.505267394821,15956029976.871126
2021-12-22,8516.78882127265,8730.612908381792,7944.867526469693,8065.789072286563,31771380298.638573
2021-12-23,7927.143770878321,7927.143770878321,7654.625223590266,7743.596589471617,32027609982.816628
2021-12-24,7824.668525092918,8102.663641419098,7824.668525092918,7920.134506872883,16421231087.199644
2021-12-25,7923.82824903537,8462.672477144699,7552.592517301914,7964.692891702792,31185669662.41583
2021-12-26,7923.2053716121845,7935.5342609937825,7823.855565230039,7924.714115011444,20755128903.96376
2021-12-27,7858.592391585961,8294.133834184546,7754.42731736739,7933.058981555705,11270295470.257906
2021-12-28,7914.449688777654,8128.016775466829,7717.286532692621,8019.747096132799,31886363055.4875
2021-12-29,8074.943784301322,8074.943784301322,7714.406223368901,7893.894885817748,25134671582.180058
2021-12-30,7937.132825047944,7937.132825047944,7558.795572611043,7713.526162516824,29463971035.78467
2021-12-31,7659.1043083670165,7930.10511298624,7589.20500905931,7762.702650568104,21810688262.275707
2022-01-01,7697.027106476182,7697.027106476182,7481.692254122098,7538.739493272312,34396512981.28174
2022-01-02,7588.261375476425,7996.300573702694,7409.127672010011,7634.840198201206,12021901820.707382
2022-01-03,7579.690128182994,7579.690128182994,7040.948706408813,7248.689006027305,23140099908.446922
2022-01-04,7253.031679234542,7611.577069629112,7253.031679234542,7476.114225143522,25477446396.98638
2022-01-05,7485.366263577555,7812.643039469211,7479.68517299044,7585.84806508715,13224741192.426273
2022-01-06,7609.520624268613,7722.257810166602,7384.583956261095,7647.907069059183,26091211838.39602
2022-01-07,7713.546793960708,7921.363437421881,7491.890138739028,7877.196902278241,23231804500.56504
2022-01-08,7777.710824938406,8390.560666474514,7777.710824938406,8274.713604771707,23251779355.464825
2022-01-09,8116.570644075514,8769.225882809838,8116.570644075514,8530.659614892453,13181589422.243881
2022-01-10,8482.252618836901,8482.252618836901,7916.582265869183,8063.808800860388,37747948328.81047
2022-01-11,8209.08060716116,8209.08060716116,7698.04473828524,7758.292785088571,36783075264.47822
2022-01-12,7915.17897239758,8032.75836394551,7555.037417094693,7616.746167581344,21166734386.968796
2022-01-13,7756.222281876185,7939.580720709837,7171.836617413409,7626.516407866182,21557380726.414955
2022-01-14,7611.798652189788,8042.53280167564,7552.030538745201,7748.767716468747,16886662457.108118
2022-01-15,7610.675758325586,7644.002815566227,7294.450163684863,7583.9334934332655,27218301154.51378
2022-01-16,7406.238966238853,8009.03283191116,7406.238966238853,7630.218261797318,10867864448.477795
2022-01-17,7583.36580986037,7714.0988831168,6921.306907245831,7461.121271575447,24154841908.527332
2022-01-18,7446.342757822991,7446.342757822991,7281.32172584492,7327.973577575726,26967901223.189148
2022-01-19,7423.283063308345,7423.283063308345,6760.794183083594,7022.398303855291,40191507458.90648
2022-01-20,7083.339059726963,7222.400633332827,6655.08086855072,6831.410155560658,22420653924.867134
2022-01-21,6846.945129221152,6846.945129221152,6295.073530722283,6557.808502380765,35438113762.59887
2022-01-22,6499.454186333996,6575.972727456111,6279.080512677146,6369.0997091633335,28271192371.847622
2022-01-23,6307.9067011134575,6827.445962466766,6298.083582910962,6573.606748828036,37704301108.45533
2022-01-24,6590.312103616004,6680.907645426761,5846.768598062484,6389.664303913784,22995228347.757618
2022-01-25,6434.203521488787,7145.822999366518,6434.203521488787,6897.460267484372,29400847623.88831
2022-01-26,6924.490121843477,7395.801588946165,6921.364023923981,7002.988216235055,31987366047.869373
2022-01-27,6930.535443038393,7153.074433520883,6930.535443038393,7045.321866228266,11648933705.01114
2022-01-28,7091.163494956024,7091.163494956024,6665.0474826995605,6867.422322028645,15941547438.689966
2022-01-29,6896.671426855335,7087.226618427245,6896.671426855335,7015.135744135375,14153510611.244188
2022-01-30,6940.027042374278,7023.766931338571,6865.016366821761,6897.497987291932,31366757510.682137
2022-01-31,6843.399464151564,7074.6793827765,6500.244904288649,6926.193609813965,10637003912.235168
2022-02-01,6973.880174007875,7556.851088125129,6973.880174007875,7461.605941705098,48285053406.75706
2022-02-02,7444.1079135289065,7508.271168140666,7268.809979964437,7443.833911119599,19478501262.09614
2022-02-03,7562.1273968564565,7832.6072228240855,7562.1273968564565,7704.2058208556755,13606484957.528225
2022-02-04,7742.813851712255,7742.813851712255,7470.187147139269,7545.535446539803,21746832821.18339
2022-02-05,7508.816517741064,7884.024254221907,7468.630231787401,7541.388007405099,13811517484.997482
2022-02-06,7540.618363481134,7999.484566214085,7540.618363481134,7945.787541721412,34546984385.73798
2022-02-07,7950.82385143714,7950.82385143714,7418.438430448594,7800.30802438708,27905754583.00065
2022-02-08,7743.4913363344285,8419.685128971698,7743.4913363344285,8228.337889321241,30588361690.917007
2022-02-09,8153.247048837118,8709.95259834517,8153.247048837118,8407.160720268364,13159764903.025774
2022-02-10,8466.127695916648,8466.127695916648,8192.595728206601,8269.50184308587,26908667453.572784
2022-02-11,8339.40173396388,8923.992040691646,8339.40173396388,8430.527502918454,32067273827.659645
2022-02-12,8481.429465766641,8705.316259291147,8481.429465766641,8680.717177739829,31649508809.668564
2022-02-13,8812.257655851194,9123.474066663128,8692.111906531,8846.990228937957,31694040671.018364
2022-02-14,8799.05960368501,8799.05960368501,8218.171186985039,8434.660841429193,20539883741.052418
2022-02-15,8575.879902114491,8575.879902114491,8165.379772396212,8254.883507951587,33698342323.038147
2022-02-16,8180.513519116406,8308.531359441276,7737.867246946772,8197.713824629818,17582698874.27706
2022-02-17,8114.696760201529,8257.369799893428,7886.574268084484,8183.507163019691,10446042688.662119
2022-02-18,8039.480801832806,8388.583156955667,8039.480801832806,8339.977153286974,32005006356.96911
2022-02-19,8302.797925963394,8510.300039708174,8234.550965023353,8388.607810500604,30517886002.16231
2022-02-20,8346.352519210091,8346.352519210091,7877.975657021653,8056.751710890349,32254016849.100067
2022-02-21,8099.125171715476,8170.451097886026,8052.031782686742,8152.674877342869,16370420082.610262
2022-02-22,8172.558512868474,8737.473760090925,7933.5757534694785,8306.088426762713,17864090456.00048
2022-02-23,8206.999003658131,8690.941743048681,8190.875081057894,8449.731539805263,22675053501.580765
2022-02-24,8416.547226971907,8949.642185279177,8170.937134367948,8727.925615105143,37160898030.47516
2022-02-25,8695.504686216243,9066.71282017754,8695.504686216243,8950.641893923428,16307196150.592875
2022-02-26,8791.680082898214,9108.555895763198,8791.680082898214,9078.415908490304,30305234926.553112
2022-02-27,8989.361484771307,9854.300057345,8961.925436898078,9063.845311110448,16080059840.54462
2022-02-28,8993.979955994633,8993.979955994633,8588.454125692377,8616.736444690407,39081927805.00548
2022-03-01,8740.268134253518,8890.983505771592,8612.671963562607,8732.102021895833,32208497367.38414
2022-03-02,8748.819693734878,9095.310298015083,8328.871355580903,8790.874575096777,19798401169.88059
2022-03-03,8849.084999731782,8892.595028018717,8756.242456509526,8866.89247723538,18797094852.06363
2022-03-04,8734.010079077478,8868.82347033008,8333.076982501541,8531.702153206135,35889859533.92564
2022-03-05,8633.588975967341,8633.588975967341,8135.033954089018,8259.270431876577,27164284578.75746
2022-03-06,8366.731969856462,8774.560619582762,8366.731969856462,8524.348293745881,31291861244.208992
2022-03-07,8354.002408635932,8717.87868230503,8178.460140203804,8518.49501064415,22610783914.863937
2022-03-08,8458.41264070814,8929.89338586782,8219.553521891019,8696.915066859048,15792731019.14283
2022-03-09,8740.031377674935,9304.755354624083,8547.287207004823,8708.651999753618,27258779917.255997
2022-03-10,8764.769547698852,8907.242554464981,8228.104218830358,8720.780401665232,14109301227.041302
2022-03-11,8661.610366182571,9020.451971675811,8661.610366182571,8970.617802656723,36852193944.04383
2022-03-12,8943.212613437012,9088.672391142985,8656.763451263041,8836.225910780635,17260338847.83896
2022-03-13,8783.439970678468,9105.615746767322,8746.105776720138,8866.124370729134,25512617149.624855
2022-03-14,8875.914172099107,9185.126002301828,8347.859274284168,8747.59972681929,17791003121.8898
2022-03-15,8852.32411276699,9067.244385221627,8502.044857924926,8637.949554270972,18405877680.15969
2022-03-16,8571.347321694953,8831.894013058178,8367.576517058507,8562.15013286484,17621616827.3973
2022-03-17,8647.841886444256,8696.897208101635,8367.92202784885,8623.489489000493,26745828383.80013
2022-03-18,8556.082080003207,8702.772994765635,8493.992125123563,8503.946722541337,24066313534.07678
2022-03-19,8431.86495598484,9112.18790322074,8322.312550978259,8828.565191554073,38217250469.37932
2022-03-20,8900.835351089057,8900.835351089057,8272.41567544836,8596.036507495293,20400406293.437035
2022-03-21,8675.286495124708,8675.286495124708,7816.213993942572,8552.14386148624,25057148803.477947
2022-03-22,8624.957664129171,8624.957664129171,8248.06707000197,8443.600635295254,28239439615.453907
2022-03-23,8332.499956975747,8874.907191976376,8323.067530227907,8814.353537120522,18750871729.540493
2022-03-24,8773.28297060358,9040.697381478021,8589.14716896774,8870.735812576564,19163936921.268402
2022-03-25,8943.740956340822,9391.614910381992,8943.740956340822,9149.767789761134,25839320825.481613
2022-03-26,9153.568771708322,9153.568771708322,8734.495717210042,8746.566700127238,24655230727.70516
2022-03-27,8652.655439180082,8997.102689365496,8307.308035034896,8821.013172358667,17841735502.94783
2022-03-28,8861.441458140207,9123.75991092414,8861.441458140207,9060.847027946753,30179893914.796124
2022-03-29,8996.079435664877,9328.044518869985,8891.139516572774,9087.74433065094,14742340650.881588
2022-03-30,9250.826160822826,9712.163851508407,9250.826160822826,9382.772599953869,32040246608.65222
2022-03-31,9527.721561402377,9527.721561402377,9233.52959121014,9241.855989377613,33011370237.23456
2022-04-01,9297.685803556931,10088.680415685718,9202.56257748191,9637.226499808095,30417870574.256153
2022-04-02,9768.389798624334,10500.791031124534,9768.389798624334,10306.695170577075,37670272646.66286
2022-04-03,10313.373017531194,10590.396851595406,10096.226802584762,10199.658525004888,12560345108.023857
2022-04-04,10277.730535653493,10574.798981962686,9782.845792057236,10068.439146557892,30800357787.723995
2022-04-05,10217.222515246716,10619.24359776758,10216.675248806207,10512.472761063516,22636846251.73374
2022-04-06,10538.280743115913,11379.68093903171,10538.280743115913,11015.885272127907,32980350999.924984
2022-04-07,10987.774146084706,11421.79300962098,10848.49814532584,10848.600232588911,34074543953.33449
2022-04-08,10663.672610869347,11387.973338185033,10391.007782783154,10717.2713686549,24562396256.528378
2022-04-09,10708.361723104998,10708.361723104998,10318.71467303283,10632.031140719177,26442344503.89853
2022-04-10,10719.577750121744,10719.577750121744,9931.643989703098,10208.519965275367,26437473065.522587
2022-04-11,10305.055142526928,10305.055142526928,9790.696922583867,9932.281923153316,14239967323.279825
2022-04-12,9982.376883402365,9982.376883402365,9396.684643382658,9638.045788537507,33640061489.248737
2022-04-13,9585.875133912106,9870.192413904086,9258.615383021499,9420.86276876774,13111101787.089422
2022-04-14,9234.629121573786,9801.578950933892,9234.629121573786,9415.770353225493,24142958884.378483
2022-04-15,9369.142036842866,9687.587045672142,9369.142036842866,9486.637602449286,11245579238.664618
2022-04-16,9457.765507470756,10220.114508155046,9447.40166568984,9932.652009582896,40055864899.24305
2022-04-17,9901.56986423473,9901.56986423473,9600.509610821642,9640.129237517109,17026278675.332073
2022-04-18,9699.758869736657,10057.20980512159,9699.758869736657,9929.61915611678,26377077964.99796
2022-04-19,10126.7892614034,10126.7892614034,9240.467379746442,9870.839133890331,23241967086.37594
2022-04-20,9883.032502687443,10202.321826458226,9361.95359158536,9861.127103828938,19339336094.786934
2022-04-21,9839.754906625816,10279.795690278113,9475.86493934961,10065.692090912737,20303527681.400455
2022-04-22,10039.599621383262,10039.599621383262,9693.4311164564,9731.695711776198,25779023032.63249
2022-04-23,9743.800458803458,10276.877438045638,9314.27705069737,9848.206418244506,18171216407.959885
2022-04-24,9766.634338975957,9985.43123998219,9615.773677352601,9902.308192611274,19793174393.79911
2022-04-25,9914.210624341385,10706.546550831634,9694.474225084228,10053.551472289071,19801987847.60045
2022-04-26,10098.874122565618,10482.40052030392,9974.1425622701,10145.793403396196,23280594970.14285
2022-04-27,10167.06771820218,11179.903702860973,10167.06771820218,10898.195338983864,25703227453.94659
2022-04-28,10948.05915270947,10948.05915270947,10670.860366559384,10695.137988937817,35320520290.1077
2022-04-29,10741.527894281362,10741.527894281362,10059.697108345517,10530.112986768778,23106065457.89754
2022-04-30,10343.53026411942,10490.945521611884,10161.811373521465,10338.52583876554,16409188474.613888
2022-05-01,10404.368824650635,10404.368824650635,9398.715220062559,10171.410665206484,22700057656.050114
2022-05-02,10103.158989629654,10103.158989629654,9369.049072011747,9982.00258380256,32417273562.24002
2022-05-03,9872.615890237184,10961.019021532185,9872.615890237184,10343.05656766545,14210937960.215118
2022-05-04,10228.822490347793,11061.119268496437,10228.822490347793,10788.998769696327,33762407615.61153
2022-05-05,10835.77356871633,10835.77356871633,10585.08116658622,10609.65983724902,24443301572.132786
2022-05-06,10586.04539458746,10901.487863874614,10019.679608278368,10350.034382339418,16668066056.748497
2022-05-07,10175.950034896712,10641.528002984853,10154.615335740118,10501.584416039655,30207749761.99434
2022-05-08,10551.785960742665,10551.785960742665,10302.506368583343,10332.858700767703,20169712653.020515
2022-05-09,10184.106026767497,10715.543565699863,10130.878645266679,10534.224981320722,18969956145.409016
2022-05-10,10548.95407779897,10649.912746193253,10408.263505050769,10603.621196477488,28312359412.325623
2022-05-11,10628.910719113526,10628.910719113526,9780.110417824399,10126.751714289108,33010924250.46591
2022-05-12,10216.431906591013,10725.262385533622,10216.431906591013,10601.951118659465,41087886810.62666
2022-05-13,10790.844468809273,11221.255743496382,10790.844468809273,11178.446313376313,34885459943.49662
2022-05-14,11025.896702934166,11337.127637424051,10854.597854390579,10978.534772192286,29254425559.25379
2022-05-15,10972.773911658094,11408.61211367117,10238.404298066329,10856.33218786867,29704126288.065704
2022-05-16,10826.332310286341,11012.471127146597,10515.554487883732,10954.863843244337,12101751858.409637
2022-05-17,11002.38053076186,11221.217964083295,10997.642679793827,11070.25913303865,28209283505.1729
2022-05-18,11094.13422485004,11312.208943738608,10935.131755834094,11294.501935077167,26786050435.54031
2022-05-19,11254.683592869238,12332.741325062792,11224.426782079072,11981.27695763463,18316069654.461376
2022-05-20,11928.451245304892,12031.75899550894,10992.497869559806,11923.665983928691,21141491047.105766
2022-05-21,11790.54411308183,11997.093185805803,11464.091771245374,11644.068925927642,14380763824.163195
2022-05-22,11759.096209475816,11759.096209475816,10632.801607240246,11168.064315534852,34823943755.17768
2022-05-23,11219.348533875513,11219.348533875513,10753.24576257753,10928.756136805783,25414901343.799892
2022-05-24,11029.056785043971,11190.599739815212,10907.600775150038,10923.359416631538,29215028341.368237
2022-05-25,10889.45373102898,11924.818780756686,10889.45373102898,11516.899112454268,21086576686.000156
2022-05-26,11441.252034189914,11514.583724249731,10876.749215688702,11343.819248696516,25445038177.97474
2022-05-27,11221.497136606635,11597.116628016198,11221.497136606635,11425.649460523697,15258261954.777075
2022-05-28,11466.658125494087,12012.572473663558,10826.69217244878,11425.733017644345,22282929152.245956
2022-05-29,11306.929019874195,12121.346894816163,11306.929019874195,11838.793812024633,33293191109.86687
2022-05-30,12057.65322103863,12934.370236060775,11789.096389547674,12742.188167935756,43100399683.934845
2022-05-31,12575.565889688778,12764.590968667224,12103.814585074253,12545.626368108766,30358762708.98261
2022-06-01,12579.958744183688,13047.299766160299,11977.62121493674,12367.689450023348,30910534750.324493
2022-06-02,12561.473174344621,12800.886491053627,12286.931729263457,12761.289018651987,15219749010.008112
2022-06-03,12837.740594312789,13294.098483866428,12711.187112774463,13028.724094515728,20399770044.48959
2022-06-04,13051.612137822876,13893.591758635544,13051.612137822876,13757.04566347306,37014769788.6002
2022-06-05,13623.810925917243,14583.249584378576,13623.810925917243,14004.917987596342,23570200448.689793
2022-06-06,13811.40234595956,14323.191998585362,13811.40234595956,13860.964758638194,15233377770.215538
2022-06-07,13967.701132859114,14260.305421670208,13050.100514672959,14113.50661479988,24890190317.96057
2022-06-08,14326.07680525528,14870.359759418825,14326.07680525528,14589.994227659552,24275919564.821926
2022-06-09,14525.966039380703,15060.86378136575,14525.966039380703,14956.414133400396,22271332665.245243
2022-06-10,14786.051377087142,15628.281968295161,14786.051377087142,15191.5023551179,30312474008.46494
2022-06-11,14818.069488183259,15790.794410417326,14818.069488183259,15685.229838066609,24051399536.0993
2022-06-12,15531.394618167185,16399.611047347855,15531.394618167185,16243.292555528986,14275221151.127626
2022-06-13,16224.830942092489,17347.362163876875,16224.830942092489,16924.93858729707,15845066680.211403
2022-06-14,17195.589213743882,18363.166292306178,16573.303814732437,17262.78230684353,32539358756.980846
2022-06-15,17378.98391076772,17378.98391076772,16518.003350258507,17184.866006795528,30530512940.120354
2022-06-16,17237.294524800673,17911.290950686693,17063.8202395222,17269.096091080515,24933163151.218887
2022-06-17,17199.999042291118,19140.037056918987,17108.20483048899,17902.790217447546,23631011294.59528
2022-06-18,17798.387282467138,17983.21360767988,16945.05019205592,17472.978774391242,35679609769.912384
2022-06-19,17718.58728074655,18111.86093852274,17293.662753720502,17674.96989079706,25944508804.682842
2022-06-20,17710.450367435333,17885.277106350874,17060.605134617912,17475.23982579942,29924908998.750156
2022-06-21,17107.805312307304,18207.536057728375,17107.805312307304,17499.0471259484,25661951513.190907
2022-06-22,17381.184105550914,18276.619153142823,17381.184105550914,18178.947331272026,24414324021.47378
2022-06-23,18022.93269086773,18833.233476698686,18022.93269086773,18292.25620171533,20794088707.810436
2022-06-24,18192.332189618824,19081.69233407092,18133.63925330747,18326.88520689605,13982425955.765568
2022-06-25,18430.04919742388,18589.75086740341,17088.2336004691,17588.390827690553,22223232028.1327
2022-06-26,17569.49300195623,18823.640813332142,17569.49300195623,17990.947004379737,31413160787.254936
2022-06-27,17977.11818974101,18478.218274890118,17938.691709524115,18348.32862873416,33417711681.7286
2022-06-28,18589.329000824342,19747.143626335994,18589.329000824342,19548.266050174625,40504573271.94868
2022-06-29,19412.119983407178,19666.423927866872,19271.412107121898,19377.544258560283,20989313304.14733
2022-06-30,19738.780346756976,19989.422360952958,18862.424727957477,19514.63088589714,12560038496.485413
2022-07-01,19383.627687332064,20132.370000352883,19383.627687332064,19670.387117437505,12028016155.328205
2022-07-02,19687.932748012972,20886.114078200342,19687.932748012972,20611.0958111748,25849190225.595997
2022-07-03,20553.136668701867,20566.905210448647,19275.382532876032,20562.476998628248,19731139626.372997
2022-07-04,20587.85502956629,20968.94858511135,20291.763299578488,20744.87944830081,24150135676.12714
2022-07-05,20837.109521715523,21889.77679172718,20336.07658659613,21133.57408235833,12027798653.433554
2022-07-06,21225.25897421789,21353.123920530634,21046.412711972964,21262.45240125957,31611405392.387962
2022-07-07,21102.321187310732,21708.016918763,20471.903261456016,20988.315423069114,19506531930.55332
2022-07-08,20752.63454863448,21167.398089985916,20752.63454863448,21121.01824052297,28666612844.74291
2022-07-09,21649.71361107179,22544.446280553733,21554.35602451159,21811.86462281502,27469869475.37557
2022-07-10,21706.29861386572,21706.29861386572,20611.372384945927,21151.06417280636,16428679617.798624
2022-07-11,21298.955044414117,22058.922262175354,21149.313402430507,21246.01320822029,27116288818.172207
2022-07-12,20904.453523045726,21570.926250970508,20150.265435103072,20810.392932377978,29157709496.675762
2022-07-13,20752.204426676904,21936.80317180093,20752.204426676904,21566.87982645736,28018469485.460003
2022-07-14,21539.446888173872,21539.446888173872,19694.776471381887,20592.15159850943,29461730415.107304
2022-07-15,20689.514394489564,20689.514394489564,20070.224749440145,20257.16557198662,13660975273.327618
2022-07-16,19705.67352902448,20757.28845004968,19705.67352902448,20496.53145703965,25848563561.43219
2022-07-17,20530.58452006217,21650.407216917894,20095.846740073604,21469.414098126766,41622056845.50497
2022-07-18,21222.571344016003,23523.54359280417,19953.500792716994,21437.800217714757,12039609942.419176
2022-07-19,21507.332803295452,21721.399195967446,20013.77995084641,21091.451421797057,17737285044.063858
2022-07-20,20872.874552676036,22708.28449073277,20872.874552676036,22292.287135914245,44014159612.82728
2022-07-21,22101.580476940453,22102.915125824336,19852.59588278593,21335.047030135986,22422889110.169163
2022-07-22,21276.668450771143,21276.668450771143,19851.59567831474,19938.36569881207,38187268396.34022
2022-07-23,19728.548400806216,20489.144443326033,19728.548400806216,20211.52995219923,23531854789.87318
2022-07-24,20115.41716506429,20344.250705493105,19605.743844717686,19917.217197381404,25119414771.776257
2022-07-25,19679.529953579713,19893.670001823746,19211.789584313818,19316.97233114351,23835601220.51604
2022-07-26,18962.859302206165,20583.176378622946,18864.27575385012,19737.12987410114,19479903253.83687
2022-07-27,19938.045379601695,20638.97840380096,19623.882364160538,19891.35622957121,11827919440.557972
2022-07-28,19633.5545671729,19633.5545671729,18366.115499291885,19564.69323812181,28972424422.88699
2022-07-29,19529.734870586155,19529.734870586155,18816.749152462526,18823.01270039845,34369533542.47901
2022-07-30,18964.729484288193,19455.978337166507,18964.729484288193,19325.09246787184,29660036883.60967
2022-07-31,19206.25395143489,20104.78380223335,19206.25395143489,19711.710950708883,27448591358.336555
2022-08-01,19549.056633687225,20124.213167952268,19214.77960086514,19662.919027381056,15242523664.075193
2022-08-02,19707.404039564826,21902.60882217786,19707.404039564826,20762.05869868229,16286622045.04785
2022-08-03,20994.164775169324,20994.164775169324,19908.86896080583,20105.924846100752,34446054856.001816
2022-08-04,19870.82319768848,19870.82319768848,18878.766184937605,19195.814975400368,28795697564.8118
2022-08-05,19166.992875376724,19166.992875376724,18071.639739171558,18806.960704205267,19405625683.308342
2022-08-06,18481.13112652728,18935.632181856246,18481.13112652728,18790.6441520096,12143083011.417688
2022-08-07,18716.75915060555,19030.576156021067,18716.75915060555,18937.214624096665,12132298149.429487
2022-08-08,18943.692038619134,19593.172339155946,17906.617693097003,18809.633061327822,18121111333.39181
2022-08-09,18648.881302162008,19527.0617861675,18648.881302162008,19017.69886262931,28981253349.915997
2022-08-10,18930.78953184562,18930.78953184562,17867.717016782026,18313.16571554176,38886134837.70256
2022-08-11,18055.274813810996,19606.691569791386,18055.274813810996,19115.51931185834,40174183514.23876
2022-08-12,19130.253288702283,19297.06740051073,19007.15129875876,19077.966198402617,28957945062.876835
2022-08-13,19279.371190363025,19963.641134527625,19279.371190363025,19726.97714476145,37732353344.29607
2022-08-14,19510.54382432668,20340.524937928425,19238.758675209516,19939.66868558154,22759553259.96799
2022-08-15,19815.509998332334,20939.90043216637,19815.509998332334,20222.863755754304,16431826787.916382
2022-08-16,20324.49299848439,21218.283367912907,19700.15809640352,20578.64497005086,30528243141.72595
2022-08-17,20828.07681589522,21640.053030434374,20627.612030787237,20865.33135773535,16262843243.95834
2022-08-18,20553.772355618014,21670.231284470137,20553.772355618014,21278.082724088054,18379475732.651726
2022-08-19,21242.168568035053,23205.592252589748,21242.168568035053,22137.17629012276,20586052891.119095
2022-08-20,22199.853459391306,22378.9723796248,21320.892335586883,22278.7575916205,21597939489.48996
2022-08-21,22256.02069574554,23648.86704687463,22007.676806519958,22763.768655822183,20014805662.48738
2022-08-22,22199.957439632526,23664.982049555463,22199.957439632526,22713.86886260237,13369912271.256247
2022-08-23,22827.68579020037,24027.969545424865,22827.68579020037,23706.544804388537,27394874217.72964
2022-08-24,24066.726957189203,24066.726957189203,22729.524806905018,23237.350344367384,32916555732.1716
2022-08-25,23264.459444204516,24607.277288756584,23264.459444204516,24504.44153320613,33086123916.779545
2022-08-26,24251.774753231286,25293.315722767416,23402.20085370899,24487.172309363003,27760985356.55843
2022-08-27,24361.52195637949,24361.52195637949,23277.405031757084,23448.34680167235,19821676063.08112
2022-08-28,23863.36215586435,23863.36215586435,23426.168751405217,23550.186077502796,13918828647.904009
2022-08-29,23764.48394911103,23764.48394911103,22709.453766488616,23080.79437268379,25799126306.592438
2022-08-30,23228.51760040352,23776.014281012667,23070.99435696479,23674.416396718087,24221808280.91569
2022-08-31,23758.794995834316,23780.043134297804,21893.467789162318,23222.73884982181,27630374485.190857
2022-09-01,23069.204704818447,23881.787915719207,22434.853961947058,22923.502178786806,29228919299.545963
2022-09-02,22877.524239819162,22877.524239819162,21551.099546455447,21635.51719799411,39087391795.86283
2022-09-03,21618.65821111524,22387.157969667252,21146.472839521015,21352.758522126867,32615060412.925472
2022-09-04,21470.10779873574,21470.10779873574,19372.860763625005,19810.739602939422,30938893383.23039
2022-09-05,20109.66759590219,20109.66759590219,18400.739385654768,18879.296380967808,20770183903.857445
2022-09-06,19090.430752354372,19370.094831271195,19001.622342858427,19319.41883913169,25918120305.41451
2022-09-07,19045.20203049834,20885.821593998404,19045.20203049834,19784.514620216203,15155468960.289652
2022-09-08,19828.83093758698,20204.896536619315,19828.83093758698,20046.931018068797,17869643632.229828
2022-09-09,20194.629457641022,20194.629457641022,19374.765632095205,19475.407362454946,18194037468.410137
2022-09-10,19595.932932755248,19975.32122949321,19013.149179802207,19457.269123235765,18098275589.03842
2022-09-11,19334.83741647921,20194.539337345777,18686.623731982992,19464.894890619016,12272241567.919033
2022-09-12,20032.123186466168,20032.123186466168,18104.42491033047,18798.203930460204,14280050899.24561
2022-09-13,18558.134970068775,19898.510055535167,18558.134970068775,19655.43866838523,33686292345.39498
2022-09-14,19442.53322758775,20352.144515631087,19408.18907584422,20182.61460849035,28160547983.834938
2022-09-15,20229.760203485763,21373.23531743241,19715.60417288052,20058.916872913964,25648367031.11824
2022-09-16,20483.524638072464,20483.524638072464,19940.81257183226,20085.12535563392,23510955227.481518
2022-09-17,19917.17457165263,20664.553593252185,19073.947056079545,20220.729762899304,13115373794.344067
2022-09-18,20166.977327448694,20166.977327448694,18785.387257160066,18992.279057123866,25433509754.047775
2022-09-19,19196.881677767746,20001.240911274228,18130.658257768377,18860.941341889207,13461207974.99043
2022-09-20,18857.572371333434,18857.572371333434,18436.408993650537,18484.485865632785,32220466942.92371
2022-09-21,18422.63606343627,18422.63606343627,17159.42927550727,17938.295181096477,32306924651.26612
2022-09-22,18039.76008067832,18523.435196421036,16920.099690859923,17795.990527808597,15143584033.99937
2022-09-23,17844.48780353643,18901.364678740094,17592.542110827624,18764.636895185995,25984777453.10292
2022-09-24,18957.994991737905,20238.91578078497,18690.112233171712,19134.774721590016,35118179832.628944
2022-09-25,19381.894384112096,19931.611308635653,18392.46966974284,18816.460670094835,25523536241.97562
2022-09-26,18874.22778013673,20342.734404897245,18874.22778013673,19149.08834200273,30623343251.03224
2022-09-27,19204.952499307954,20479.680452113025,19204.952499307954,19962.554312485147,21787887526.46268
2022-09-28,20005.296333613012,21367.972498420855,20005.296333613012,20526.27709307037,18211296775.49418
2022-09-29,20626.677386475083,20874.621456636745,20182.371994355522,20573.259916501214,26266092918.298923
2022-09-30,20584.610315228103,20780.699271030207,20063.95233144723,20184.25859214105,28201968888.848984
2022-10-01,20184.135774495633,20914.546907902128,20184.135774495633,20617.144318948267,28685174315.388924
2022-10-02,20863.854659408895,22229.48052024097,19979.426124256202,20870.82924046686,23643133039.60278
2022-10-03,21187.25525955585,21878.30660009775,21187.25525955585,21441.76740005977,27090573418.340023
2022-10-04,21118.52140423872,22909.436806215726,21118.52140423872,21861.064464682047,29546801121.33142
2022-10-05,21863.25519512416,23339.437262976142,20638.8090505485,22560.32518397473,20325999039.71629
2022-10-06,22404.953480265554,22553.78436237105,22061.762946791914,22209.35293388512,19708682731.96421
2022-10-07,22140.288183369546,23240.09862346633,22140.288183369546,23098.211703052424,38411815937.58689
2022-10-08,23191.18574931619,23896.967374299587,22957.195542531543,23246.686733952683,17217179204.160988
2022-10-09,23402.30897506204,24782.933792977543,23402.30897506204,24705.598259234124,34059014269.54455
2022-10-10,24677.89675053314,24677.89675053314,24065.64982161078,24207.14713759737,28905592142.616077
2022-10-11,23743.982027528025,26597.632268505193,23743.982027528025,25479.9326474291,45771380260.45466
2022-10-12,25234.039683481296,26220.867461441736,25234.039683481296,25643.95521673766,19909981204.148567
2022-10-13,25873.853190681988,25904.03177645226,24678.014125845093,25155.629170984063,22096506697.995243
2022-10-14,24466.257662553286,25687.93058431016,24018.77207868255,24803.033407492672,30615465737.37336
2022-10-15,25097.551360614,25710.74712867603,24470.227486493,24577.067374582097,28488798359.259716
2022-10-16,24705.170420559334,25173.369566092417,23402.40190154151,24902.098559551087,27877708021.67548
2022-10-17,25229.85402459093,25786.187074829642,24775.099405727102,25305.140634435596,22382579537.31154
2022-10-18,25254.892422438716,25861.01099659859,24714.819494367654,24882.26642630355,19232551750.08638
2022-10-19,24369.3420365719,25726.97317945443,24369.3420365719,24876.527635916453,22225752676.422523
2022-10-20,24983.586917365476,26577.908685720697,24983.586917365476,26487.733333122796,45351542398.18879
2022-10-21,26825.36005354039,28371.695007063117,26825.36005354039,27873.738284121915,42157138691.19801
2022-10-22,28131.492820046933,29524.08639477207,27592.410698389314,28252.534306533824,13823830121.386063
2022-10-23,28065.307167814888,28352.050291128853,28065.307167814888,28298.87141080853,18871523943.104343
2022-10-24,28323.423815988335,28585.713473319684,28217.290120395424,28414.923378916003,20085692457.49551
2022-10-25,28263.518361407114,30306.030504098653,27622.819624737323,28952.122826207134,35139330395.778244
2022-10-26,28714.927793221104,28714.927793221104,26486.19372299519,28078.23840841957,30671246174.178978
2022-10-27,28346.494689162242,28383.630088453996,27760.648873654627,27875.477134268596,19455227352.303074
2022-10-28,27541.6592886664,27541.6592886664,25623.295601924867,26494.037556896343,15735182794.072952
2022-10-29,26257.229496088337,27416.239659906623,25491.782052660823,26824.595547791367,23966200060.34665
2022-10-30,26528.445136868457,28237.349108656366,26314.906233438578,27358.830925246224,14295794817.45592
2022-10-31,26951.116624979168,27021.183018407963,26702.42630206042,26975.92783888636,30424283075.25892
2022-11-01,27015.42445259964,28787.959775749092,26874.049326605375,28263.208403182027,37004311832.53331
2022-11-02,28591.4864303838,28591.4864303838,25088.341659399357,27238.017895776626,26178287165.460777
2022-11-03,27187.661131825407,27187.661131825407,25864.681175755155,26055.036828926088,26655572056.766144
2022-11-04,25662.71368493835,26311.30289545366,25655.450757450228,26243.50735930754,29968324839.731983
2022-11-05,26463.93826640884,27508.789509318107,26463.93826640884,27081.01507330281,20801573245.823605
2022-11-06,27537.520219403952,28473.583824609672,27537.520219403952,28462.62971668114,22623073972.22399
2022-11-07,28278.69215688682,28449.663463752982,27416.196995102528,28085.029445833952,32602579231.743416
2022-11-08,27950.627339111983,29866.297238189156,27950.627339111983,29007.91544964411,34789391660.87923
2022-11-09,29157.497849225805,29409.978116878447,28148.595127544595,28988.90789454778,26585580924.27206
2022-11-10,29459.071381459038,29459.071381459038,28587.551771079412,28853.274041552988,14554413490.655
2022-11-11,28703.284870925323,29880.04092066725,28703.284870925323,29632.595148649103,16340978801.20151
2022-11-12,29237.755699486843,30661.459581073465,29237.755699486843,30227.31203909021,12632040611.72776
2022-11-13,30418.172911481044,30418.172911481044,28758.36001130902,28812.92276635564,21638324751.669167
2022-11-14,29043.157633120736,31263.310956505364,27912.336062293412,30103.63251948062,36899590928.97763
2022-11-15,30105.47830878775,32397.563720050057,29891.85802164135,31365.057224797376,21002695957.999523
2022-11-16,31189.99840851519,31189.99840851519,29785.02076151188,30792.11545549341,29072442366.657146
2022-11-17,31098.30570240535,31276.51234517803,30587.413935849516,31173.140356200067,16899003823.404501
2022-11-18,31337.745761029073,32464.34099273015,30581.5278251696,31650.741096493915,20649188326.04916
2022-11-19,31407.525560545288,32677.95555774506,30133.911217153294,31914.082003224383,32131291023.85463
2022-11-20,31929.75013603254,33152.30267776566,30949.2952483709,31403.164530027407,17280995858.775414
2022-11-21,30978.685589780933,32995.3056035504,30005.913046380425,30786.133138525325,20971321436.84382
2022-11-22,30997.29228762874,32046.03960230056,30297.87960437173,30777.92487414137,16064461123.337425
2022-11-23,30697.214823161936,32140.629320056203,30697.214823161936,31876.138806153147,16543011699.241781
2022-11-24,31737.25101642874,33005.88503708732,31737.25101642874,32411.91309504317,23125511908.996166
2022-11-25,32401.25784548512,33448.35016128756,31733.633382153213,32067.749465890123,19439876320.1355
2022-11-26,32080.675237926815,34640.056745117,31947.68735135305,32826.18256810972,29549787365.653366
2022-11-27,33119.95394397612,33119.95394397612,28646.854830561886,30037.39225585844,48739476826.54325
2022-11-28,30214.940437339836,31547.361538711808,30214.940437339836,31087.588730550957,28187008789.17806
2022-11-29,31038.96485722343,31038.96485722343,28515.17348444326,29480.62733101044,16145925490.668491
2022-11-30,29705.761492274723,29906.576890091095,27928.03586283674,29174.818054985757,24699814521.9753
2022-12-01,29291.732419628832,29291.732419628832,27966.711524502338,28209.420500292363,14783401208.369991
2022-12-02,28089.079215039717,28089.079215039717,26726.181839903853,27127.858785666005,30887445954.425907
2022-12-03,27094.02541981953,29030.887500229037,27094.02541981953,28086.145069937524,32072789034.05558
2022-12-04,28044.514974350193,28835.334479561832,26808.65161625229,27706.1104287896,15843656335.628164
2022-12-05,27846.098694483433,28510.80241348378,27195.80673863085,28007.971728341057,29261808960.578938
2022-12-06,27905.1761381732,29739.741756524654,26713.360550604117,27982.55120680346,28477847705.651157
2022-12-07,27873.30475629696,29060.72412437214,27873.30475629696,28397.007063672067,30151424528.14829
2022-12-08,28956.075215898585,29765.90083256593,27959.281802235186,28476.650920696386,16553794786.275345
2022-12-09,28744.256113411433,28744.256113411433,27223.501061978717,27394.82959509116,29989123160.28768
2022-12-10,27186.464339172762,29120.773646414455,27186.464339172762,28227.30380238864,36894984831.48592
2022-12-11,28388.46505128108,28388.46505128108,26683.415667530022,27823.294941970125,18762479718.679554
2022-12-12,27856.22382980138,27856.22382980138,25265.802931122245,26537.92947140885,38596942146.2756
2022-12-13,26641.839046143843,26641.839046143843,25845.054622181433,26210.35973772393,11447239279.077133
2022-12-14,26246.357392961003,27810.228952390495,26246.357392961003,27403.528537365888,14658415047.320734
2022-12-15,27729.53259921411,29067.229836442195,27164.827042618843,28116.202574827454,31746409827.297714
2022-12-16,28213.37789106947,28213.37789106947,27746.602223266873,27836.17745494015,27741645236.043224
2022-12-17,27818.894334725755,28188.850680092884,26701.668966446327,27558.43556062024,28351757319.549297
2022-12-18,27845.646979196965,28698.461379544995,26977.155922815582,27306.30201341022,31217214605.452797
2022-12-19,27370.003531281785,29678.302472942643,27370.003531281785,29021.20439376251,20119330990.201427
2022-12-20,29056.458940564233,30831.734782677373,28924.852950964632,29368.241800692467,16390324295.770834
2022-12-21,29460.464717899416,30602.151293322015,29460.464717899416,29761.81293396508,31836831961.27782
2022-12-22,29733.95319154147,31298.760405146677,29733.95319154147,30696.586943267717,17798919069.442055
2022-12-23,30699.419315194817,31804.483542729075,30411.47467656955,30931.835602174364,25456629473.776207
2022-12-24,30750.36019649169,30936.368939461405,29165.83936925825,30706.92204791864,22107813781.128685
2022-12-25,30476.261715339217,30749.415024949943,30244.471684450884,30541.396523643405,12292614111.967648
2022-12-26,30236.419182340123,30772.25499793407,29736.764022219842,30491.06314824451,15964102075.63919
2022-12-27,30066.632645254205,31017.67939242814,28554.39170301889,30472.26031290042,20533290322.98587
2022-12-28,30204.19054852154,31781.16364389333,30204.19054852154,31152.67194900876,33086296734.7855
2022-12-29,31098.38311144601,32239.57161677088,31090.05099174958,31216.795879172925,24647883580.191555
2022-12-30,31248.985884400518,34189.52057538529,29963.12903895504,31918.52454941272,27481470941.45538
2022-12-31,31831.930689302728,32007.36282148795,31688.80579098168,31857.19318737521,20303432721.144604
2023-01-01,31106.732175603596,32530.50542256057,31106.732175603596,31948.274677445672,16430376077.081932
2023-01-02,32451.327852057177,32451.327852057177,29521.44565182492,30049.07688488164,19747227369.400333
2023-01-03,30375.55413234793,31190.712933628794,30375.55413234793,30890.14544579047,23270497468.068726
2023-01-04,31027.84131217038,32070.432290778055,30323.419804483467,31226.68290098674,11721975132.252329
2023-01-05,31822.328964670847,32647.636618193512,31142.480501318867,32177.232599414227,18550069171.24508
2023-01-06,31862.74387398828,31862.74387398828,28650.629802138945,29397.516726570648,34760679134.55034
2023-01-07,29952.431637141628,31761.173143324613,29952.431637141628,31254.00639438809,29974315232.631287
2023-01-08,30952.33832512094,32127.506934746416,28805.15631770688,31138.75134365672,11287347057.75673
2023-01-09,31213.091352576204,32442.617923813003,30306.878537422635,32189.543594539628,29131375577.039845
2023-01-10,31779.501173442033,32483.51385018551,30184.822244497806,31201.415451074077,27438153967.112167
2023-01-11,31206.000216871656,32649.50774526806,30710.241205453283,31790.598554482644,13745379902.270596
2023-01-12,31913.363195613216,31913.363195613216,30355.67327778802,30801.83251536295,37840447261.91686
2023-01-13,30754.185058649422,30754.185058649422,29731.37733816803,30240.83661995161,14170975539.632938
2023-01-14,30456.71913148559,33118.65186690316,30456.71913148559,31992.414321994085,42791336708.416916
2023-01-15,32024.09143491269,33120.94928836495,31612.340769136525,31825.39881808108,10528565229.94953
2023-01-16,31659.138247290546,33911.03243906605,31316.890001188483,32048.908154643294,29587170110.63851
2023-01-17,31867.250675012536,33375.990394503504,31424.154865277236,32901.4742323955,13159514825.265717
2023-01-18,33168.276818339604,34559.404087253584,33109.950896635375,33407.18491544957,29022869697.12918
2023-01-19,33188.78810668195,34740.1339139858,32231.861508784066,33574.640673274625,18097672837.583473
2023-01-20,33881.98393132743,35169.93892102851,32074.954638834508,33959.03102913811,27599562750.629673
2023-01-21,34374.25210626284,37058.34532929749,34374.25210626284,36424.540477703296,31128689512.83575
2023-01-22,35816.719121455986,36497.05471699324,35816.719121455986,36379.79060179736,11558437820.613863
2023-01-23,36791.94684916998,38040.03116976068,36019.6197445788,36617.458733389605,27006250906.339897
2023-01-24,37371.93316472599,38312.763526091294,36932.220356667225,37789.9362824222,15083313845.34371
2023-01-25,37885.16834320971,40461.98341273095,37885.16834320971,39062.16388751484,38017766893.28837
2023-01-26,39296.17913379888,40513.925539004085,38536.41012215137,40472.73413951598,14998715387.782047
2023-01-27,40892.43854746054,42359.41350297175,40892.43854746054,41268.50526047758,23437585995.866238
2023-01-28,41154.817826746235,41154.817826746235,39325.40317558407,39874.03638549472,32725991351.33681
2023-01-29,39946.71886815177,42858.761513342266,39946.71886815177,41847.91865425312,26708595592.56672
2023-01-30,41297.953504141864,41592.570665669344,38789.23284491304,40429.67755087853,19206129880.296387
2023-01-31,40485.72724588595,41079.08377199657,40352.37081509607,40816.95601790619,27594001797.34221
2023-02-01,41020.270172088334,41020.270172088334,39830.48834725,39913.74717004688,31369739506.07486
2023-02-02,40119.76717400303,40561.30956262552,38738.20483551025,39856.90399113738,28859126004.5538
2023-02-03,40281.54930031951,40774.232840821736,39854.28511579883,40269.93599783377,19339219640.83949
2023-02-04,39957.92365658877,41273.47279423795,39367.24072826756,40678.30200079142,22165857396.036663
2023-02-05,40461.646615835154,42672.64924627032,39798.72098633679,41213.53174762734,19533912522.851242
2023-02-06,41994.737269446094,43298.2138928391,41994.737269446094,43229.340732066725,22547613424.33849
2023-02-07,43164.35476715543,44497.81578097895,42683.78911912431,43839.13506804759,28550080689.19747
2023-02-08,43926.828150249166,43926.828150249166,43143.71079600767,43539.946164213616,17939111131.606934
2023-02-09,43510.770028121835,46219.68108441934,42205.43728096514,44821.005239442246,24024705587.719234
2023-02-10,44452.71963323258,46958.624086823125,44452.71963323258,46442.81363254957,24613199402.4172
2023-02-11,47196.82627823406,47196.82627823406,44445.37842148317,44755.628210197785,33063992776.675552
2023-02-12,44519.45212821864,46773.61955461371,44258.99040699735,45580.11648687127,33579639321.252716
2023-02-13,45066.298432026015,47966.36766736166,45066.298432026015,46561.69260327321,28360382114.966846
2023-02-14,46351.82030091636,47651.62219283105,43788.31346946122,46169.32163837281,21069138788.85963
2023-02-15,45245.14755618153,49240.47219006332,45245.14755618153,48097.86980950855,36270889958.067726
2023-02-16,47784.614412515286,49992.32641670365,47784.614412515286,47905.39812173491,23732584081.001114
2023-02-17,47441.61226260338,49277.33344380184,47266.28327480954,48109.82452074388,11690664940.625704
2023-02-18,48406.86835162385,49574.81842316603,45268.833360499375,47884.08578013079,12472260871.100857
2023-02-19,47561.62752800432,48231.60707044527,46514.733930119786,47930.40747654377,10862411977.87964
2023-02-20,48355.935520459505,48355.935520459505,44717.99865885819,46378.02533164393,25334248298.433254
2023-02-21,47026.6145922086,47026.6145922086,42959.340046726815,44397.61285495531,37840261793.20845
2023-02-22,44744.43605647868,47305.66421387155,43511.39711026979,46543.57821615264,24121763086.08461
2023-02-23,46443.32879945861,46443.32879945861,43626.12752131734,45384.23165241535,22087884648.3487
2023-02-24,45448.27538249536,45448.27538249536,42818.039717496235,44057.11636685684,36432663388.33935
2023-02-25,43385.25197720053,43385.25197720053,40919.185540317034,41232.98016049193,43877626533.72722
2023-02-26,41177.818938361415,41296.369732958694,39444.87908241359,40463.207738598336,27650984504.594868
2023-02-27,40115.04673380164,40559.11545843343,38279.753114082036,38877.34562744364,21346696809.430927
2023-02-28,39147.28129442558,42215.04691204522,37337.779151035174,40811.90002744107,18481682616.08237
2023-03-01,41861.889160493134,42641.1991565092,39890.080301003465,42068.68260034239,13499532445.360807
2023-03-02,42278.95097794806,42278.95097794806,39661.18834590874,41221.22958806464,14585800008.103716
2023-03-03,40400.457135843906,45474.99488606206,40400.457135843906,44027.28540679292,26642824169.684032
2023-03-04,43868.245558783005,45871.66074709539,43868.245558783005,45346.03312844585,27336647381.84608
2023-03-05,45401.577904045495,45632.01419103173,43282.05816898478,44926.81170467785,12322831209.849112
2023-03-06,44966.05861063459,44966.05861063459,41420.12562423669,41580.56521275856,22202080859.079834
2023-03-07,41276.688984481414,45309.16286891585,41276.688984481414,44459.11610651376,23051622774.113155
2023-03-08,44568.1706471724,44695.487069434676,42334.62765539496,42627.9707554193,31964270546.04192
2023-03-09,42098.31786202146,42098.31786202146,39786.80159874467,40545.08445080855,33219731822.359554
2023-03-10,40161.97041121283,42204.63180755976,40161.97041121283,41809.163128715874,27567282876.62403
2023-03-11,42079.16571817537,46885.95282149114,42079.16571817537,44890.1879007897,26071304577.566185
2023-03-12,44434.25476800851,47784.999930343954,44434.25476800851,46776.84100260689,24744709654.83673
2023-03-13,47028.59938956558,48813.959945980314,47028.59938956558,47591.56604056647,14012335935.69448
2023-03-14,46939.8167838494,49162.788387505505,46930.46191117498,48464.52053946506,17194251724.340225
2023-03-15,49319.83494240111,50763.097134827956,48079.78618621944,49729.56407605101,35250815373.26035
2023-03-16,49344.52301886749,51239.76850055259,49344.52301886749,50886.66449613748,36479686326.01011
2023-03-17,50772.84803815385,52938.70657212979,50316.545964928795,51341.37463790717,25004229870.079712
2023-03-18,51511.116030886194,53759.101460636186,50781.04547826353,51527.54016269642,29363955476.472164
2023-03-19,51236.22923886164,52925.073836324904,50643.17542063426,51456.54583542523,23169730557.55615
2023-03-20,51530.33758951462,51530.33758951462,48397.37156942248,50318.38170558378,13022677690.08885
2023-03-21,50607.891898396556,51406.75900553056,47755.514637847795,49919.84742684577,32306199162.783806
2023-03-22,50399.38408687361,50399.38408687361,47226.45279406384,47409.44297461303,18003153086.67139
2023-03-23,47784.687500166154,48648.61537901428,47238.3125297853,47293.28088824022,24232375169.072636
2023-03-24,47212.02608299863,47212.02608299863,45422.6112188623,45914.3160212612,19446923494.1943
2023-03-25,45846.991045139235,47599.697512555635,42839.11732905809,44417.15671922184,23656709111.022644
2023-03-26,45460.56394894447,46029.04251915789,43984.77104529523,44679.07689872111,24270158259.213943
2023-03-27,45103.47856597676,46680.260611502024,42138.08058464225,46567.21775301405,26644950909.29961
2023-03-28,46137.95012367662,50160.800910883256,46137.95012367662,47873.40484262812,19221409241.431988
2023-03-29,47921.272581062316,47921.272581062316,44993.570421435725,45641.7852089641,24468468559.9795
2023-03-30,45488.81989742038,45488.81989742038,44264.34774863675,44309.55425618587,21743725695.48094
2023-03-31,44249.588260378514,46291.80328075096,44249.588260378514,45582.26359321857,37569749780.43792
2023-04-01,45021.83186956622,46391.85008006946,43882.973463630864,44261.53474453685,33497624520.254036
2023-04-02,44079.211199028294,45131.11111219838,43856.31660539424,43985.38727270808,20367051532.21923
2023-04-03,44782.20709520853,45049.80669670683,44187.16914081205,44733.207604217256,16376028295.91178
2023-04-04,44992.247008074715,45408.00712612106,41786.122004356934,43456.059602065136,33706311677.88527
2023-04-05,42373.49901575519,45276.89966415079,42373.49901575519,43615.16376013647,13624873292.784222
2023-04-06,44145.8397038975,44145.8397038975,41577.8409958241,41891.4591293849,19824846386.18715
2023-04-07,42347.920835636105,42427.65534315532,40172.95258899083,41156.63981660009,20358421096.10569
2023-04-08,41008.77005799272,42377.20482350109,41008.77005799272,41572.0526330092,30393461231.783348
2023-04-09,41870.23381094814,41870.23381094814,38177.38529592642,39606.11807929273,18611147930.196728
2023-04-10,39265.74341308396,40485.43650198342,39265.74341308396,40149.28597281053,14151377934.66155
2023-04-11,39960.48166048327,43464.0122608939,39777.63867966955,40145.70730764742,19897219153.025745
2023-04-12,40747.309343471345,43391.669377085644,40622.6277915252,40831.18316131464,18179606022.72994
2023-04-13,40720.23257103113,41267.32027781694,40720.23257103113,41125.87912350733,22917251376.75709
2023-04-14,40356.93554027778,43454.17764201247,40324.76856957592,42829.48629598689,26916893819.46872
2023-04-15,42802.37385086084,43666.035710074604,42802.37385086084,43011.800072737286,19495156772.19318
2023-04-16,42977.997790296584,42977.997790296584,40445.450845609084,42479.2208142235,13754969619.967148
2023-04-17,42988.278444975906,44482.821056260604,42119.56729460795,42656.31350372071,13355491432.644823
2023-04-18,42662.42889290922,44230.96366317424,42326.80730138956,43372.89439204846,30860115730.656082
2023-04-19,43190.0419413319,45179.6396964221,42318.1160707083,43458.156919351226,28262528993.31765
2023-04-20,43912.31905884112,43912.31905884112,43292.69691787148,43532.80720038971,14946071293.590279
2023-04-21,43585.39057942132,43585.39057942132,42329.20505516222,42637.78353994287,14791729017.551813
2023-04-22,42317.990492476405,42969.55275330404,40493.33014726656,41811.16365678384,13214154289.177023
2023-04-23,42294.08157705377,42294.08157705377,39327.69368582248,40072.73248165969,31382146968.008194
2023-04-24,40150.33804247377,42789.13943436444,40150.33804247377,42196.07847147644,37186721863.34156
2023-04-25,42197.31311467254,42197.31311467254,40550.298833191344,40642.59199006152,23882856327.45659
2023-04-26,40714.898571699036,41211.348088417595,39183.796616246655,39818.06938880219,28379971004.855682
2023-04-27,39391.749913747575,39636.8256735007,38419.248736164496,38979.810713000974,29366270985.239594
2023-04-28,38774.13226982665,40683.78136681106,38774.13226982665,40045.82010282981,36557516637.364624
2023-04-29,40047.25478511477,40748.85756820565,38581.13427983901,39711.497960193126,12240641179.449308
2023-04-30,39634.19409091416,41806.18279701858,39634.19409091416,41217.84491238813,19097872694.78002
2023-05-01,41742.31246983868,41742.31246983868,38363.555768707454,40405.658871843385,13611048686.893408
2023-05-02,40493.50313906368,40943.740325121245,40125.52406701657,40764.04998966082,29786651988.20593
2023-05-03,41112.5434520479,41247.46552341808,39485.08305186605,39762.86814352175,32201037735.960693
2023-05-04,39766.604005973364,44043.89463842673,39766.604005973364,42341.668035068826,35431910622.27709
2023-05-05,42788.918198349274,42788.918198349274,39170.38294721243,40854.29192856076,15773848318.151491
2023-05-06,41016.69907872821,42037.19066333182,40667.58553412321,41254.444246758896,16981107514.052319
2023-05-07,41259.98079342112,42346.505434339095,41257.00115177866,42059.454858861216,19067627328.937107
2023-05-08,42053.86806405664,43330.410911607294,42053.86806405664,42602.609520087615,23954545702.743885
2023-05-09,42195.993759019984,44534.22377287625,40962.831872386014,42387.09869144591,15927810562.046257
2023-05-10,42601.965558022544,42739.83453781024,40953.401596282885,42243.21055643784,11848193594.581871
2023-05-11,42226.226785773986,43138.13213817639,41141.35760700605,42319.85427878408,25061851315.854782
2023-05-12,42107.41201274418,42493.10459092871,41112.91289708684,42154.38110729526,16606494555.393034
2023-05-13,42620.8032189699,44471.175710651856,42620.8032189699,43394.41012677098,24650562441.81333
2023-05-14,42851.88625702357,47769.672104408404,42851.88625702357,46293.83758360584,20940928566.903313
2023-05-15,46098.24801997695,47815.85960667638,45125.68330550431,45542.73147791723,30277671109.862347
2023-05-16,46010.782668022104,46010.782668022104,43036.93858697111,43693.96576535756,29961496789.87111
2023-05-17,43831.83025114511,45288.14882604532,43412.70791204985,43600.09096428958,28633963061.705185
2023-05-18,43579.22442829845,49159.60075609514,43579.22442829845,46996.15786326639,35417142137.2671
2023-05-19,47114.119884647625,47114.119884647625,44193.36635657139,45886.56743618809,35634993793.52805
2023-05-20,45968.89444077649,49014.49496245315,45968.89444077649,48165.91403477013,41665158296.652794
2023-05-21,47435.3996565285,53268.655493992665,47435.3996565285,50614.2367873936,32472708579.84418
2023-05-22,50437.46054973547,50437.46054973547,49149.8271118363,49798.960515331535,33297198702.51439
2023-05-23,50603.97149578462,51874.7524331501,49199.94757033449,50673.90297241638,19354025239.890934
2023-05-24,50339.79770008567,53486.94294938371,50339.79770008567,53174.75629833336,25857060117.865982
2023-05-25,53005.50050978826,53099.49470279491,50971.60662676908,52596.54291949412,12095846171.61296
2023-05-26,52311.66912225931,53330.41824718321,51931.770150836164,52301.612496523165,23005537521.537518
2023-05-27,52256.10213161033,52256.10213161033,49174.2716282839,51415.07781003247,28580906111.209854
2023-05-28,51115.264752579016,51384.48016567822,46754.511001099745,49875.57146093265,33096904905.606037
2023-05-29,50118.33656667151,50952.43148683035,48759.00109426117,48929.01658875556,15462810830.004993
2023-05-30,49025.5601009869,49025.5601009869,45901.93744465373,47156.89528856825,25722331380.01175
2023-05-31,47521.67632743149,48028.994823513065,44910.99413695491,47228.69185252569,13743369637.91916
2023-06-01,46732.34608759497,46732.34608759497,42848.67022703328,46161.36134452109,28495175940.393074
2023-06-02,46004.25554441582,46668.375676266325,45717.412348706544,46508.19830373629,14147633641.193804
2023-06-03,46403.218774609704,46403.218774609704,40217.87881577577,44360.595305281415,41051250285.27286
2023-06-04,44562.72298708683,45392.943818472326,44213.4139173387,44823.11692520755,16136271745.116665
2023-06-05,44467.57046050791,46976.93423680508,44209.21473571127,45966.369466872464,19865125807.79885
2023-06-06,46387.26227757533,46387.26227757533,43056.41669296609,43240.00897663455,43043136316.290245
2023-06-07,43753.01518447455,43758.38298264782,43434.918334287555,43746.85526426221,21416325603.29572
2023-06-08,43314.254709593755,48245.329881257974,42599.71180142437,45379.928423678895,14392079959.62428
2023-06-09,45157.17065532495,45157.17065532495,42790.84664492478,43755.81570249415,27010820355.418858
2023-06-10,43523.06473206236,49113.78777929105,43523.06473206236,45973.23668357193,17615467291.141296
2023-06-11,47183.42982387401,48373.86341243455,46553.86078280252,46574.13310468876,33589754881.163708
2023-06-12,46373.91085747204,46612.64061855382,44875.58200661201,45612.36069092683,26256209597.4211
2023-06-13,46377.56525864584,48545.36667775662,44620.27516925327,45558.85409270658,15308145848.271294
2023-06-14,44981.791070164414,47038.649458452564,43991.90022491342,46344.73555006119,24944138605.806686
2023-06-15,45886.084426923684,47628.06717320403,44980.2730058082,46473.58141079784,11858098837.886124
2023-06-16,46154.49169471914,48838.1257000665,46154.49169471914,47247.95581576858,30329760594.025734
2023-06-17,46848.38490355766,46848.38490355766,45592.43877525193,45966.581436279695,36237599675.90453
2023-06-18,45843.437546475965,47206.767310517964,45843.437546475965,46223.112870302924,29022994408.013927
2023-06-19,45895.493521658864,45895.493521658864,42894.93496656059,44285.83588403341,23891005837.2381
2023-06-20,43922.98361094535,45145.401111044426,43888.784754716115,44160.206629007946,16983867194.114573
2023-06-21,44671.79025638976,44671.79025638976,42611.869351465044,42984.78428570372,13550262146.993696
2023-06-22,43510.8293344432,43510.8293344432,40095.311866818454,42057.77880030966,27994203776.546963
2023-06-23,42457.03182175543,43692.479279251565,42280.62818183607,43638.427689897,28477018606.592678
2023-06-24,43867.09259522548,46432.93553826423,43867.09259522548,45088.93863728612,25564528488.78904
2023-06-25,45130.7555013058,47253.27993704959,42731.89777439415,45935.44484726123,33438032205.0981
2023-06-26,45707.131588476426,45707.131588476426,43501.50408730679,44453.136386957565,17667986024.99835
2023-06-27,44029.42798138627,45893.01760135487,41801.257672905005,44053.40251610298,11109934986.9657
2023-06-28,44213.31447445234,46897.12235708035,44141.458982748925,45678.66165541728,15696593904.194944
2023-06-29,45142.56299932068,47312.1864729327,45142.56299932068,45895.7041547152,15154849705.83503
2023-06-30,45439.53714552906,49701.76221806174,45439.53714552906,49112.06987892131,18140229106.108112
2023-07-01,49678.289442951966,51317.51471402026,49595.19221386323,49716.12551024966,22523776513.049374
2023-07-02,50661.05457334157,50661.05457334157,47919.907163393495,50027.42171239131,17301290266.21836
2023-07-03,50224.17712973619,52077.89499605929,48711.604508091346,49588.50643186045,14803702868.979265
2023-07-04,50137.18200799186,51875.073476170146,49160.190737494246,49811.96350554775,26128314057.00343
2023-07-05,49689.501631383544,50634.68812941502,48591.59192700797,49609.02482953599,14663026862.719719
2023-07-06,48945.417710421454,50915.17000202922,48945.417710421454,50687.68676966639,28916583388.93527
2023-07-07,50997.98240220457,52782.30742704164,50997.98240220457,52167.821434016165,21945186825.51818
2023-07-08,52464.807271622616,52464.807271622616,49849.316111621425,50963.804609989245,24907088171.565628
2023-07-09,51000.32963175557,51000.32963175557,48166.1583215441,48953.94562822931,39986820419.86381
2023-07-10,48835.293278252364,48835.293278252364,46110.29185710253,46281.73766112859,16613425287.40249
2023-07-11,46727.06543685512,48063.150660716696,46551.03581960832,47010.20016974801,23154070766.798992
2023-07-12,46546.80509759443,46546.80509759443,44755.61663507261,45477.6207193274,35919567300.88354
2023-07-13,45125.72372245969,45125.72372245969,38836.91307740462,42563.10927459205,35704424690.71633
2023-07-14,42134.02780051533,43433.407909997586,40399.264335210624,43080.56423742194,17426348959.301056
2023-07-15,43117.17106917471,47428.37370636565,43117.17106917471,46324.09929517941,31470902636.76575
2023-07-16,45820.142656024604,47403.858620091756,44770.631678358404,46338.82445955741,23680347408.0908
2023-07-17,46021.7546766502,48118.821245533065,46021.7546766502,47527.634176035375,34952416729.98588
2023-07-18,47192.20525424301,49529.398384089334,45018.17807674225,47668.07266766064,11141084798.078955
2023-07-19,47543.84569842571,47862.41104630033,46913.80754846725,47550.49032876262,11712738210.910568
2023-07-20,46843.236486472815,50411.196287351035,46018.14488129413,48885.3416963981,21133248340.169533
2023-07-21,48927.97215473183,49819.29604530496,45966.05428977759,48484.07925889344,15858559453.650599
2023-07-22,49088.822949480775,49712.88793726933,48029.88340939622,48897.24940298332,16602330651.702847
2023-07-23,48963.50095722457,50919.0354816579,48894.38824764572,49393.602163543575,15889712829.77788
2023-07-24,50154.916197869316,50154.916197869316,47687.130252018906,48428.31714233016,16636162907.492676
2023-07-25,49074.35001445957,53458.803101476595,48655.60047422488,49893.81954656063,16429175824.675083
2023-07-26,50281.861267584834,51185.12655092598,49564.0287222891,49656.88414047979,30040992818.792828
2023-07-27,49693.97080282733,49693.97080282733,47974.197632106494,48555.8740878101,15740428746.59262
2023-07-28,48566.79934799583,49792.5483344717,48566.79934799583,49361.67315719225,16426033226.846392
2023-07-29,49738.69750440158,50628.92435699658,48036.46644382245,48055.857507989705,18873663060.646706
2023-07-30,47867.636837985774,52358.474501240606,46571.04064441976,48120.51352723193,29045903055.83336
2023-07-31,47214.63487436908,48998.08234047672,46748.21086042233,48131.40945995438,25171148967.559456
2023-08-01,48368.217945794255,51298.730391787256,48368.217945794255,49723.44568797801,34325831905.152607
2023-08-02,49161.039392078535,52572.26402133872,48636.08533909881,50456.416364845565,13878107079.458698
2023-08-03,49970.954380731986,50598.11136816929,49168.89733446205,50443.76145350427,26793229145.48833
2023-08-04,50443.87442129704,53214.37005377326,50443.87442129704,51706.51957787824,22710819117.3929
2023-08-05,51657.33381444263,55213.50931095099,51657.33381444263,53888.85665318452,21695636804.497185
2023-08-06,53127.905253862504,55585.191720344366,52378.78472140284,54817.59387067104,25222963580.63721
2023-08-07,54908.31236418777,55540.910889903374,53646.23455737187,54862.02783890853,26658004748.84037
2023-08-08,55392.07164861286,55392.07164861286,51498.019763472264,52730.358975849485,35509471128.50591
2023-08-09,52135.3804153746,52896.73667316564,49817.580184813356,51071.80938121602,36543981765.38972
2023-08-10,51721.689642354846,52658.72308873354,49529.809577082764,50629.69394832944,31035237847.243046
2023-08-11,49839.784234495026,51519.06858415319,48686.5242520018,49729.2263077107,17387995676.72202
2023-08-12,50782.15522313273,51657.733629666596,47600.88094656776,49475.15277368824,19421181579.445774
2023-08-13,49271.68104740881,50537.59395208217,48603.61727176279,49583.97326074216,10518955646.597168
2023-08-14,49656.175953511905,52844.139718534374,49656.175953511905,50396.69338842551,32108065484.26768
2023-08-15,49443.171030093836,51228.763185375115,48941.065052955964,50315.304576056646,13302865035.330757
2023-08-16,50284.04062496103,53367.2976886252,49667.89104034254,51074.81657992071,31339802133.484375
2023-08-17,51191.513433108084,51321.36746307535,50033.6097262637,51199.14455552641,16991530745.346703
2023-08-18,51155.03029529642,51155.03029529642,47738.44892160405,48190.47817894333,27565671733.44365
2023-08-19,47919.126715376646,47919.126715376646,45335.440858730544,46856.56276407685,13767287915.744734
2023-08-20,46413.03516635038,47740.25206875177,45306.89389397402,46677.44761751312,17169745578.501854
2023-08-21,47205.14858814969,47205.14858814969,44752.34159818055,45006.82245155747,37705414777.16243
2023-08-22,45020.68776410841,47915.93177717377,45020.68776410841,45839.35243781907,12455248671.99038
2023-08-23,46545.62334988466,48288.63660462042,46242.82077206623,47967.330920986606,26541351410.692554
2023-08-24,47714.791387621524,50041.21055989134,47714.791387621524,49745.13717807429,14567030140.167177
2023-08-25,49528.847961413296,50157.0339235686,46859.88021582658,49451.47739984017,18446730536.964287
2023-08-26,49854.80080338104,52084.98798912351,49837.37419676746,51687.76143451368,19536414783.195923
2023-08-27,50848.88200801139,52742.828172088695,50695.09426173903,51944.1339570591,15790572079.421488
2023-08-28,51313.81092374144,53071.24808062557,50784.55186262667,51444.8168588736,30200422138.47876
2023-08-29,52009.41599243989,52009.41599243989,47985.23698888963,50523.84763670477,22072430001.184956
2023-08-30,49931.7415239012,53094.42102389143,49931.7415239012,50090.651589877685,16802882644.084919
2023-08-31,49179.47708356035,49781.38038720803,47805.29163990626,49532.37602248815,24214969156.42214
2023-09-01,50457.901935366936,52249.11406585312,48458.10207295265,49810.375822710426,13562902547.368965
2023-09-02,49116.11001402102,50144.7247517131,49116.11001402102,50075.228520925055,15995402510.63573
2023-09-03,50167.426730389234,50390.80166360888,47853.962176035944,50104.84203984337,21048705503.186802
2023-09-04,50139.45706653078,51531.54302801818,48365.76607082487,50786.67600015286,16757724949.451302
2023-09-05,49359.25130342349,54356.8336096954,49359.25130342349,52626.138335803815,32124011809.959118
2023-09-06,52485.45970939637,58329.92168809904,50497.28194031191,54151.59242364381,25577823173.3042
2023-09-07,54394.41533887535,54394.41533887535,50803.87973747074,51766.38053250976,36645226415.938354
2023-09-08,51949.79367520919,51949.79367520919,47792.76496498467,47826.0461231954,51012280230.60438
2023-09-09,48258.16434216388,51154.24564234194,45976.44405057502,49190.50396131948,15829830893.217577
2023-09-10,48999.89503071116,48999.89503071116,46986.51657596599,47197.97565242873,23455148633.45587
2023-09-11,47534.263325529864,47534.263325529864,45871.84008446068,46903.32048127377,17414263998.21212
2023-09-12,46580.0022593016,46893.77777901589,44740.578993404015,45280.30655369715,17530285792.39465
2023-09-13,44641.642583705434,44641.642583705434,42847.05480263771,42855.11990845234,40241876157.58389
2023-09-14,42298.97685696814,43841.0242254109,42110.53437650966,43572.68097270178,29416626112.955406
2023-09-15,42935.60024859096,45608.99984438079,42935.60024859096,44586.82008144756,24270942020.475204
2023-09-16,45036.962360518744,45036.962360518744,41239.303899079416,43837.97052611971,24241352359.925865
2023-09-17,43174.0122376222,43174.0122376222,39007.6662154641,40452.30844233343,19833743501.567074
2023-09-18,40563.16347940468,40563.16347940468,39026.30444675983,39809.62912938595,24463986499.098152
2023-09-19,39703.765693960406,41229.7835306801,38152.86695996521,40297.461108345145,28991681321.51585
2023-09-20,40256.0963393806,40256.0963393806,38130.766032071995,38529.7183961386,30897744842.969658
2023-09-21,39055.11244700825,39055.11244700825,37384.15389638133,38760.92743756356,16224617127.210964
2023-09-22,38590.98892389082,39462.49141920232,38026.13612378579,38762.5051826961,23360470346.21039
2023-09-23,38999.577269689245,40349.9860159721,38999.577269689245,39455.53012795482,20310234989.20285
2023-09-24,39470.35094737607,39997.08101795438,37944.64319225598,39616.80109787909,21751631007.829224
2023-09-25,39556.57607040341,40447.900035984974,37200.90435496679,38480.11313786517,25418365821.833435
2023-09-26,39365.14385906506,40632.81422105395,39365.14385906506,39880.67939728195,24037950884.20481
2023-09-27,39305.862516654015,39754.54240581648,38925.09184780338,39710.9517246743,25415041044.666424
2023-09-28,40222.87824551227,42041.26107337556,39672.977088080275,39698.27852302633,27765851228.37848
2023-09-29,39958.86062963797,39958.86062963797,38462.16588762988,38606.65372101072,12882721053.793943
2023-09-30,38421.52516682753,38539.44837411376,37540.63332154281,38112.5477166986,32341949280.62296
2023-10-01,38733.522514115546,38733.522514115546,37097.89847353835,37119.94142081051,25499099234.170544
2023-10-02,36433.92402969981,39118.14802701131,36433.92402969981,36945.908963121394,25140535505.628574
2023-10-03,36753.13752891576,41641.34003826711,36753.13752891576,38861.60068796522,41170658175.01036
2023-10-04,38391.96515935705,38391.96515935705,36851.608191374864,37281.60325631036,27205987441.968456
2023-10-05,37435.2345787686,37435.2345787686,33277.80358790021,35495.55938197837,39490359851.648476
2023-10-06,35100.47105298199,37222.90211346611,35100.47105298199,37079.90757328598,19601523401.273994
2023-10-07,37240.48728447088,37643.24952525055,36275.886274861645,36865.59644902188,13945310169.206936
2023-10-08,36796.86555233109,36796.86555233109,35231.295128918304,36144.05627989204,27680275472.323685
2023-10-09,35970.79832107854,37543.78109434684,35970.79832107854,37289.71951444099,36088783214.84704
2023-10-10,37434.64498238741,37434.64498238741,36346.49849346138,36630.86736588698,32768930519.280518
2023-10-11,36532.46893510614,39240.98328974201,36532.46893510614,38655.8323883427,35520070334.02353
2023-10-12,38235.011528088704,40344.41011142127,38235.011528088704,39461.33397016324,24783567606.839462
2023-10-13,40566.793121353054,40566.793121353054,38189.61560908825,38903.45558640761,18978599478.004364
2023-10-14,38713.93071772631,41663.55833287538,38713.93071772631,41440.70964202982,48904910666.799324
2023-10-15,40521.71670212873,42314.95913716383,40451.32333186518,40708.392309350056,19290955623.069695
2023-10-16,40365.58747110637,42953.579303091254,40365.58747110637,41635.031791545975,30547969267.92408
2023-10-17,41107.40073945514,44159.563150866925,39924.09133701415,42029.68099044769,22596021153.047127
2023-10-18,42376.90735738609,44170.79276488081,41501.54401886413,43692.04896470868,30939075801.200043
2023-10-19,43832.585602233725,46436.031933527614,43832.585602233725,45760.66369918095,26330038369.64228
2023-10-20,45943.11732353381,46064.814709889855,44949.411049160015,45827.47996410185,29724227327.967743
2023-10-21,45657.90799270761,45657.90799270761,43404.4443657192,44814.57643334732,26171025984.279633
2023-10-22,44689.38680336325,46881.1358593171,44689.38680336325,45455.38742427267,32867584917.062607
2023-10-23,45286.77925405067,45286.77925405067,43631.5756279705,44553.94067712082,12165084207.632675
2023-10-24,44517.76591402724,47654.635247183316,44517.76591402724,47267.34772705056,34518886360.1052
2023-10-25,47662.18768662478,47974.72338090573,46951.053257877276,47484.59129005356,25462590573.347202
2023-10-26,47644.17532610809,47929.75879714352,46715.324306950075,46987.919249093466,27506223123.949753
2023-10-27,47222.91186163007,49966.61566819383,45820.89543408879,47271.74550768435,29796864685.375107
2023-10-28,47507.89572345287,47507.89572345287,44399.237931123374,45384.95104667742,14114548026.995825
2023-10-29,45786.35481391916,45786.35481391916,42047.60021185742,44084.743854978646,12873337009.024254
2023-10-30,44211.77406270969,46727.80237305657,44211.77406270969,45694.384416456654,26545207045.13239
2023-10-31,45858.35783425761,45858.35783425761,44444.75440997631,44816.740217536186,12619084769.888477
2023-11-01,45349.52442234158,45349.52442234158,43296.60625728526,43431.574461392695,38605423766.38837
2023-11-02,43142.73454831272,44707.199699384415,43142.73454831272,44152.52046806239,16838499588.812336
2023-11-03,43774.688550295374,46978.444244672326,43774.688550295374,45745.15153703116,26470316724.445717
2023-11-04,45202.64990437275,48211.47388162874,45202.64990437275,46754.68295713239,13699456904.261929
2023-11-05,46840.20408143546,48418.516214271716,46840.20408143546,48175.157111412045,26651226923.2956
2023-11-06,47282.11869177983,47558.23981050457,44590.89963791106,47105.48302117839,21506805732.44246
2023-11-07,47323.18294042946,47442.42483640211,44987.77369027777,45119.78341604284,15485155207.490082
2023-11-08,45070.51572829892,48322.145207386275,45070.51572829892,47174.53878409431,24308798751.528275
2023-11-09,47709.79982934613,47709.79982934613,46322.955689577524,46741.45787631725,19465467390.496334
2023-11-10,46427.39392968257,49315.83923128321,45009.69040247195,46413.09957907671,31891766687.997463
2023-11-11,46318.73326080341,49424.83896533651,46318.73326080341,48285.67433784584,19869765234.665577
2023-11-12,48827.53778476833,50236.1358213713,46547.38032754842,49115.55540774048,24486896920.612564
2023-11-13,49794.89016269801,51975.37110016068,48409.18677779418,49811.84861932591,33963336371.531334
2023-11-14,49473.05215251685,53280.49259321162,49473.05215251685,53072.03761557652,42752933768.682495
2023-11-15,53168.512619713234,53652.259751820835,52004.68658422611,52073.98892251298,35484068536.40273
2023-11-16,52227.30462833795,53637.51665404595,52067.67294643176,53549.5160135212,37686872702.68395
2023-11-17,53749.60560379936,54452.989108827496,51355.46046081746,53667.88152886768,20228245245.116592
2023-11-18,53526.96273510253,56936.784996476425,51961.175459539525,54127.15882768017,25975178477.76058
2023-11-19,54820.735254774074,57725.47973099725,51837.39381090817,56636.17200547978,17868165125.417667
2023-11-20,55565.91629010234,57837.342069161394,55205.863099655646,57527.34628879509,21784785535.533154
2023-11-21,57285.081240294254,60154.01605219944,57285.081240294254,58485.11231030116,30539109991.793247
2023-11-22,58747.08510243577,61418.384139640715,57689.103374120714,60396.12622874188,26676617000.868702
2023-11-23,60672.272303315935,62038.78099551076,59463.391777798955,59765.07235822637,26567280522.134354
2023-11-24,60573.54977170572,60573.54977170572,56459.11848303924,58290.29209963831,31063130822.02651
2023-11-25,58988.74118134738,58988.74118134738,55229.48144502306,56492.37025245192,19717424827.823833
2023-11-26,56331.06102025849,56331.06102025849,52841.58422366948,53188.092102716815,43607110683.47333
2023-11-27,53879.46881694261,57077.347516851354,52960.51167547936,56495.65817505404,31133993216.747135
2023-11-28,56092.25559226234,56092.25559226234,51540.90131969889,54654.1115223714,18833576447.22597
2023-11-29,55162.87975071013,55714.77098625338,53670.022528192436,54318.66597158701,28984395316.8736
2023-11-30,55302.11762898101,55302.11762898101,53471.519568324176,53894.74142937804,19788980956.02472
2023-12-01,54549.53241427899,55127.04204987744,51607.192811288885,54418.71693485514,27437406518.90409
2023-12-02,54476.27582046605,56527.25462442135,53744.89588665355,55777.66746719468,26194982213.552246
2023-12-03,55592.60900714889,57478.732286767,55592.60900714889,57245.41242387028,22278585797.50029
2023-12-04,56370.364032051264,57999.42079750003,55951.17235906822,56272.67987670424,30649096968.802807
2023-12-05,56447.42885303798,56992.31191816922,53645.68796429482,56018.68461563211,22668382480.885536
2023-12-06,55393.954593915885,57095.321656104956,54838.52415662089,56521.58667169308,19410228227.64687
2023-12-07,56073.29437537529,59106.960840814216,55510.6109774099,56128.154953736994,13040607105.025454
2023-12-08,55459.8113055944,58894.339698846255,55459.8113055944,58862.73927786548,41506227916.67532
2023-12-09,58591.73973943851,62252.87536330243,57328.22450832406,59759.17456461177,12340351587.968784
2023-12-10,59742.4602733838,62152.21851702959,59742.4602733838,61106.52484890028,33410722305.436977
2023-12-11,61273.72121093051,62407.32115807439,61273.72121093051,62352.2692327956,20705540969.869698
2023-12-12,61977.83971872149,64786.208011763105,61977.83971872149,64578.50810439916,30922614669.10958
2023-12-13,65269.035569392596,65361.16047642718,61797.77947709727,64961.5004243259,30130907313.87755
2023-12-14,64826.24716477328,64826.24716477328,60899.82116040507,62466.65670041566,18039885406.605392
2023-12-15,61974.59283227553,64104.66188122211,61974.59283227553,63246.9051308486,24004388061.71756
2023-12-16,63390.02798643051,64336.74097390082,60768.60914589142,62042.63935337474,30103796331.017387
2023-12-17,63260.8793564033,63260.8793564033,60006.38658689629,61089.7574487921,29014597027.153736
2023-12-18,61294.5062259524,65454.977139742885,61294.5062259524,62194.92739798992,24223563390.698288
2023-12-19,61969.24960398539,65112.38718298416,61969.24960398539,64536.47263346816,30963738141.97324
2023-12-20,63550.70295338981,70615.35143463491,63550.70295338981,64609.92464568183,25436790073.79039
2023-12-21,64468.16251043844,65818.67657335092,64468.16251043844,65240.83993816821,29439577151.00652
2023-12-22,65394.109020226686,71027.90433904983,65394.109020226686,68605.07834043646,38249705912.23628
2023-12-23,68339.17816635802,74741.0928072831,68339.17816635802,69134.88760179235,18399125790.161987
2023-12-24,67983.52580400692,75055.28153597422,67983.52580400692,74565.46713582352,53448247486.33979
2023-12-25,73931.23907984464,77722.18633947687,73931.23907984464,75867.77459628135,21954325866.759598
2023-12-26,76971.3005572039,76971.3005572039,71318.81244075167,71898.1539197047,15977595087.5607
2023-12-27,72929.17416857692,74876.22899855947,69863.8492182102,73559.01915151335,21237672243.06564
2023-12-28,72906.81607523332,74795.54129021423,71395.1392287384,74436.92776908967,14054145809.06808
2023-12-29,74937.70725283895,79914.38498454461,74937.70725283895,77354.30321084347,17300040526.980682
2023-12-30,76442.62644535187,83466.70285369267,75533.86964862749,78955.18459330955,18865543192.332466
2023-12-31,80063.96510603257,80063.96510603257,75842.82946961203,78666.70765240159,11471881225.48041
2024-01-01,78859.62661992344,78859.62661992344,74576.66907533628,75816.695663222,32381952805.819756
2024-01-02,76536.68246811976,77462.92711911621,74100.61466888904,75379.18043052791,12142240952.94903
2024-01-03,74086.3571218032,74843.59754497033,71335.9266983028,73493.52397741226,17584435065.95579
2024-01-04,73991.54336339526,77069.94829390259,71127.40959908941,72250.32931707076,13863857444.31115
2024-01-05,72244.78478078671,76306.23411496141,70852.10572469328,73562.20398817844,13308481578.007399
2024-01-06,74188.90178906819,78598.16198426005,74188.90178906819,77284.24076386882,23124240264.391422
2024-01-07,77991.28939562186,79771.70728666893,77330.67298267534,78237.93957025527,24083457282.266598
2024-01-08,78289.40815585302,78289.40815585302,73408.35994127602,75470.15573782238,39656798462.26629
2024-01-09,75016.7086734777,80228.0748096421,75016.7086734777,76514.51779405205,31318145705.297924
2024-01-10,77111.09856810533,85017.86175763841,75986.93095464956,79299.56548828523,37535187053.84198
2024-01-11,79251.8632316353,81343.94385513933,73981.03871138275,77888.54969038801,15927258741.647228
2024-01-12,77208.7501481694,82890.68614165037,76797.5792956217,77614.34188286016,15836717319.648476
2024-01-13,76900.17178409382,80948.07033528533,74144.13795016988,77687.3494908222,11636302731.25183
2024-01-14,76539.77960816755,79474.26053876526,73434.38630954323,75896.8930786723,31462325824.283096
2024-01-15,75509.59794290882,77573.99032285211,71553.36035501162,77410.91564838494,13669712214.690004
2024-01-16,78264.51965803302,79237.8175207728,76270.57686505961,77168.73989831796,21795076159.500843
2024-01-17,77305.96891391434,82098.47477036259,76064.52017384191,78178.56796955015,16914847403.284048
2024-01-18,77764.40316349437,79008.68022159922,75208.70447324151,76136.17122719254,18753381226.10186
2024-01-19,76748.95772241754,76974.4012377677,70949.96615128223,75175.04731106074,33578208892.93618
2024-01-20,74549.23261682666,79728.61782783295,74549.23261682666,76841.78641725621,30708519941.00271
2024-01-21,76915.05527140728,80017.24205082771,74057.73450657852,76020.7323471956,29595825120.635063
2024-01-22,75884.17602233167,82831.57432926858,75884.17602233167,79997.29441460612,32654504055.838013
2024-01-23,80620.57783503238,80620.57783503238,73588.48556348677,79078.19865383317,30570625840.5586
2024-01-24,77830.95486945283,82582.79508229138,75873.87813719014,79650.76765448476,24568605203.107513
2024-01-25,78973.57862336226,85165.19292539422,78973.57862336226,81919.0403082988,37160221496.74068
2024-01-26,80577.0051864762,80577.0051864762,76511.77307399816,78474.26503901143,22197981119.90105
2024-01-27,78270.54841950623,78270.54841950623,71033.28906316218,74368.15684969875,33368748809.975426
2024-01-28,75269.0731557205,75269.0731557205,69277.06009145279,71001.53348510312,34578002260.83061
2024-01-29,70642.65821529145,73998.74864636849,70642.65821529145,73726.396476763,24712490511.170208
2024-01-30,73349.88761174573,74310.99135204886,67960.94776073583,72542.66430111145,32024607384.095676
2024-01-31,73175.03642377813,81353.60330238019,73175.03642377813,78146.29339312926,52457831947.08955
2024-02-01,78981.32526613073,78981.32526613073,75496.9165276981,76862.55078809436,23140405173.07195
2024-02-02,76794.47280653132,78917.58483078507,72330.31893016888,77326.53458093815,18888090522.713646
2024-02-03,77856.00084933586,84957.27275354955,77856.00084933586,80942.57840547408,28528963281.415504
2024-02-04,80070.86363183263,88426.01582076556,80070.86363183263,85854.39962133134,43472301980.19788
2024-02-05,87037.45121265904,95558.67959192804,87037.45121265904,91207.00137782237,37192238889.693756
2024-02-06,93166.77195693887,95792.7757122057,93166.77195693887,94558.94869226991,14899631917.479498
2024-02-07,95051.80486483607,100431.64088087912,95051.80486483607,97511.25644169256,27351098104.853428
2024-02-08,95478.79848930969,102726.86235563505,95478.79848930969,99293.3534886785,12236818048.38812
2024-02-09,98739.0679409551,105059.36083077203,98739.0679409551,101661.5826097521,31669533960.916367
2024-02-10,102284.59053039445,102284.59053039445,97519.12945184436,100031.38103404152,19222737606.512344
2024-02-11,99609.76577115234,100965.03872303963,95174.37620668195,97626.02979648122,24114721513.414017
2024-02-12,98868.02673612382,98868.02673612382,94459.0697204563,97664.959764987,26077135924.989876
2024-02-13,98239.38332065313,103568.83812597502,96648.39525348008,97215.160015524,11432314578.18047
2024-02-14,96528.35872698405,96659.93276941213,94792.86655385855,95941.9484753655,14895793531.736124
2024-02-15,95972.90396349134,98928.46522289029,95972.90396349134,97994.30250768668,21800973573.36608
2024-02-16,97118.3968775394,106798.62526622755,97118.3968775394,100851.73368681537,18855303650.876347
2024-02-17,100667.59367148645,102694.77057468808,98466.13695229654,101169.63918623036,17286276194.512413
2024-02-18,100608.55920593352,108439.90552338386,100329.66185291599,105704.65956143836,43394901683.117775
2024-02-19,106946.43752303251,106946.43752303251,98403.49665466376,102137.05611718462,35455014718.27923
2024-02-20,104298.28853911647,104298.28853911647,100325.49192240219,101594.73043344091,29147680180.79456
2024-02-21,100140.71850429519,103474.05183900359,96891.54686930518,99460.76668574818,34778064231.55268
2024-02-22,97547.92102245879,97547.92102245879,91533.1787216054,93941.08217965778,26152449697.55457
2024-02-23,93710.76455336451,93964.60882463049,90870.29395249042,93755.03932764502,16257248677.389963
2024-02-24,92331.44809205105,93597.78912123879,91433.89790975832,93459.48357421331,15144065278.993927
2024-02-25,93502.67270035551,98277.65641715631,93502.67270035551,97749.60025856848,38813740504.70101
2024-02-26,98481.68231600583,102240.7358949827,98161.50689096242,99648.32275880768,28173443015.539284
2024-02-27,101137.2100990707,101137.2100990707,95323.80973428443,96636.39194310484,19173688320.804893
2024-02-28,96831.01237821703,105973.95065462582,96831.01237821703,102059.8946172484,27383742403.89046
2024-02-29,101862.7605983192,110767.16167355303,101862.7605983192,105849.48167323985,27610280367.711548
2024-03-01,103755.37149354568,108058.29944253848,103755.37149354568,107750.84861993654,24256482948.301285
2024-03-02,107779.06334039663,107921.44183362157,106943.04871950432,107072.60842874678,29522830287.07197
2024-03-03,107148.93755809448,107148.93755809448,101324.97599185386,104044.2548818151,22592364236.526142
2024-03-04,104709.05273817934,106465.16845165454,102664.37570197255,102934.49770890774,31175201337.427414
2024-03-05,102205.21904027139,108223.58003189559,102205.21904027139,106348.05872677772,25070963754.022594
2024-03-06,105885.3887319865,115433.40380316057,105885.3887319865,112413.89561031756,39145472013.3549
2024-03-07,110752.41569792177,119560.44336849861,110752.41569792177,117674.56306477737,41991496170.30129
2024-03-08,114978.29426574188,117680.19824042919,112969.444229759,116007.64608291468,32139311922.886124
2024-03-09,114721.70470098376,114936.39438601889,109352.62381211498,112169.12441747855,14824806897.651323
2024-03-10,110407.7037011293,113086.33027902924,110407.7037011293,112699.30158844212,14781200506.31925
2024-03-11,113078.77399374355,113078.77399374355,104284.12544740237,106776.59479722312,29806006033.751476
2024-03-12,106223.34889502954,110506.22681623955,103156.69348836994,107865.18553669332,20530530851.196453
2024-03-13,107284.61505771076,113464.44773315513,107284.61505771076,107441.48271875764,23714135492.759743
2024-03-14,106383.81474587011,109458.72452876375,104176.80786509538,105993.05387726342,32789433025.01008
2024-03-15,102566.75905676272,102566.75905676272,100836.09674320876,100975.22696039065,18046475783.33267
2024-03-16,102498.24716220646,104399.52512534657,101904.15302000307,102581.54119370358,22065607440.311764
2024-03-17,101555.44827533283,105470.35006630367,100212.99360742283,100993.47377046949,15992067301.595974
2024-03-18,100576.95641540147,100576.95641540147,94952.48975618368,97499.35154952656,37528680909.06363
2024-03-19,96080.84112262461,96080.84112262461,86691.63654842958,89146.79012704628,54385095653.44749
2024-03-20,90013.23483049437,90013.23483049437,86787.7280668562,89117.77755813237,19637736772.718628
2024-03-21,89245.59823919527,98349.81086758355,89245.59823919527,93900.5101539832,18563356271.65759
2024-03-22,93124.54893538312,99106.44780273401,93124.54893538312,98627.25304138171,38645668452.139435
2024-03-23,98240.40775009822,98437.94566718458,93468.6270569008,97324.10222302434,27106365854.286953
2024-03-24,98957.37576591941,98957.37576591941,92143.2048474264,95614.47183045822,20096107926.089775
2024-03-25,95544.70249356725,99812.82114205639,95544.70249356725,97006.92715344334,31789175665.67254
2024-03-26,96830.6330329949,96830.6330329949,92034.93824925047,94149.92150990816,38209749023.36858
2024-03-27,93263.61157959924,95115.13523166819,91403.57263627206,95049.40698107296,23178372704.678917
2024-03-28,93248.61883277383,99247.8132314415,93248.61883277383,97281.39596937432,26319729828.050163
2024-03-29,97125.70811362547,105242.35831840393,97125.70811362547,100910.7699707791,21900996348.31004
2024-03-30,101239.21950376613,102325.71244083313,97344.93716629852,100658.02660656536,22233376318.893024
2024-03-31,101764.84662922997,103582.7642470909,95342.53443860989,100093.31368693749,19847165029.922127
2024-04-01,97842.71899742083,97842.71899742083,95577.0523224755,97506.95474974417,20189459953.239384
2024-04-02,96409.90758326279,96497.03957457685,91413.47238793073,95136.91066917453,14100951187.47275
2024-04-03,94584.41153663264,94584.41153663264,91144.16989059137,94538.08406129044,16001721060.166533
2024-04-04,94534.79333374026,99067.82578609172,94534.79333374026,95627.25403825929,15565084820.898235
2024-04-05,95488.56230162035,99831.62226236513,95488.56230162035,98295.97533942608,26657005111.40283
2024-04-06,98176.36025895205,98364.51699091757,94157.93174232247,95976.64557721915,27232262465.55197
2024-04-07,96368.32248496744,100876.40903526336,92834.99297608477,100322.5311522136,32210805703.01099
2024-04-08,99416.32463975642,101442.50885122236,99399.81768673655,99556.6982404389,19119642909.09562
2024-04-09,100486.69861722238,100486.69861722238,96737.82086283366,99542.65887128926,18450576821.634518
2024-04-10,99974.12895669944,99974.12895669944,95907.0913513565,97361.04708226323,32533095974.220802
2024-04-11,97049.65504100123,97049.65504100123,87601.15973358904,90328.93050222982,33626770328.558502
2024-04-12,91775.01356962782,100111.20944852772,91775.01356962782,92769.74122254236,37795798966.583595
2024-04-13,94213.62435108845,98822.10618381553,91038.35728301152,94866.83062279384,23040413652.3877
2024-04-14,95751.83887929347,98112.71299887096,91930.43235982448,94113.6044267855,24817113591.04891
2024-04-15,91272.73184833537,96049.19152679743,91272.73184833537,94349.80336483396,11283511551.986881
2024-04-16,95839.53495505206,98638.67487656939,94436.80042485496,95857.341178674,26752452270.92735
2024-04-17,96619.1755671065,96619.1755671065,88444.83209823447,91411.82510993644,39563379529.74033
2024-04-18,93245.91986483324,93245.91986483324,89511.11804921129,90006.6808980257,33283728075.423775
2024-04-19,91120.48170433336,92510.16507630594,91120.48170433336,92196.35806549354,37231757549.33068
2024-04-20,93651.53253193943,93651.53253193943,87132.31741707418,88773.22874123807,21451825462.01985
2024-04-21,89553.23902123467,93493.82107075084,88752.48319931245,89599.41791943969,23509038778.261707
2024-04-22,90807.83917494514,90807.83917494514,84872.29076179389,85997.74942676861,26657648235.096478
2024-04-23,87712.65096458512,89675.95625008666,84276.00883929674,87244.10616411552,24359909572.22392
2024-04-24,87433.03740996963,87774.11079645758,83425.07521199326,87194.44293923533,13223909435.688622
2024-04-25,85823.5452746059,87862.77409473194,80576.37939997503,83013.12459186546,40129538425.6174
2024-04-26,82757.89169186461,86131.7908939554,82757.89169186461,85955.29074861945,38183018288.0305
2024-04-27,86290.46962233093,87231.6369990232,82570.35316631854,84104.00741703887,23083947847.131824
2024-04-28,84166.99087655316,87827.54675627733,80798.87233627307,82101.69511157744,19324625428.866905
2024-04-29,81078.24660674435,85694.49847833338,81078.24660674435,82636.75809152809,13651940572.684242
2024-04-30,81288.89668378647,86786.9013473977,81288.89668378647,85525.66647396288,31951971922.112156
2024-05-01,84891.78216195673,86426.65641145525,82685.47849367464,82962.06416459224,21113910556.986835
2024-05-02,83632.1815733106,84262.8723937841,82437.14609536287,83157.05782649702,28853366019.342144
2024-05-03,84471.22188357542,86015.06894394151,83143.91496175552,84268.40991085864,26550247572.220413
2024-05-04,85040.786864747,88453.29031550864,85040.786864747,86062.75133854503,27792760574.226418
2024-05-05,86972.80235523998,86972.80235523998,86364.8220062294,86561.33408514262,22415517871.513115
2024-05-06,86491.37904686369,88656.53534976985,83798.93698595291,85651.502170262,12062839817.531633
2024-05-07,84159.38237619222,86961.70645176337,81726.43943591737,83567.7975539477,35605526497.14844
2024-05-08,83187.37974049174,89221.7955392154,79940.39412328321,83825.54709009259,23254533108.357594
2024-05-09,83608.6364061661,83608.6364061661,78432.293681118,81171.28068654789,39342886301.58162
2024-05-10,80767.81681729904,80767.81681729904,70124.81110563925,74097.97352450548,38826282262.81745
2024-05-11,74138.50131137003,76955.04329497952,74138.50131137003,75105.46841557788,27492943571.19273
2024-05-12,75436.9987939244,79770.41428422944,74228.9332058306,77179.73463949386,14196475302.91362
2024-05-13,77838.08949821477,77838.08949821477,71608.36584985009,71747.20955642845,38566846642.938774
2024-05-14,71547.66631452349,73907.0322876383,66605.90028896407,69609.72234721515,32828260531.78177
2024-05-15,68284.52071078696,71872.71217620398,68239.12341067372,70937.50189434877,30447722767.020496
2024-05-16,70594.96050307923,77256.12086405161,70594.96050307923,75351.57830870457,41208738032.779854
2024-05-17,75384.51478272302,79034.88980054144,73932.09548339501,75436.25925862588,14688893460.452757
2024-05-18,76358.69981300145,76358.69981300145,70979.12451419298,73826.44282978709,35804996291.43358
2024-05-19,73407.250497794,74185.76596176629,71664.40357451826,73458.27824161206,31394905132.431534
2024-05-20,73834.78396627135,77722.00473883338,73455.54671790643,76524.88901710144,16317716265.060083
2024-05-21,76746.87846034949,76746.87846034949,74670.26634638889,75080.18134811414,34152641420.161797
2024-05-22,75113.14194799597,77285.01763055244,72588.53732818556,73317.61701505027,19495567881.124153
2024-05-23,73999.86187031012,75078.01293222561,69091.61930951547,72292.46768328264,27111468345.841114
2024-05-24,71814.72927468245,72657.73364372592,68528.81217007642,70261.05958900152,21472378028.439865
2024-05-25,69856.92749486963,71720.1546367865,69475.92849152342,70554.75851025339,30582161219.705204
2024-05-26,70546.36191325853,77033.28983487077,70546.36191325853,74028.89977833244,17953729719.533554
2024-05-27,73555.00636364214,78107.36109399765,71778.32598459629,74783.43032212049,21988818919.079716
2024-05-28,75163.33933982911,77251.58934819589,73628.33395720087,74254.66622099743,19873327722.270172
2024-05-29,73725.08765587652,77838.59402702043,73358.37671454414,73641.74310292244,17884124410.911343
2024-05-30,73808.39746622123,73808.39746622123,68333.16005198036,70225.08109582723,33540255652.07566
2024-05-31,70154.7346877108,76994.87754759545,70154.7346877108,72120.68730787546,16027969424.418781
2024-06-01,72275.6933908755,74360.51709157879,70651.24853478967,71988.33748712894,24779791674.890648
2024-06-02,71657.37730008292,74174.6809302316,69494.17415446506,71634.55818799621,31067086095.118748
2024-06-03,71391.65378634472,79429.54980612709,71391.65378634472,78532.48096316963,51215207984.02593
2024-06-04,78607.87942328228,82147.97698262127,77351.31432335282,79275.60141631881,29774190495.628563
2024-06-05,79435.79719638726,79435.79719638726,75984.24659437357,77527.27858795592,20984374448.391823
2024-06-06,77524.02095730459,77524.02095730459,71105.30099607282,76574.41190307635,18525423493.065125
2024-06-07,77880.2830983927,81716.87397199812,77086.23778205841,79250.94575255847,27450820843.20866
2024-06-08,78465.77737453625,81214.4440090127,74720.22234174445,79559.87484026172,11339993022.894756
2024-06-09,79508.79438135464,79508.79438135464,70457.85627696132,76166.77829946882,41235587529.10924
2024-06-10,74968.19577093687,79250.29459136348,74968.19577093687,78305.30288260595,16490797729.747383
2024-06-11,78596.66241144652,78981.37484642699,75246.56975158204,76774.87878442668,33544448663.770493
2024-06-12,75918.64960797587,83555.1153248741,75918.64960797587,81127.93251470603,18289342334.487316
2024-06-13,80902.14515813698,86882.42024756895,80754.91813501649,83797.15847860149,35155752015.1703
2024-06-14,83485.37914626126,85358.19080769028,82074.20455403849,82714.52794439686,14723876942.822311
2024-06-15,82946.86571380272,89088.15500900919,82261.89876043418,85934.64511786812,14952577857.747211
2024-06-16,85459.60620463187,88120.9286382834,85361.63017287482,86152.54661692097,25008232425.594887
2024-06-17,85639.67559820197,92887.76854931109,85639.67559820197,88399.68160421893,19675670779.106537
2024-06-18,89668.97414676446,90666.58675327557,89527.69482506199,89729.38824637949,27943609521.36025
2024-06-19,89984.72828662464,90435.00573971092,86752.98074046065,87495.96099378518,26354067024.331425
2024-06-20,87005.06415914447,87005.06415914447,83783.7987942213,85850.4686435019,14466054428.955452
2024-06-21,85635.12676073625,92638.07309242869,85211.38366639637,88546.07244403726,37636041640.43239
2024-06-22,90002.96963203646,90203.04268335417,85870.03488769096,87701.05425598379,20863919842.550488
2024-06-23,87494.81217851778,87494.81217851778,79727.71643135752,86682.89290985787,27555197308.01412
2024-06-24,86085.407992758,86085.407992758,83309.0811597441,84242.45070846699,25656893487.462887
2024-06-25,83665.39316434186,86356.87423900345,83665.39316434186,85355.1226359235,25004504579.946045
2024-06-26,84886.41505464852,91760.28169066526,84886.41505464852,90679.21221989086,26070192438.84562
2024-06-27,90140.12636852912,90140.12636852912,84890.50485991169,87820.46051549938,18423116107.833492
2024-06-28,86696.6678821024,88727.14410491212,84377.37652370331,87928.17966091023,21107163991.720676
2024-06-29,86939.69097991857,91757.48941554091,86939.69097991857,91697.36323226264,26865180718.044548
2024-06-30,90936.89831622533,92123.76057461459,87985.26183914627,91524.12474643734,18138592075.43969
2024-07-01,92065.55494333013,98778.87629192072,91503.9817615213,92811.97479016248,26751218591.012726
2024-07-02,92458.14093520808,92458.14093520808,87182.06683918141,89900.29553700957,31279801223.40899
2024-07-03,89714.05656627458,91887.24443210554,89714.05656627458,91100.39372336504,12375921734.625668
2024-07-04,92257.44891500556,94969.10096554745,90352.95264225506,90634.47643347722,17632812766.8601
2024-07-05,91808.1993836,95824.76561352663,91808.1993836,93360.02733359052,23718989456.48443
2024-07-06,93096.63540956225,100997.60925716114,93096.63540956225,96732.33917414556,16249980998.127752
2024-07-07,96122.09014326536,105873.42284334701,96122.09014326536,104295.54179971604,26225580191.826847
2024-07-08,103393.97952058924,110268.071700431,103393.97952058924,106161.28424597786,13006499436.586222
2024-07-09,106896.74390004508,107443.9148299865,101776.7629005499,107251.97354923,32999287168.869625
2024-07-10,107032.42100127932,110479.85807604913,107032.42100127932,107931.04253513936,26297003629.252224
2024-07-11,107513.89457066894,110771.68438655628,99800.69241324712,106841.47987126707,12935063678.303646
2024-07-12,105972.14859800186,111509.26310986019,100317.33460257135,107979.82405364155,11513588591.560333
2024-07-13,107148.73961939107,114717.14431016716,106458.03637512043,107076.89219690808,26424903236.212154
2024-07-14,107419.6005615807,109785.81886935145,101051.34505404845,107671.57897686875,19827065905.03564
2024-07-15,106255.22582552201,113966.94207121048,106255.22582552201,111981.44897980538,36037494888.34949
2024-07-16,113095.51735855557,113095.51735855557,106170.77792592255,108656.01685669937,36923908488.90468
2024-07-17,108075.96253052725,113715.84805370035,108000.34758672996,112425.98478970656,29614351493.312588
2024-07-18,112257.75510578211,120779.676096874,110622.30915732335,116924.53653791276,19240884440.959473
2024-07-19,115361.28125674288,119990.05242198585,110279.4431459669,116568.84557223732,26423981884.240974
2024-07-20,116554.43074078402,116554.43074078402,108549.33445888487,109206.8647135466,47504781364.90276
2024-07-21,108848.31570583627,109681.81638418406,106183.15185998421,107270.11814046717,25436132577.027245
2024-07-22,107216.39662290839,115743.30391195888,106359.28140984308,111497.61594665196,32956414149.37635
2024-07-23,113138.53628200022,114263.20739102771,109369.1261085296,111476.87272179594,16780654972.228804
2024-07-24,111674.96494613064,111674.96494613064,105191.39017043968,108190.63852535246,22827876682.36318
2024-07-25,107330.89167992475,107840.07840040616,104359.13512893267,106606.37621343718,28308960268.663048
2024-07-26,105848.06383351881,110558.68091236998,105848.06383351881,109348.14304548672,35899476949.48814
2024-07-27,109998.907945968,111298.0121058464,108203.2084545421,111196.34612971309,26396201679.640053
2024-07-28,112640.44561672948,112640.44561672948,109566.66857172736,110454.89301075476,27517089789.162685
2024-07-29,110766.28525895339,110766.28525895339,108824.71579009338,109294.5939224384,14843769567.871183
2024-07-30,110047.31971989163,113755.75744574652,105811.09595871072,108064.72978493312,15841480548.499977
2024-07-31,108723.64120805373,108723.64120805373,103657.30721371248,105128.36192966452,26249246103.329582
2024-08-01,106620.2011021541,113574.1190829279,106546.00456179684,110275.58011467713,20156074432.627464
2024-08-02,108125.65824184475,113168.7097110503,108125.65824184475,109264.39560298098,24781394758.91343
2024-08-03,109993.42834436068,114156.46362322017,109355.30182443863,113308.79050471296,21693633547.28427
2024-08-04,114423.449917819,123736.7287726384,114423.449917819,118536.79935452744,37748781461.360794
2024-08-05,116949.91912107402,127402.02788389723,116949.91912107402,122146.1651130208,34128422856.97959
2024-08-06,121064.35539063084,124419.5316598747,120332.2521320675,120625.61521607552,21675311827.812717
2024-08-07,119599.35329139057,124229.319255877,118165.99155709968,122146.93373952644,15333476199.371725
2024-08-08,121256.7388612572,123947.98028150073,117733.42338540373,122119.34463247765,22987303218.99422
2024-08-09,121531.07492689228,122595.59880138336,112507.99390894738,118869.61993552846,37800668099.91689
2024-08-10,119158.00097735978,120616.40040140177,117634.21956574447,120085.74868172046,24748813712.58777
2024-08-11,121125.30056772269,121125.30056772269,114744.15260347007,115898.21527465238,14452114421.897678
2024-08-12,117151.44233016828,126248.23011394308,117151.44233016828,120085.6620255253,14083885269.681763
2024-08-13,119079.55665591944,122030.7177290055,115194.2847467557,118471.88858450044,18612129382.015984
2024-08-14,117471.15298900711,121056.90925855208,117471.15298900711,119246.07745894058,14825036304.793701
2024-08-15,120815.14338950797,121274.02748939917,118998.89182765812,120319.12952187714,28624158153.79682
2024-08-16,121097.28619520838,121097.28619520838,117681.69673629473,119444.7524546893,28850694029.182724
2024-08-17,119543.73015993169,124597.37741569911,119543.73015993169,121606.79970743408,17918698888.20444
2024-08-18,122182.40929041803,127577.29372711398,118446.8450003279,119935.05769175108,18782941403.171646
2024-08-19,119899.31250879323,129227.04933806471,119899.31250879323,123129.997969713,18647504010.461452
2024-08-20,123775.91907929895,126084.5338613306,114076.60153664472,118219.64870981612,39400738437.34348
2024-08-21,117822.35184177634,121833.41801885495,117572.81901995814,118726.97501911316,20913538033.960194
2024-08-22,119046.11898647498,130224.64525410267,119046.11898647498,125692.43375167352,36688360435.98551
2024-08-23,123793.79165802432,124488.0025740827,120441.8814936095,121983.25760611806,23712805975.967453
2024-08-24,121144.27591798673,123505.76916682234,117098.29739058453,119564.0430549976,27106417538.179684
2024-08-25,118754.58112009284,124710.55595708244,118754.58112009284,121467.17208441268,20537181262.666023
2024-08-26,121012.41109851035,127823.98316539239,116418.72730348067,122182.30440675736,17782282298.97945
2024-08-27,121050.26916143342,127045.30434436306,120167.76556430118,123528.61936466915,25189746634.871117
2024-08-28,122869.5402899817,128653.61822115476,122869.5402899817,125403.24199829464,25132748929.427067
2024-08-29,123504.11766676934,129294.61355500876,122849.05250748021,127853.82751700073,18971927249.26156
2024-08-30,128555.36207767563,135494.636933045,123819.84817073558,132174.13559643264,17375395087.58563
2024-08-31,132065.0740660613,141754.73843518808,127917.0273862264,133865.24546615538,19594145150.795486
2024-09-01,131582.56511629847,140909.3304379644,125648.06966582402,132963.29763420543,19537223634.514854
2024-09-02,131853.28025550587,138763.2204926236,131853.28025550587,135712.6077994413,27241295499.560116
2024-09-03,136169.41837467608,144259.78359274488,136169.41837467608,143515.60206021136,44556654015.64101
2024-09-04,142736.2808445367,147958.94263658675,142548.2901868042,143016.30950227357,11096774661.606249
2024-09-05,142019.5695465928,142774.1477369857,131528.66412359482,138906.61011735036,19147170846.361126
2024-09-06,138802.99595832266,146330.13922600314,138802.99595832266,143589.48810932206,18551687497.862556
2024-09-07,144082.8580512407,153626.01219574353,141265.57329124128,143142.71876207367,20669602938.262753
2024-09-08,141086.68480406198,144045.75861362886,129893.44216046542,133884.23534781442,30620641842.362953
2024-09-09,134620.7706583235,137487.32009612193,130243.57753101633,137354.86956336175,30952734985.537834
2024-09-10,136255.6277702856,136255.6277702856,134030.36181368039,135217.64900348466,17158693641.758596
2024-09-11,135193.40722630318,138260.59825424087,127444.64517361173,134918.00690029428,22375048655.58741
2024-09-12,134870.218752432,136376.26491153313,132113.89976450236,136329.16963965862,30572011349.340744
2024-09-13,135610.62477721035,139343.3831011658,131734.60615319703,137176.45411930545,29967024518.713203
2024-09-14,135772.23397731665,145841.00031526078,135772.23397731665,140164.64488567403,35531194886.79288
2024-09-15,139764.21335005437,140691.41467713832,135358.03814145882,138403.5334336127,28664824193.83309
2024-09-16,140653.04801134023,141391.94754808545,140416.45574530953,140603.20486511482,32588880197.005615
2024-09-17,138688.64613243492,140333.67345196253,136166.56618712092,139578.71362713564,15761034636.946526
2024-09-18,141940.82236974678,145454.01107233015,141940.82236974678,142742.16948004492,17113657659.16581
2024-09-19,142371.4378458513,150878.9756156552,142371.4378458513,145448.70725564993,12050468270.780262
2024-09-20,145500.15452454338,145500.15452454338,136663.31272078378,141439.68111139908,30789776228.538967
2024-09-21,139902.64080517343,150268.81092855142,139902.64080517343,146118.42987808914,38259472426.38111
2024-09-22,144991.4631163101,145426.64614584815,142601.1514028678,143842.0649808647,15879046770.924234
2024-09-23,143118.66935526198,151202.20298111916,143118.66935526198,147400.96708321464,28364862600.056236
2024-09-24,145859.60258340006,152169.6863179977,143895.08271628458,149098.82272253887,27800694297.722485
2024-09-25,148787.32850764293,162534.8338093508,145305.15327748266,157395.50279863834,44440349229.33297
2024-09-26,156754.8780892587,157626.76583626415,153458.73296488269,156419.0243304234,24360223937.561954
2024-09-27,159313.9981359128,164299.82968968066,148718.433901403,154858.0400696575,32340435058.15887
2024-09-28,153052.43529799458,155157.77850397283,149853.0658868061,154845.2506264913,16907414823.164257
2024-09-29,155004.26201452027,155004.26201452027,153469.785963401,153514.2947680688,18459664711.811825
2024-09-30,153894.77423983926,164100.38020214246,153894.77423983926,157275.12742341467,25970647917.3497
2024-10-01,155591.7794166835,155591.7794166835,145394.02081835832,149727.60128019593,26149768212.334496
2024-10-02,150755.9716140703,152877.98061736106,140355.56465659838,145069.50484693912,13148432839.347265
2024-10-03,144491.65382168014,144491.65382168014,137533.8005600635,140494.87036613433,32404001901.87547
2024-10-04,136993.19075612375,150924.28279924364,136993.19075612375,144570.51805958583,32296609778.83577
2024-10-05,145524.46606221958,152493.15249709922,143822.80918951656,152061.93116283038,37862738158.487656
2024-10-06,150363.48928451713,156742.2056656579,150363.48928451713,151661.4796320341,17345481755.201138
2024-10-07,150072.4086455058,151852.71601008042,148534.91593575888,150969.19780185932,21379068541.792717
2024-10-08,152007.71805806426,152007.71805806426,147609.37334056981,151361.95396684474,17646925746.36107
2024-10-09,150836.4835636359,165702.67556508316,150836.4835636359,156713.56004846186,13969760619.925877
2024-10-10,158151.83345872446,158151.83345872446,147848.86501676388,152432.052496053,27054326064.934273
2024-10-11,154276.7335138297,159659.80799408723,147564.46826938717,153598.3207209908,13429700560.955126
2024-10-12,152607.72143608402,164119.85488144527,152607.72143608402,158168.78143052143,15052760160.816954
2024-10-13,159423.47505391884,160733.7035707047,159423.47505391884,160625.5894484764,29010270862.938633
2024-10-14,159412.12608318691,166205.66977641525,156413.90630341537,161619.4520106437,10820632725.732986
2024-10-15,165228.60171867517,170396.47440792134,163918.7559384588,166553.91736419193,38089277925.517265
2024-10-16,165399.77032749564,165399.77032749564,144963.67849951293,153130.1764845417,36670408261.2992
2024-10-17,154701.42599376946,159638.54802869042,152677.3182284952,156320.8365922125,35840431678.20077
2024-10-18,157639.85621975223,159525.78799903017,146690.81769265415,153331.62727107553,13293987552.598099
2024-10-19,153816.28987232083,153816.28987232083,141803.19838508667,144987.47545438216,33463507043.651524
2024-10-20,144015.27185281212,147438.5823454729,143510.40138116843,147283.50842263468,19676542554.942204
2024-10-21,147060.5248848395,162856.46210448642,145944.85180363606,153426.66767403597,38076915344.754196
2024-10-22,150122.489196921,158086.90144277486,150122.489196921,152870.7329805908,17848575145.491592
2024-10-23,153213.8055382211,162777.3695601444,153213.8055382211,157317.16726116498,19633695884.33914
2024-10-24,157867.17219624956,167484.61317224623,157867.17219624956,165004.99729630174,40419338200.03433
2024-10-25,165225.27800911455,179686.02972952081,165225.27800911455,171596.52347070503,24481091094.751656
2024-10-26,166494.43344862707,184266.05264701,166494.43344862707,180124.6880881024,15473879602.20876
2024-10-27,177844.96438905504,188635.22501305296,177844.96438905504,184225.0149176744,21859059027.277905
2024-10-28,182846.84419292366,191780.97881315005,178343.6128455643,184734.0303226914,23728436502.786415
2024-10-29,185272.8236247677,185272.8236247677,174234.57767209096,175948.26931172496,22262503968.525032
2024-10-30,176457.35610864926,176457.35610864926,174593.8634174333,174737.41537851075,19922516204.650913
2024-10-31,174439.97072406102,178256.92886769527,167349.6908605716,170404.3821684316,13895320121.321106
2024-11-01,171486.86840033412,182874.5883978362,171486.86840033412,181587.728934464,36043787839.62515
2024-11-02,179724.19871178834,189425.40754601132,169439.3962350357,180720.36164198976,26326055704.84869
2024-11-03,181823.18055114595,188948.78435840644,175054.65976686496,181478.69033995448,19032729470.129955
2024-11-04,182340.24609431025,189005.5277527383,173166.22890155384,184571.9149986883,21541644956.58068
2024-11-05,185268.77499925543,186807.90514920585,178007.90111971847,184905.63456695536,11978381558.135206
2024-11-06,184569.03155268801,196202.68445625005,182126.84324844257,194400.8220318657,21247964932.962315
2024-11-07,197959.8030766353,197959.8030766353,185912.06558559588,190866.7160101178,15473837490.060917
2024-11-08,191808.0624242419,200492.30774586866,185212.07747805424,192076.47194488943,20878186701.07744
2024-11-09,190216.5265821749,203174.4501171803,187534.85522483883,187894.17626214973,25067337050.855946
2024-11-10,188360.72779039765,188360.72779039765,179857.29774130607,180547.38707848155,40309710156.7946
2024-11-11,181905.97615398894,181905.97615398894,175261.97855830344,177324.061446271,13511418832.616653
2024-11-12,176281.20339294366,189802.32416531502,175334.88673996826,177215.69801872654,22131786187.196213
2024-11-13,179146.05943444974,181921.69137018913,170040.37814717126,175021.93306637136,23071389301.306232
2024-11-14,175690.57584308062,180492.5863842971,169595.35533407802,171473.77828110754,24445005353.64082
2024-11-15,167457.0421700963,167457.0421700963,160176.97937792193,164325.11810149273,38912457136.41602
2024-11-16,164817.55443217038,170601.01990248644,154482.01875747115,163997.59066943038,14392020638.55252
2024-11-17,163331.7126387781,163331.7126387781,150519.72230129468,156676.47398559644,15643663541.19081
2024-11-18,157518.1083779828,163176.2967647674,157518.1083779828,160327.2988752676,28908609006.0919
2024-11-19,161841.13302422277,163951.85726534473,157855.5912044922,160803.98281194325,17405712464.337944
2024-11-20,161117.81115668462,168719.871379307,152027.0604006492,153852.9822153248,14826523083.530203
2024-11-21,156415.02243865601,156415.02243865601,150326.12227002642,152502.72654746735,16346332724.960411
2024-11-22,152230.19367597997,155251.21019036078,145837.06793957955,149137.8008314599,19758044711.573364
2024-11-23,150069.64039196545,154602.37923930233,147655.6407411374,150640.39926883686,24587249426.128056
2024-11-24,151852.96797564902,162265.6288142722,151852.96797564902,156773.4991801418,18928382026.123444
2024-11-25,156620.88649839786,156620.88649839786,147778.22886561768,148032.56544075292,28442587783.707977
2024-11-26,149185.4050278459,151927.35607649374,148100.23435783538,148617.4098911368,20425818222.17842
2024-11-27,147733.62230029414,152795.42584323083,147733.62230029414,147977.76295661012,20010456278.692543
2024-11-28,147352.4556631814,151795.15716982115,147352.4556631814,151032.05391897622,35563302451.867516
2024-11-29,149049.77529250702,157489.24938990944,147671.98550876972,152073.55568547585,11662433164.702515
2024-11-30,152440.67511248868,152440.67511248868,147117.4355059756,148718.95296199995,35420768375.6482
2024-12-01,149202.66384882192,149202.66384882192,144333.1673842778,147369.83142095862,23601728516.095078
2024-12-02,149107.70954976632,149107.70954976632,135180.64232597116,143924.21044695345,31973578114.857166
2024-12-03,145062.85245175264,149007.2654078727,144222.09571937154,148642.0768879196,24707546214.23151
2024-12-04,148218.75085763435,150821.0812954262,148218.75085763435,148811.43215797868,19294108560.157356
2024-12-05,147058.16609186213,158032.72892175868,147058.16609186213,157373.4051366271,43458638785.46517
2024-12-06,158054.59655422036,165387.06562156553,156426.28390190008,157165.69987434443,28287167611.67066
2024-12-07,158911.42287164638,159769.5856782876,148572.79995221246,153904.16536476547,17839661953.967525
2024-12-08,155066.42649565855,155066.42649565855,145197.44832962504,146992.10894157653,20265628357.020927
2024-12-09,148586.20532636167,148586.20532636167,132623.68054518948,139114.18588417454,30603186973.331913
2024-12-10,138819.4174878743,138819.4174878743,123525.90569629137,132572.4695158846,41174887852.86818
2024-12-11,131953.8612265446,133749.47205641,129205.72672867672,133701.16494458556,17847375149.727123
2024-12-12,132715.91925215925,136463.05833862987,132715.91925215925,135808.52937432696,26671845740.0143
2024-12-13,135732.61720504682,135732.61720504682,126612.09667581058,129434.25812191382,35504127877.83714
2024-12-14,129332.53470819947,133999.87581216716,129332.53470819947,132974.4338561687,32568137662.284798
2024-12-15,133249.26226262594,133820.87597433393,129368.98762296069,131113.87797712965,24255739517.95738
2024-12-16,130944.35106708459,134519.58824122133,129270.4318560629,131756.83294795928,18934193766.216457
2024-12-17,131580.76928333103,146144.40454364798,131580.76928333103,138195.3438842024,43677942009.59276
2024-12-18,137121.9888667694,146483.7089808929,137121.9888667694,141982.6120860918,28317858816.342087
2024-12-19,143319.5473574315,143319.5473574315,138166.78817900547,140909.80290768962,26427892185.148796
2024-12-20,141017.62435838603,145378.33152189705,137164.02170852374,137212.92618405947,21333411485.50868
2024-12-21,136973.56655727603,136973.56655727603,125894.0407497034,128423.8260124219,38387076700.691505
2024-12-22,127463.94876866319,127463.94876866319,122570.87394764186,125717.34530302876,18350009701.422993
2024-12-23,124042.8994989021,128377.09313723243,124042.8994989021,124983.92198152193,15771303599.705437
2024-12-24,126618.66692748405,126618.66692748405,121100.22509043,121344.9668724161,31367865148.821236
2024-12-25,122017.99302906025,123739.25509082753,115964.59865221269,120927.81818614462,21130146303.34792
2024-12-26,118964.04976998924,125813.55031651622,117423.53831371834,121267.08801112873,24329482082.922203
2024-12-27,122192.52845658046,123631.26948883633,120453.427559368,120509.6926510618,16349903049.555573
2024-12-28,121621.37187407364,121621.37187407364,114750.52022158337,118219.9991602644,26149632530.815983
2024-12-29,118367.03661100414,121818.08829913991,115101.24200572433,118877.25981519296,19928259279.32674
2024-12-30,120777.0502568707,122902.65863893503,118651.09809915457,120512.79924775328,24957649815.917248
2024-12-31,120773.97415499529,120773.97415499529,105977.81841108747,116630.844293783,20912753854.104023
2025-01-01,114978.3910509829,125457.80345277494,114978.3910509829,121625.9067566672,34720079092.985504
2025-01-02,122070.0468653865,122142.04481244464,114242.01175283907,121326.99358050994,26760489209.20239
2025-01-03,121624.12011403778,124838.41006091784,116925.60144437778,121456.26611976093,15360265958.551023
2025-01-04,120723.52429361679,126462.78970724181,120723.52429361679,124097.50663664784,19494539421.37142
2025-01-05,124809.27885230687,126808.07303989519,122373.74210389478,125027.80160188352,24964000260.857616
2025-01-06,122942.75638148688,133975.26702943625,122942.75638148688,128665.37284161623,30868598175.0548
2025-01-07,129939.88934339087,139066.69894738297,124402.5828154927,129837.99366106297,26276760356.603176
2025-01-08,128697.85805919931,128697.85805919931,120869.37453163612,127517.38345890258,27881672848.57572
2025-01-09,126261.40593167348,131284.04229775726,126261.40593167348,128964.0816599956,19881953932.8034
2025-01-10,128817.28858768768,128817.28858768768,120798.51335708366,124603.5757008982,23948393715.42931
2025-01-11,125143.07545105745,128450.30351234769,119745.67388746416,125071.68531425242,15663490910.078669
2025-01-12,125276.70790322432,126895.4389344219,120588.4526716053,125009.53722892316,13201950094.152763
2025-01-13,124081.14244260293,125433.04232750584,123429.98183768288,124291.54423702227,25221462587.52487
2025-01-14,123662.51804178167,126697.52755568302,121408.14231979601,123874.40623546691,12261938903.023201
2025-01-15,122470.85675525668,122470.85675525668,114261.87492686578,116942.95544451066,44846314762.13836
2025-01-16,116680.20812725488,119515.51735426154,113331.24419670223,115076.34154911558,30768972360.561775
2025-01-17,116313.4366336516,116817.13143985147,108841.64943710463,115454.40726653436,28042090290.489723
2025-01-18,115449.48551714548,117682.32921411071,113944.82384697284,116065.81821974245,29623233182.403263
2025-01-19,117063.30440642612,117063.30440642612,111210.58643928161,112545.51244598247,23683743365.39672
2025-01-20,114183.5013396721,117748.24327917166,114183.5013396721,116875.27732891597,37295862528.39974
2025-01-21,116188.02905404613,116188.02905404613,111049.79101261045,113896.68219956836,16515396757.179592
2025-01-22,113684.1814544665,121866.9077437932,113684.1814544665,117266.16930090246,13519256434.897398
2025-01-23,119812.2439972051,123778.01868057306,118320.11272640967,118827.665776462,29119707189.250492
2025-01-24,120543.94533871388,120543.94533871388,114575.67651157708,116583.38912565798,13667149044.392878
2025-01-25,114633.64324957505,125696.76799571834,114633.64324957505,122850.83363858424,45774910148.181
2025-01-26,123326.4485722828,125179.46771260658,114317.75838619945,118513.08066011348,31792130678.2015
2025-01-27,118513.74432428672,122669.81306523918,118513.74432428672,121840.29098192716,32107020371.341908
2025-01-28,122847.24385702667,128504.25505750287,122124.70799757054,125558.54835086995,19468086419.104496
2025-01-29,124623.1638248935,124676.98310529401,123056.61839174983,123095.26462665276,28083228474.391388
2025-01-30,122061.74647926177,135204.59274410582,122061.74647926177,128298.9887968116,15457210216.40854
2025-01-31,127431.59690553852,128174.23043668855,121450.0163059257,127400.71684195362,28629843776.926025
2025-02-01,126672.07577427305,130346.95271712409,125002.53250589073,128567.81045991337,14619341527.957703
2025-02-02,129616.05488933023,132640.6465217444,129410.73771180649,129636.16462991474,25937087865.113094
2025-02-03,128104.90073248096,136018.31980617673,118357.83189799146,129178.64460861433,15000986360.574408
2025-02-04,128374.36041150204,139457.2729948886,126417.20446631924,132385.40734384558,14191347901.510653
2025-02-05,130017.01600324838,140635.95233826322,130017.01600324838,135602.98987230906,24400847918.176315
2025-02-06,136968.67175239316,136968.67175239316,124617.47743103984,128557.60646349244,20340405611.884823
2025-02-07,130191.61233675167,137299.83697025973,130191.61233675167,133652.37105587692,34333503787.397217
2025-02-08,133215.22966043366,133215.22966043366,126931.18467480328,127053.31735953387,22034744114.974255
2025-02-09,126674.76280748702,139353.21630752913,126674.76280748702,131052.49663587172,22153049421.560055
2025-02-10,131646.45525411406,137261.1675172917,131646.45525411406,135547.74851880112,28671664676.32228
2025-02-11,137546.37568211716,137546.37568211716,126163.78033005519,131179.1810933026,20759112961.51264
2025-02-12,131715.19332581616,138360.79068159923,128868.1699997504,129628.06222758997,19636103889.33851
2025-02-13,128723.8521243348,128723.8521243348,124281.31302975227,125392.96565154882,34909008048.91024
2025-02-14,123363.07601989833,125910.40548388615,122300.98791886211,124647.17457331088,14392134890.163866
2025-02-15,123257.20119397588,124486.64097631355,120560.47654422166,123557.6300647336,12661839929.897676
2025-02-16,123648.09828228611,128796.52826837995,123648.09828228611,126509.3991084322,20525018711.17123
2025-02-17,125680.3481966387,133582.4318675954,123161.36138559568,131545.64497152987,25847286792.14725
2025-02-18,131802.11649786163,144218.0794357142,131802.11649786163,137119.30160601626,29688787652.432335
2025-02-19,136361.1360565412,137575.54311447288,125803.96351497475,134875.33864112978,20303923799.595764
2025-02-20,133448.1600586024,137315.86852342542,132088.84117965592,134096.21017827763,27288509291.747387
2025-02-21,132517.8553678995,132517.8553678995,125614.76330040177,127390.97783398077,16179923944.703474
2025-02-22,129381.27652070462,131027.31487029664,123451.96829861034,124374.8560495552,23047475417.95372
2025-02-23,125480.53328290053,131822.17484932093,121945.72766498243,128037.14196685023,22840820244.99051
2025-02-24,130252.84769359401,134601.36298892877,130252.84769359401,134306.79875796917,34190376255.7437
2025-02-25,135031.98952763816,135166.02414446513,121444.41755534959,129400.50879136706,40038276037.12144
2025-02-26,128844.09772086029,128844.09772086029,125485.62467108521,127165.2537485102,23698138492.44239
2025-02-27,128848.0835905524,128848.0835905524,119042.41977686062,127128.09953186136,29824421906.02939
2025-02-28,127086.06081017698,130606.85351996685,127086.06081017698,128260.1542521287,17473767558.60252
2025-03-01,128543.40624735625,129183.86353574738,123441.72489000802,125209.08815880828,13143032089.9186
2025-03-02,125155.46814425815,129680.76237857465,120471.56813854395,126864.5816039183,15073520574.643835
2025-03-03,123126.0038958554,130851.20797407707,120792.18364349831,125124.61097931147,20357857552.70497
2025-03-04,127132.52942069422,130064.84536937537,125074.84289271432,125132.92324165878,16337524301.993631
2025-03-05,125747.33083246762,133097.0819481286,122937.96666143765,127246.23404948684,13957755634.536453
2025-03-06,127665.92147346876,128721.0611509644,120759.80362191841,127334.37345593634,18782406933.704353
2025-03-07,127255.71129409838,130168.83516205334,123529.27332020501,125731.03292400796,18872955240.305416
2025-03-08,125936.51241066465,127788.34359077344,119799.48310181528,125380.4578244842,12799593511.151772
2025-03-09,124631.58676023097,133191.35897885173,124631.58676023097,125110.7784049997,16264814492.386568
2025-03-10,125882.18563215584,128200.79908089609,121306.72329044093,123784.56275519251,30668057297.818913
2025-03-11,122166.5767847977,125327.88660260093,119851.89685892114,122885.40631276974,17206174953.969395
2025-03-12,123114.05726203098,130372.40308438634,123114.05726203098,128840.36122887308,36044622422.073784
2025-03-13,129563.89451692242,134043.6151674665,129563.89451692242,131072.853338279,26094759305.158653
2025-03-14,130812.45203587489,136110.05575634554,125872.3141113931,129976.5063132666,20094687840.361073
2025-03-15,130458.54731296156,133272.41496599477,130458.54731296156,132759.12552316167,17944818335.453747
2025-03-16,131443.03865302113,132701.7913624783,128611.26654807615,131495.9775796454,19033956778.14109
2025-03-17,130225.95422552984,137723.3579563033,130225.95422552984,136189.5606997019,29638422264.821774
2025-03-18,136511.9447069287,141105.94729602765,136149.52453555935,137767.89771319774,18986985316.379208
2025-03-19,138702.72130730932,138702.72130730932,131231.0835949076,137393.29793806688,14686698548.508188
2025-03-20,134817.35818206493,142660.26568403584,134817.35818206493,139307.39373642893,14046906093.58369
2025-03-21,140034.6070779681,143657.08605698726,129447.39116464583,132812.00755447595,40462019933.44866
2025-03-22,132090.5707367601,134575.73551966134,126867.71870693065,128388.9660704636,25069312647.48903
2025-03-23,128141.4243284487,128141.4243284487,121237.49916948525,123854.55663938144,30452131719.107506
2025-03-24,122195.50265404492,128545.46038159884,122195.50265404492,124447.60852649974,20756682191.49141
2025-03-25,123387.79123728801,139105.40749237992,123387.79123728801,130978.05278342927,41856539504.07228
2025-03-26,132243.46492225645,143776.03411380659,132243.46492225645,139811.08225953174,35059545870.14015
2025-03-27,139857.02889836047,146822.04801277255,138027.98568404184,142557.18625154108,23468438484.74753
2025-03-28,142011.5081324853,145045.74350972025,142011.5081324853,144770.4342175982,32915501117.79511
2025-03-29,144601.79352368132,144601.79352368132,128241.16340754471,137020.62212797932,37452211242.64128
2025-03-30,137690.943213658,140410.2771174006,134283.73062367336,134858.40738948004,14161075827.883884
2025-03-31,135452.45125164423,135452.45125164423,129201.79060494846,131738.65872868514,16689626156.576065
2025-04-01,131639.81916467805,131639.81916467805,129190.73004117912,129350.83916199366,30408387801.155205
2025-04-02,130764.59094363595,130764.59094363595,127642.8619404685,128763.02826055932,27931132144.70949
2025-04-03,130012.62533997763,130012.62533997763,113283.23328837249,127003.77540276284,23759845952.750748
2025-04-04,127528.77348621744,127528.77348621744,116637.48127882706,119525.92083331328,33506157229.94333
2025-04-05,119591.19606972003,125914.83059475491,118957.9689635324,122267.52365562377,27831358186.238644
2025-04-06,123071.21388109245,123071.21388109245,117697.32175865461,118393.80841917016,24732983291.568165
2025-04-07,118765.88158846133,124646.34773400154,118729.6466892176,119302.76574521362,25416156017.947964
2025-04-08,120568.32956990534,130709.70043602989,120568.32956990534,126785.73109464788,19802715864.202
2025-04-09,127926.24656279062,127926.24656279062,119232.35823805313,123352.17853215204,37140322639.73693
2025-04-10,122096.14016176463,122096.14016176463,113024.94697705476,114050.36027411364,43857587906.41554
2025-04-11,112811.81536543854,115595.3919128867,110150.30446657815,113128.81891789038,24451490247.949917
2025-04-12,112335.50359063897,117789.46088284507,112335.50359063897,116921.89122285914,21800499149.44921
2025-04-13,118063.21104024342,126502.6623894172,118063.21104024342,123849.56280903888,21051488275.16436
2025-04-14,121897.31100801814,121897.31100801814,114194.04454870337,119343.11219869452,24804418614.560215
2025-04-15,119814.22795249031,127133.08655298148,115977.51749807611,121181.1126886255,26809418074.175064
2025-04-16,121620.44644038768,121620.44644038768,118952.96998774416,119550.09807802204,25725985885.529106
2025-04-17,120940.0449724836,120940.0449724836,119223.46896779003,119229.8890426131,18125645252.726704
2025-04-18,119444.90666339255,139216.5440728057,119444.90666339255,128748.0469027968,40040525329.18928
2025-04-19,127018.69104660508,127018.69104660508,122488.61301214564,123007.28609623626,37990739325.10061
2025-04-20,121827.2095951134,125440.048409424,120992.22838904992,124005.14455334713,11379559843.882048
2025-04-21,122539.40929780364,128561.5302719822,120553.63459037837,125807.03790676536,21775076901.719437
2025-04-22,125130.26653712346,133126.2551267558,125130.26653712346,129967.9282659275,33496092429.68345
2025-04-23,129730.2148879807,134155.48216499962,121347.3175198036,130414.95225390772,21642531061.52675
2025-04-24,128895.04224393932,136877.324861121,128867.58925506273,131685.3916220712,25272946348.05005
2025-04-25,133622.03862389864,135937.60255742227,130085.79133172552,130204.0024685074,22620939329.018913
2025-04-26,128478.43307825578,134053.7407109702,126724.67945386113,131320.34661740824,32395700145.705173
2025-04-27,133088.05429945324,133088.05429945324,128301.34423204757,130033.96293347485,12179019539.01711
2025-04-28,131575.07739047793,136658.71455490502,128473.00976903661,132523.74359752252,23616034534.43145
2025-04-29,133714.20776520242,133714.20776520242,127127.05172683603,131120.54110717608,13080751344.138786
2025-04-30,130210.87057740544,133439.24321335554,130210.87057740544,132669.46960873518,14754522170.666786
2025-05-01,133123.79737380962,133123.79737380962,128132.34090919598,132619.33588441418,17727504293.673306
2025-05-02,130925.29477032014,140972.42377054188,130925.29477032014,137165.72664525287,17605382345.7118
2025-05-03,138415.17889891966,142533.1520325405,135708.12077464312,137022.8257853449,29578720604.300476
2025-05-04,136921.44974703278,136921.44974703278,127155.41328790082,129802.9596281514,44182348049.651695
2025-05-05,129271.64987526157,135431.1113314653,129271.64987526157,134781.89547629774,23136432326.155075
2025-05-06,133132.5089761809,137638.4711240244,123619.71729786282,131186.99693490472,28874817375.310604
2025-05-07,127936.8310589968,129278.58107563358,127142.09385739527,128679.6211534382,24626689820.640244
2025-05-08,127343.23071308092,128640.63443722166,123044.25510425765,126444.4768744164,30882046371.708603
2025-05-09,127851.54873152707,134088.42142615083,127851.54873152707,131721.40228347122,31959281921.984158
2025-05-10,131190.78444261762,131190.78444261762,119034.63443513612,123347.84291603524,16365281449.572449
2025-05-11,123138.97942334945,135794.7232226313,123138.97942334945,135020.55223469064,49170946607.97867
2025-05-12,135905.6853494503,142049.7068910112,135905.6853494503,139365.7437173471,32962101928.24787
2025-05-13,141882.2275784065,143331.232394322,140041.07130119554,140368.7823080337,21647882784.0596
2025-05-14,142228.67520770567,142228.67520770567,138323.92633904083,140207.80457851198,28380158577.22532
2025-05-15,138844.51501651292,148240.14555282303,135260.11958030117,141479.0157785284,30722894053.893246
2025-05-16,138730.68605325543,146567.77488501358,138730.68605325543,143761.59193443443,23782124738.21931
2025-05-17,147153.81095682865,148200.63838925862,144235.19536389608,146616.18932371435,26559911101.953922
2025-05-18,149942.8983608042,154529.05915757557,145169.4831107451,149133.3157056761,35068939725.490425
2025-05-19,149414.36280259766,158828.42231047145,148945.20837560046,149608.66628409197,16485639884.718792
2025-05-20,147707.90576458085,150846.15994252713,144255.33428058776,148797.76448117036,17386255105.733986
2025-05-21,150231.024030494,153333.9204271797,144973.24690620234,148196.88957040987,14206913364.496582
2025-05-22,148036.8611064957,160074.7935433404,143415.71223902295,147404.44398820153,29410148237.516094
2025-05-23,147237.9047918746,155202.21295492174,147237.9047918746,152491.82873236982,33479998972.516556
2025-05-24,153855.80537947922,161433.03539264773,153855.80537947922,155283.451147846,14330321567.78146
2025-05-25,155802.67979455774,155802.67979455774,139643.48121355905,141663.28202622276,55629001560.91407
2025-05-26,139983.41770452264,147055.91634898275,139983.41770452264,144521.6253678385,29586662775.606113
2025-05-27,144052.30304500708,150648.60441549242,141019.87856242806,145438.1939218836,28723467622.108265
2025-05-28,146399.7628003903,151233.798683465,144903.17673207517,145429.28398640407,10969732022.208294
2025-05-29,146171.3401399724,150225.88496835597,138952.65271458245,143806.9398149506,22341397456.802326
2025-05-30,144183.73783234347,153692.91251716006,144183.73783234347,148728.49959290557,32175983044.793358
2025-05-31,150116.7655479533,156578.67032388924,149435.16693448325,153030.58951378523,26892543274.668865
2025-06-01,152477.05187495696,152477.05187495696,147126.14870653916,149558.88705466953,28626339202.187527
2025-06-02,149826.10358199026,152707.94150211947,149382.5053030534,151460.01510925897,29707930588.528133
2025-06-03,146347.36249410498,152905.24979672692,141951.9294683642,147120.73080597448,22496640525.81387
2025-06-04,146459.20215472247,146459.20215472247,138562.1820178262,141105.17819226914,38002393463.8047
2025-06-05,142183.08475263073,142183.08475263073,132353.19373018914,138522.73941180733,15684796132.71625
2025-06-06,137981.95430144455,142920.75548871988,136374.34281872213,142175.83396887282,19483652316.863934
2025-06-07,141512.9712865077,156050.3820577466,135695.35686285837,146312.2623319462,14028504872.428026
2025-06-08,144788.48895708163,157431.33291604545,144788.48895708163,148637.53912063132,20036127669.6624
2025-06-09,150128.91749195967,153821.21395812265,147653.9020778428,151945.15149170635,21514294073.52067
2025-06-10,152778.51484356393,158893.30166119192,152778.51484356393,154374.04770842456,30278453050.393528
2025-06-11,155648.27363346028,155648.27363346028,145164.6582183406,151480.39142072803,27385572950.03171
2025-06-12,148865.51575439496,153708.93660304917,143574.98411901874,153518.9655003578,21255672964.761433
2025-06-13,153272.6442537915,160256.86050260172,149557.55513918865,157282.06625179556,28690468986.16781
2025-06-14,156841.50187100764,163619.21826511738,156841.50187100764,160919.8022521883,13612703476.721107
2025-06-15,160468.3068167543,168764.71895763298,160468.3068167543,166739.85329229484,18526161426.4044
2025-06-16,165712.6898696594,173712.81867972208,165712.6898696594,170366.29760600117,27440980899.1356
2025-06-17,169776.65257231335,177352.45842941865,168511.47936771414,172247.72865237793,25348261003.013634
2025-06-18,173711.22249220358,182820.45224463526,173711.22249220358,177863.7809527083,33791199691.99715
2025-06-19,174461.5112116388,179081.6834558872,173326.23799775838,177811.19769981471,18113387349.436874
2025-06-20,180971.42681350582,180971.42681350582,170179.32958290222,173195.8876599874,30797663328.023857
2025-06-21,174033.88059134106,180913.64484854534,167737.957427875,172435.20977676965,24719617087.146027
2025-06-22,172362.21468368548,172362.21468368548,164442.24057006958,168668.0040670439,35662041817.199715
2025-06-23,170197.54312192954,170197.54312192954,162837.7647010652,165335.90890819667,17128133861.807817
2025-06-24,162935.50473642742,171015.71002775437,161882.9451840874,164701.75308934212,21840347314.110775
2025-06-25,163606.97904575767,163606.97904575767,155893.43536953686,160868.71546073843,27163472951.06482
2025-06-26,160673.94296791323,160673.94296791323,159195.7180031011,159462.90854793813,32592248280.398876
2025-06-27,161640.4708326073,161640.4708326073,147142.0120403686,150483.8009283675,21920199884.169464
2025-06-28,150413.83110578652,162363.87335508934,148952.48689619367,151521.96026281916,21876157990.920284
2025-06-29,152203.8919228533,165877.46700896134,150980.15916850526,151603.20092264857,17014445018.286098
2025-06-30,150709.3802928418,155176.52996210512,147594.76885507896,147962.8049658866,25444742962.63429
2025-07-01,148683.15014688487,157354.98579211673,147406.35527647805,150963.10151625564,17611700560.304096
2025-07-02,153495.1144256685,162519.61822703382,148746.2009235861,155284.7379429676,14087558884.442102
2025-07-03,156830.63895728602,156830.63895728602,147060.58150759767,147873.49494395402,31689331586.131695
2025-07-04,147753.04312798576,148697.6725828142,141141.67637215933,144563.8283308178,20458661673.50198
2025-07-05,145540.34375964905,146781.96631160413,140944.8688115472,141300.40536648483,16717693967.742033
2025-07-06,142116.43916440502,142116.43916440502,135370.68692008473,137386.7948934111,21042835326.976665
2025-07-07,138082.77945888112,141208.32899728543,138082.77945888112,140874.25499018945,13774216698.732317
2025-07-08,142440.71100313994,142440.71100313994,139492.4410674457,140125.53873076724,30550602164.873154
2025-07-09,141673.19406343068,142761.43328344962,138706.8244848437,139083.64296090466,23230721522.942543
2025-07-10,138906.7861520331,138906.7861520331,129369.69081713939,130792.0504533668,41971589629.51784
2025-07-11,131631.5772393044,135824.45708054528,130170.68715222068,133350.67529057662,22074071451.12583
2025-07-12,132839.81562620614,132839.81562620614,124081.02916365386,128459.67231382513,38360378778.98151
2025-07-13,127273.89653829875,131448.54114513283,124358.5979965485,128754.86993132957,20118293337.638885
2025-07-14,128407.88359669984,135575.02886361087,128407.88359669984,129890.65631335796,23373626966.272743
2025-07-15,129791.57812143971,137044.54492400432,129791.57812143971,135257.70678247148,28032017024.899113
2025-07-16,133010.29044017583,133010.29044017583,128104.95586022822,130014.49426261362,34227076836.300877
2025-07-17,131133.05128871585,131133.05128871585,114176.0442526615,118302.09113397916,40551141898.67856
2025-07-18,115028.2872905583,127568.73687627641,115028.2872905583,119013.73574749792,16360287028.962193
2025-07-19,122244.74080588648,129859.54275396162,118043.8526331654,125501.80947437412,19949151445.10742
2025-07-20,127386.69496340655,134553.2934712853,127386.69496340655,130229.26065317856,30455672881.57139
2025-07-21,129889.35092144865,138023.96454965652,126122.06700708624,131113.48900271094,21126862581.131447
2025-07-22,131125.8482329321,133177.5186628765,127930.91103965434,129245.24167866624,13617935673.771109
2025-07-23,129636.8184089025,136969.78879236302,127750.09263949934,132439.3669515066,22339149629.953426
2025-07-24,131659.08666332503,131659.08666332503,125221.19626232839,128637.51136337523,26121641172.938446
2025-07-25,128885.2918412404,131253.53258070452,128885.2918412404,130540.1544581147,30463009406.128498
2025-07-26,130352.17666480331,133703.40399647556,125295.84795081544,132584.94911489115,13326842576.57949
2025-07-27,132459.95768072124,140598.63311479686,132459.95768072124,136868.27788855386,22452255547.8074
2025-07-28,137116.64052117808,151070.4903449014,137116.64052117808,148268.00954000672,48485875548.86827
2025-07-29,146320.4680186326,154970.72886154585,146320.4680186326,150087.62557573608,25787280356.113
2025-07-30,150147.01483513517,150147.01483513517,145392.0876620144,147870.99512591827,18132530913.63375
2025-07-31,148112.68693535242,150068.56620295745,141090.83960919717,147831.47965367648,26978605050.73139
2025-08-01,148021.95995545507,148021.95995545507,135706.74842475777,140059.64213432057,30309812692.324543
2025-08-02,139757.3503506409,139757.3503506409,133597.22179676086,137210.63377959732,24028611647.124004
2025-08-03,138771.89564551532,142786.96742093115,123420.242248491,135594.50201463638,33010135647.736916
2025-08-04,135114.9685939827,136547.66203968966,133075.35392217437,133530.39410575602,33348120233.239098
2025-08-05,133833.94328504152,135264.3750261772,131050.2598379719,134207.47948600675,18041316758.403355
2025-08-06,135948.54980772236,137249.9605999108,124958.67403576318,130963.33603962774,15908474922.47858
2025-08-07,130859.38239863765,148603.49631559514,130859.38239863765,135433.23518751384,22149487686.02966
2025-08-08,135723.689728934,135723.689728934,130110.4660769483,135501.79310926056,10663372599.0963
2025-08-09,135371.19019877203,138306.09452507328,131683.00091525455,135531.73770009197,10438374671.36837
2025-08-10,137208.76648308474,137208.76648308474,133899.24938645223,134266.29934759176,19582712373.386467
2025-08-11,133920.26211624005,137564.59669428028,126547.88180216469,134958.53886171457,30306295546.646755
2025-08-12,136690.53544763767,154292.59390899402,133232.54924698954,138366.63981765183,34353309933.706852
2025-08-13,138223.30872857085,138223.30872857085,133029.65454648124,134836.36631059245,25390028251.48612
2025-08-14,133677.50204959206,136517.230290809,130880.24787911017,132241.64341386798,25404263261.578465
2025-08-15,133140.0576595481,134198.28732964973,127255.2061709117,131102.8073597851,10990067615.99714
2025-08-16,130703.3792766092,131484.46609333198,118143.30438649446,125874.93507112763,20016306209.180805
2025-08-17,126655.99017498446,128933.20214186532,119280.6025785441,122844.15164169458,13022557094.411102
2025-08-18,119491.2379801638,124498.02872131982,119406.99906420139,121150.54524137564,28549964173.57719
2025-08-19,121156.8514445426,125309.22485662173,121156.8514445426,124389.10229389153,16364754691.841955
2025-08-20,123817.40338867194,133124.89121612968,123252.41123338256,125431.08988538766,29674599719.93922
2025-08-21,124097.43292657041,129683.57811018157,122484.65492188945,126222.27123753975,24308835020.176468
2025-08-22,125523.95787960025,130334.32093319921,125523.95787960025,129507.45057444558,18385280590.452717
2025-08-23,128764.46225840674,131768.07597824288,123813.95370300444,129038.48419683908,13630747607.302721
2025-08-24,128976.56405453409,143848.61403979314,127963.70155659472,130614.5532099466,25307043346.28554
2025-08-25,128828.62586161788,137624.05191853628,126268.56802569907,130275.39259232678,28744236999.682747
2025-08-26,130687.41950122672,135798.58184546413,130474.69769525946,131377.6358160407,26428881980.816067
2025-08-27,133172.53650101327,133172.53650101327,122488.8610997439,129146.48099329854,19853065812.562366
2025-08-28,129509.29026121403,129509.29026121403,119059.94390576807,119762.11462047088,37550512164.463005
2025-08-29,120730.97648592226,122027.2677693703,116501.49572543155,119339.5489853942,16787368145.035337
2025-08-30,120645.79488209376,126480.36682687684,120645.79488209376,124492.9223863462,42930379803.467255
2025-08-31,126032.26431506495,137461.35681975426,125013.10001824316,128014.38671306842,32041832235.740826
2025-09-01,130408.43329136742,133037.95423402812,126351.8031825974,131785.9369141533,28853998350.485294
2025-09-02,131128.0588836312,140857.87366368086,131128.0588836312,136738.9692422584,25405122712.961037
2025-09-03,135756.5216467784,139778.3308940341,129326.61409964327,137171.02715498657,23069657164.511604
2025-09-04,138245.7150322001,141385.26271254287,128979.87595108525,138051.59261632324,17912867267.971397
2025-09-05,139029.3654125237,143590.91979007833,134028.3001134595,135562.5835772153,12484336528.333843
2025-09-06,136614.1090535446,140204.41745706895,132410.5107142962,134344.93528015423,19509740708.84674
2025-09-07,136883.09057057605,140308.69298414548,133616.2664030117,136893.87980569602,34037757387.5449
2025-09-08,136909.44451498063,144636.02243353077,136909.44451498063,141906.45908885094,30774270162.341454
2025-09-09,142511.20277281973,142511.20277281973,137774.34074088014,141383.76250194482,12109301178.846449
2025-09-10,139997.65270487044,140330.86168094352,136025.89764391896,139544.97082011547,31302428446.390278
2025-09-11,142524.70405948348,148036.76328273216,134071.57301575225,139616.95352562267,15456820077.482382
2025-09-12,139147.0797593853,142485.58573290723,135110.610559706,142204.9216441213,17632722244.296356
2025-09-13,141766.62342498548,141766.62342498548,135606.21021629445,136116.32627513062,22767412083.748497
2025-09-14,135644.34306212718,135644.34306212718,124097.50234198506,126807.95296414914,36277032042.52212
2025-09-15,125990.17372705169,128409.00928734426,119712.78767554514,124776.98341317044,24240128809.29918
2025-09-16,123866.8138677203,123866.8138677203,120211.94296607174,120269.86748126074,26990520253.93757
2025-09-17,119640.00903423582,125570.63883487818,117315.01820894257,118496.58378801309,27941060118.710377
2025-09-18,116878.16227175693,120097.96813699351,113483.58307013057,118030.48819197786,16973110091.14477
2025-09-19,117103.57361683207,117982.91188350628,113792.17543619966,116484.58950639714,28999646207.2967
2025-09-20,118754.83118639799,121825.73071083828,118369.72960105496,121618.53433687614,19459262614.4251
2025-09-21,122513.22734034662,125286.77615588908,121924.1604118521,122871.49018524004,28295215627.25398
2025-09-22,124009.16244487275,127306.06149053198,122731.90648105856,124040.5179001678,25490753692.032837
2025-09-23,125500.73377684603,132586.2040361507,125500.73377684603,126417.90505076772,28199691000.458637
2025-09-24,128736.57954284667,128736.57954284667,113217.20513080762,122162.04709472474,26239865695.944916
2025-09-25,119998.04104318333,131190.3110558009,119998.04104318333,126031.32881161766,30732601098.16264
2025-09-26,124481.2907785923,126192.05751196429,124481.2907785923,125807.88426476762,11801528683.94087
2025-09-27,124796.73653166069,128876.79481592892,122784.24508100997,128401.34064376957,32603310415.84613
2025-09-28,127798.20128767368,127798.20128767368,119661.38898445763,124336.70414305912,14628193869.459253
2025-09-29,123962.98606914254,124204.16033007936,117372.42391349307,118603.19517513592,18957882893.490833
2025-09-30,118073.06551579232,124947.29507559363,118073.06551579232,121572.62657499751,26927644139.48048
2025-10-01,121839.24618100522,123869.25177342986,118707.21108770151,123006.24573095076,27711327926.209183
2025-10-02,123049.66126602254,124596.92615514103,111244.04639360287,119739.00959909768,14586257846.407326
2025-10-03,118873.49437431358,118873.49437431358,116531.67974148033,116674.90122279528,35686740037.13191
2025-10-04,114136.5818361913,124502.09334329037,114136.5818361913,120672.5384425354,39570209580.13381
2025-10-05,119474.41857235337,119474.41857235337,116102.38758006372,116426.99414077542,29900990175.01776
2025-10-06,115787.53208606431,123276.08898296929,115787.53208606431,122222.7518669641,29394165961.316154
2025-10-07,121920.76458000031,121920.76458000031,118865.55197593752,118981.57290558428,31411916259.903614
2025-10-08,117637.47679389405,127796.20358766193,117637.47679389405,121319.7699552104,19822882653.241035
2025-10-09,120724.32467913165,122480.55795582039,117512.63214426633,120184.39230376104,21724392504.799408
2025-10-10,118825.12198387746,122998.22129524002,118825.12198387746,122419.29594540985,33589862638.302242
2025-10-11,122265.26878108131,123358.07252625712,115424.05531811024,120482.20400179678,33719797957.070988
2025-10-12,119189.31991843334,120630.8404053541,116890.95964187077,119954.03566021429,29792575780.826466
2025-10-13,118935.74026599043,122996.73021756121,118935.74026599043,120161.26528478254,15512398623.0665
2025-10-14,118588.73387440483,119707.07851990084,114422.78941020831,116608.62253524776,18980561603.434803
2025-10-15,116429.62748856182,122862.41090782685,116429.62748856182,119258.5220403159,19578632281.99892
2025-10-16,118225.2092356194,120126.78900489713,109862.00229217879,117481.99855848284,21630652935.419674
2025-10-17,118547.30683758702,120197.20716809407,115400.28448701039,116735.04831002872,17318643124.381134
2025-10-18,117208.81781491906,117420.46892466806,111387.34349810299,113311.1531657246,22612472315.514595
2025-10-19,113232.00320837791,113232.00320837791,102790.99976115707,104657.57929210404,39529350037.455986
2025-10-20,103822.95027537843,104586.51768397613,99264.20996854552,104110.13298541048,26571325706.093277
2025-10-21,104506.29318131178,112775.68879061172,104506.29318131178,111697.51942350635,42720280365.83378
2025-10-22,112469.01518354488,121189.5510287847,111784.2850054185,114382.5187638358,32607727899.35811
2025-10-23,114545.72936369614,116333.32321663517,111891.18501253382,114373.61850082663,10651970066.15445
2025-10-24,116207.83034288905,116207.83034288905,111637.58789285933,113528.7720478601,11763867555.531431
2025-10-25,114050.59265094415,115487.89239342099,109539.49478080773,113662.05219060136,26090400346.17253
2025-10-26,114700.47690305064,124272.21420122302,114018.40259664565,115584.48365940228,24156187355.784115
2025-10-27,115738.86455529707,116140.44395182382,110524.98822297584,111547.76671455563,29093493353.570343
2025-10-28,112301.4553226479,117409.70102614856,112301.4553226479,115332.54349116966,14801553049.463995
2025-10-29,114413.59542947201,118706.36846857407,114413.59542947201,117865.41216319216,18423831687.459515
2025-10-30,117325.11904304207,123815.26948271258,115807.53338768806,120463.82256638235,27786220403.599667
2025-10-31,120884.67925756099,122964.43143359185,120884.67925756099,122108.66838565472,30895365691.883137
2025-11-01,122526.40150713867,128640.05182383183,118371.44874637954,122241.58363832324,28648145152.909607
2025-11-02,122862.09636942443,128552.21160176495,122862.09636942443,124770.25312174512,24147292857.002525
2025-11-03,126143.21611877497,128877.593917965,121775.90503987024,127047.86222634416,24726390642.419144
2025-11-04,125237.466815211,128171.11690192997,119357.08672135774,125761.98269347276,29359410692.892944
2025-11-05,124536.49184919099,124850.79593601072,118607.80586713763,123660.74479773932,24219829418.413113
2025-11-06,123944.63603554359,124326.74868152742,116928.85603845234,124100.44393017126,21060297016.600864
2025-11-07,123201.50544743445,131625.3980789934,123201.50544743445,129929.51680585636,41301210093.21084
2025-11-08,134318.2347605853,134318.2347605853,125136.19605091386,125164.58405594644,35259849719.67895
2025-11-09,125810.08237217566,125810.08237217566,112001.09028623415,119716.7006635895,40447640476.86675
2025-11-10,119622.92555564853,121817.08382018434,117805.89930087591,120368.29774326309,15146799734.86955
2025-11-11,119747.83615386247,129131.62364510553,119747.83615386247,120612.239873589,20902715967.893883
2025-11-12,120033.1053888017,122922.16423967166,115032.47921427478,121299.75978561972,28379927903.574055
2025-11-13,121336.32033539283,123753.2115302694,117793.43046154866,122248.15359466957,13178620133.521488
2025-11-14,122385.04943965867,122385.04943965867,117893.56497407814,121490.69576624873,27497605941.422455
2025-11-15,120935.84879780207,127644.22021441573,120935.84879780207,126981.57748670572,19832987447.56793
2025-11-16,126634.72445513438,126634.72445513438,118925.94729078427,120946.50889769834,38596598339.26237
2025-11-17,122572.37416109482,122572.37416109482,117259.67234883984,118000.86746876818,27656555467.293926
2025-11-18,119634.59533484455,124529.5401323368,117214.6592306556,117694.34336446656,14224875726.71358
2025-11-19,117990.97310220625,117990.97310220625,108431.22648766381,111951.36969156994,28966176349.3416
2025-11-20,110449.811055807,112700.85909377244,108869.29860752166,111416.73113314174,24766972187.428272
2025-11-21,112016.71374731774,119178.94543403616,112016.71374731774,117025.90674092797,34093619910.612236
2025-11-22,118844.8198615383,125976.06064952917,114455.7392726006,117157.74750124248,18753870270.526585
2025-11-23,118762.5521859993,118801.6193228575,117436.51813435953,118027.17832880802,30064277985.237427
2025-11-24,118894.00043979655,118894.00043979655,111147.70252804943,113624.1811740913,27989980996.510532
2025-11-25,115240.39760986713,115240.39760986713,109260.85710235189,111579.98645580446,23736625947.25296
2025-11-26,111639.5526198061,113763.96700119066,109680.44642034816,110379.844237988,12454513056.921144
2025-11-27,111073.14331774463,111505.76370218165,107136.97048543324,109382.95387334668,31011170460.4344
2025-11-28,108638.3014496522,118809.84571892771,108638.3014496522,113643.34487361212,18816976522.880615
2025-11-29,113975.48511389758,120022.16393376232,111663.0663532786,115601.5028724564,24110720195.31684
2025-11-30,117138.46443969029,117228.51483814078,109220.60351138041,111804.71731784852,34634158765.756325
2025-12-01,111145.71413883039,113540.00730011587,106026.56118452548,112687.4315886101,15438786775.894817
2025-12-02,111716.69311335796,115275.66474800903,110565.4485316394,114428.07518039508,23721361429.742943
2025-12-03,114539.62989683369,120398.48731352687,114539.62989683369,118399.24101488828,19954713797.97836
2025-12-04,118130.87468601143,125397.33705748986,117938.79707191761,124072.48516588108,37265864635.91472
2025-12-05,124877.89887581085,128682.21017588726,115303.5799958375,120356.16363673795,27662828466.463676
2025-12-06,119810.63785999002,119810.63785999002,114458.68644828381,117488.59073939706,33580938890.391136
2025-12-07,119507.5612264762,119507.5612264762,110404.9121532284,113114.80352309837,38274295861.60459
2025-12-08,111655.98893880536,112604.61133123301,108353.18421656791,112377.22761335822,24472754986.943504
2025-12-09,113786.14000773622,114715.3049711966,112481.36397057095,114005.65806300144,28059192865.511505
2025-12-10,113133.68666707899,121400.00222468923,113133.68666707899,117439.51253079464,27304911328.430225
2025-12-11,115330.31916216193,120295.83473492629,115330.31916216193,117230.64275127625,18003171393.732903
2025-12-12,117509.50532600963,123263.91948662025,115651.82749580126,116164.3801506448,25050882712.610863
2025-12-13,115868.61636187774,118608.9677566646,115868.61636187774,116751.32853379456,29588915656.13833
2025-12-14,115455.84485523232,121898.49577914171,109101.18704284665,113884.58289963524,22835294247.270588
2025-12-15,111969.75383953445,126863.40828631062,111969.75383953445,121080.51256427044,26580089242.780315
2025-12-16,121070.38928018775,121335.00350821925,113005.948078938,115301.36018476092,26249727724.174515
2025-12-17,116426.51339398787,120921.59821270265,112955.87411214209,115998.0360656932,19838327765.470985
2025-12-18,116676.57062957116,127410.92430251147,116676.57062957116,123098.06549975488,18492546674.534447
2025-12-19,123167.87028748574,125565.80233557933,122643.41922137882,123184.7259638358,20109416488.646294
2025-12-20,123774.59303468854,123774.59303468854,121838.15199516156,122544.021133345,20920604657.322178
2025-12-21,122510.67184121262,122510.67184121262,119917.86493984768,121291.20916050472,23994387755.1046
2025-12-22,119557.07933847231,122191.40771164745,119557.07933847231,120695.45700898118,18103991944.5096
2025-12-23,118980.50251990261,126831.19410142055,118634.07318308685,125726.70195914066,31542231070.25827
2025-12-24,125471.26486822932,125471.26486822932,116603.80580077441,117446.86221110524,45717049548.0682
2025-12-25,117258.17996722927,125678.89716648168,117258.17996722927,122908.49494099122,42646176517.45937
2025-12-26,123954.42494335242,124963.60651980586,115269.22790933277,117719.45627441852,30821987295.14526
2025-12-27,118610.95068898937,123687.65166123719,115748.63966784833,116836.61098620224,11665658834.19549
2025-12-28,117543.6278937736,117543.6278937736,114090.58048478085,115390.48539112236,33021764469.18856
2025-12-29,115067.06580803519,119238.41192019789,115067.06580803519,117485.58405813915,28496111777.012386
2025-12-30,115863.51679227388,115863.51679227388,107562.99457156162,111911.62966381032,24651519790.476727
2025-12-31,112372.7851886751,113738.36723038643,111969.13743844323,113519.26036606118,14802461389.55002
2026-01-01,114115.42868614591,120659.55011706287,114115.42868614591,120469.96393186692,20747585037.259716
2026-01-02,117592.50094051876,118336.58637939033,113325.25319039164,115603.55321884822,18749624579.148712
2026-01-03,114639.02862929695,117517.37118130068,112333.45409020278,116319.2762067564,11586998517.81117
2026-01-04,115515.44675677671,116581.457795232,110796.1638767362,114067.39721136756,33472074854.6595
2026-01-05,114202.39620538347,119756.34240978608,114202.39620538347,115581.82626345506,23578940729.66926
2026-01-06,114653.28760378648,118063.9625799461,113240.99900291786,115706.01122906474,24257043530.003563
2026-01-07,115661.88724057833,115661.88724057833,112597.60502333487,113537.1474896439,31541144669.355156
2026-01-08,113298.1121238981,117033.21429909658,112151.8675061712,115255.66489029424,29740616597.884167
2026-01-09,115072.23610870405,124527.39928422733,115072.23610870405,121552.13295534988,42758584099.483635
2026-01-10,120681.3404109862,122368.3825665423,113610.74559257833,120916.76612961602,30878993813.463123
2026-01-11,120144.12606618702,125394.5804345933,120144.12606618702,123588.14859550078,22930740555.503887
2026-01-12,122253.06653643076,122253.06653643076,116410.26873675936,118854.9463550408,40115753620.003105
2026-01-13,119306.6753076478,119306.6753076478,115222.37331626548,115504.05800045688,31363464007.967434
2026-01-14,116163.70471182719,118537.72675944271,112477.79536740521,117198.75529305938,13087954039.321428
2026-01-15,116295.60064744759,125722.05540251467,116295.60064744759,122475.45120835274,34277260371.035168
2026-01-16,124337.86202720474,125761.8742122487,119217.56830113548,123843.306094404,26385078570.34831
2026-01-17,123453.69326087092,124534.19406233533,119267.54765871102,122742.1235024695,30617320855.21763
2026-01-18,124620.30583064692,124812.22357234998,117828.74010039202,122800.88533212952,17542224532.79972
2026-01-19,122012.34747770612,122012.34747770612,115702.84711313831,118255.75047206692,29729229239.084522
2026-01-20,115859.20571344913,122032.2616576212,115859.20571344913,120459.50075500357,12152721122.666147
2026-01-21,120943.98624694048,125561.88013892667,120943.98624694048,123708.2925109944,21129717346.94894
2026-01-22,124015.76341665674,128191.29762651534,114760.4135124991,122092.32696318466,12713759870.314356
2026-01-23,122134.31914820665,122134.31914820665,119952.647979818,120431.71693894432,23217212359.156277
2026-01-24,119658.26533841468,122530.79324132255,119658.26533841468,121452.53794822429,28582381669.045994
2026-01-25,121410.54910294658,121617.94870071918,115346.17886339805,119922.04260777212,15909314369.574968
2026-01-26,119308.92982286956,119904.12662573728,114836.55863215897,119744.08088220838,20853760982.899517
2026-01-27,119382.03517295308,134101.90595641598,119382.03517295308,127346.8305952122,23019907236.924812
2026-01-28,128418.62259819602,128418.62259819602,121821.38019331958,126466.76580854288,13271656532.428246
2026-01-29,126699.73938079171,133268.15309765103,123776.34196205686,125170.45558888318,22292520624.181755
2026-01-30,125933.93451927733,129204.25990123847,121221.1111785807,122801.4477319516,13775195219.344965
2026-01-31,122516.70984898068,125861.7956172558,122516.70984898068,125604.48400053818,26711031605.870583
2026-02-01,125174.89487814775,128493.33857998898,120950.31054388238,124984.40917957394,11151362619.532528
2026-02-02,123542.73585335318,124562.84922844815,121492.02376969889,122612.05621821128,14437534008.24427
2026-02-03,122158.3467187812,127979.59926633637,122158.3467187812,127533.5963749126,29429144927.001686
2026-02-04,123298.05954243906,134720.23716853978,123298.05954243906,133028.77547080774,31233480454.26675
2026-02-05,132243.61041647164,132913.55367720858,128015.23023832994,130699.08150712209,12432537221.642162
2026-02-06,130592.07270954215,130592.07270954215,122401.2939367006,123445.7793307002,33381202027.23931
2026-02-07,124141.61066609582,133968.27885725434,124141.61066609582,127238.7015992136,34995258467.87422
2026-02-08,126896.83935636652,130985.70190325147,123219.76206583017,124688.97864683924,29345096597.05606
2026-02-09,125122.48923568983,131994.1505824915,125122.48923568983,127708.7920897122,15681007194.628033
2026-02-10,124925.0103201422,124925.0103201422,119767.2354840664,120224.6591202178,34653976330.026726
2026-02-11,120156.32720839733,123586.94935223248,119848.4435968273,123504.13777163734,29840372019.7774
2026-02-12,121429.88232839908,122609.7195172067,111072.97256076874,119078.34749595216,14594977021.447538
2026-02-13,117639.51963676952,126917.40015117264,115021.28729665774,121748.43218093344,33185124811.347546
2026-02-14,121520.56106082632,125473.42143360648,121323.32449734794,121861.43810596885,28386405185.271675
2026-02-15,123416.71175562014,123416.71175562014,116445.81888128571,118434.91593961236,34603498185.35344
2026-02-16,118874.55435789029,120343.28256642041,115129.23788998967,117047.9140524066,29595204865.285763
2026-02-17,117069.25305426655,123686.11083717647,117069.25305426655,119516.40232230624,30150456052.898735
2026-02-18,119493.06030345563,121612.73068475381,119453.67773831994,119955.844245334,23502128819.34268
2026-02-19,119099.80468171195,124562.77448924002,116458.51546364243,122118.93474127194,27823232325.36716
2026-02-20,121454.627991692,131492.9570505979,121454.627991692,129420.818771456,41750621459.03679
2026-02-21,129973.93234873739,129973.93234873739,118493.03232059345,123412.16627652096,34044290094.102127
2026-02-22,121702.46284996897,130653.87530985533,121702.46284996897,129461.38357585444,24668974487.2301
2026-02-23,130229.1595547035,131129.0443058973,124594.76424826036,129931.41618932568,18155288605.742683
2026-02-24,129426.62345502255,129426.62345502255,120168.3376320231,126492.97337001035,35335361423.59089
2026-02-25,127537.24506087936,127537.24506087936,119886.0242266431,121507.96007566444,14418336848.802711
2026-02-26,122675.76512996781,122675.76512996781,114303.63433746086,120879.3250689414,25216858067.53997
2026-02-27,118856.91240678809,128633.94329731909,118359.55541765608,124282.01803585015,37285804167.85415
2026-02-28,123559.21772680306,126712.87592286641,119879.7334131281,123868.59718249156,24927060634.48012
2026-03-01,122808.8670369317,130150.10168421389,122808.8670369317,129546.07072113712,43572825761.69116
2026-03-02,127197.75286952163,127197.75286952163,119701.12060933374,123971.02049933128,33972161406.497498
2026-03-03,122690.9784598193,133364.69244412746,122690.9784598193,123988.04563354378,10701937566.512524
2026-03-04,127014.91104500291,127014.91104500291,116759.92048132066,119391.5851902492,36379127503.45
2026-03-05,120119.28871722869,121437.05572584103,114928.3155944655,120753.7185896136,17482959942.234444
2026-03-06,123068.91510777631,124202.93351554322,121442.21330283734,124026.943958643,24050027578.368633
2026-03-07,125055.24941620651,125055.24941620651,120025.94649590112,122523.3834484778,18210812633.576572
2026-03-08,121614.45210772908,121614.45210772908,109012.45268903398,113012.33235208108,27303102231.326195
2026-03-09,112580.8838184713,113856.03178487634,109147.17820701541,113743.346340855,19833063275.727394
2026-03-10,114412.65334334064,116039.96698382415,114267.87825648623,115290.50114453226,19965611923.211758
2026-03-11,115794.90423905473,117802.5508131393,111547.39536255167,116746.48674239372,25529322560.444187
2026-03-12,116072.46022256651,121835.65627153683,116072.46022256651,121133.05686398648,36130952355.95042
2026-03-13,119303.95597802645,119303.95597802645,116121.9563148664,117301.42320397915,20984412608.442307
2026-03-14,121158.0138683342,121158.0138683342,119340.8091645896,119753.78343324934,17258702909.423775
2026-03-15,119584.75136031519,124478.00210790035,119584.75136031519,124097.87891672026,31803783205.221313
2026-03-16,123693.64385947384,123693.64385947384,116243.99890615803,117538.35945689394,35778469740.43446
2026-03-17,117671.57092646751,124037.20583502576,116142.62404383085,118724.26917309988,30849982863.59163
2026-03-18,118436.09142936619,122594.94419623364,111758.03896683935,116987.87984864035,11828095614.451881
2026-03-19,117131.4577957264,117936.45244257576,112715.7967200492,116760.258847992,27587330125.664345
2026-03-20,118262.90183049874,118416.72069737178,112350.62550029471,118036.48286381486,22652014347.31607
2026-03-21,117889.47021893265,121172.53266111117,114959.43941370651,116370.17872348426,25591894015.593834
2026-03-22,115017.13050720193,115017.13050720193,112093.02617970102,114069.39571473784,14165858428.20888
2026-03-23,113885.0096151657,118207.16341674999,109852.11471845915,114243.30278134688,18936666477.98618
2026-03-24,113712.75484808879,114763.31171118251,106495.49438955351,110574.10742299876,19217857435.61798
2026-03-25,112148.57096346504,112148.57096346504,103746.12621141707,107027.470143392,19922817041.62857
2026-03-26,108280.88925074757,112509.46609652421,108137.39465776624,109262.33199119908,24275244171.736446
2026-03-27,109379.81631414333,110403.71096401812,104219.71899037689,105551.36569942423,35164322816.41145
2026-03-28,104201.6425409743,111146.35785390304,104201.6425409743,107714.04721588094,29972477388.799686
2026-03-29,106393.58904442341,114549.88368063136,106393.58904442341,109262.73165029268,24957221667.090797
2026-03-30,109279.25573901458,110477.01199842247,99237.49155411487,103660.37229147433,31447431502.281784
2026-03-31,104009.00593357452,104009.00593357452,101408.78036310345,101605.10435424032,22223249041.123966
2026-04-01,101224.46844772929,107097.82777765176,101224.46844772929,105295.73522162768,40152931432.93167
2026-04-02,104790.13712762603,104790.13712762603,101408.79261326516,102249.00670997436,27339178172.77462
2026-04-03,101642.87538226486,101642.87538226486,97697.03699986855,100875.58497733896,17104802580.498722
2026-04-04,100851.98618309351,102329.32089055332,100851.98618309351,102324.34265688572,16698903341.154799
2026-04-05,99886.19674305122,106128.94197321484,99421.46291355092,104780.30239539372,27561936419.210583
2026-04-06,103626.32902340783,105652.5137984478,102740.8336782868,104042.00293027314,21897953174.500095
2026-04-07,103389.60667127851,105281.84936493769,100463.86492844262,102229.039208929,11923313957.326725
2026-04-08,103463.45812354548,107643.18208403647,103463.45812354548,106642.37885936872,38085383378.13567
2026-04-09,105774.50863213364,114082.46706799473,105774.50863213364,112258.91195115232,36765947061.74752
2026-04-10,112461.5035235905,118868.28069209514,112461.5035235905,115611.6075991896,30176364445.54295
2026-04-11,115873.51731544036,116913.8074660959,114774.73740063347,115965.32643156878,11723655075.173012
2026-04-12,117470.45954416749,117470.45954416749,109301.42621173624,113211.38514717844,21335532581.43929
2026-04-13,114640.76651815789,114640.76651815789,108679.96303503275,110447.51799313218,35716138006.7588
2026-04-14,110384.00739132582,112554.41911901998,110384.00739132582,112234.05333341892,31659876340.666843
2026-04-15,111700.39753540009,114282.81352326083,111700.39753540009,113698.92620722046,17761431656.995285
2026-04-16,112944.15509749956,118853.79894394847,112810.22447854887,118536.58332007087,18732480415.010517
2026-04-17,118250.83521251868,123150.8152996903,118250.83521251868,120908.91555941464,22780674036.479813
2026-04-18,120384.13053753582,120845.1731228426,110616.66949269439,115517.29573865944,24749315238.424484
