,open,high,low,close,volume
2020-01-01,7324.4679099479,7577.910858784641,7145.197366654052,7357.453676067235,47868316601.35553
2020-01-02,7331.829244000695,7343.56718329505,7248.220901966222,7331.477655782538,26762677155.438538
2020-01-03,7552.54403968939,7666.8793160106325,7485.863223652266,7536.0811728937715,19930401364.163296
2020-01-04,8039.3088463607655,8030.103134935155,7890.192611100135,8010.260400304824,27436040485.38613
2020-01-05,7925.752534327874,7988.114779996189,7797.998465825835,7951.255740899669,26416145096.571674
2020-01-06,7916.36928708073,7996.770972893078,7721.599515557594,7892.6909394575105,19874047940.7701
2020-01-07,8411.47697658527,8535.789720702563,8316.956482100419,8407.04586855364,41103170630.538445
2020-01-08,8672.953177670017,8749.338879805857,8601.921924563503,8681.93431905513,35785420436.757614
2020-01-09,8504.822592352743,8617.301170189787,8503.216731507197,8536.260356366602,56388304284.699135
2020-01-10,8770.511928213733,8761.389303322672,8566.178039896738,8738.590228719791,14619146480.290396
2020-01-11,8564.628492308242,8672.259593395333,8534.724841270905,8594.082716288158,47453470923.49324
2020-01-12,8435.09492916359,8696.226573620073,8339.958384655483,8451.170080695962,55043871832.74955
2020-01-13,8531.916165498373,8792.18066708757,8519.81502062701,8549.866993261996,56103966221.77858
2020-01-14,7942.023699839453,7992.128153750794,7800.547548699052,7912.6350627421225,64524382813.34598
2020-01-15,7395.264343615869,7508.9446441931095,7275.681376116046,7382.514519991935,56780506207.74763
2020-01-16,7252.689446224315,7428.560675424596,7139.661605325612,7231.235715070643,69699291393.0637
2020-01-17,6935.388052037881,6954.027198514663,6900.449028768885,6952.737363672893,35155321284.52761
2020-01-18,7062.846671675994,7225.595786692359,7046.565764102311,7054.038005231027,46301973765.009834
2020-01-19,6816.82391861051,7005.743626503148,6622.611796085836,6811.936627705833,16527610301.290804
2020-01-20,6462.176306232081,6458.385726580649,6257.842132143017,6440.73956845843,16361362262.534601
2020-01-21,6858.9562107078755,6864.302046569006,6818.417315228224,6831.215528373564,31728244888.774475
2020-01-22,6750.093588441002,6978.692490951184,6687.516679941636,6783.184896637416,23072135933.854538
2020-01-23,6826.933103776578,6924.974786295437,6736.339590333428,6815.073518356137,34068850622.300884
2020-01-24,6411.44994219673,6443.056043162733,6340.312497947332,6440.313120025279,28931984032.657867
2020-01-25,6316.038363163469,6361.746506377915,6141.302975526316,6312.953938142344,19132722443.765556
2020-01-26,6340.0968687043905,6439.352540371394,6309.385865109014,6353.589814000142,80695769655.59987
2020-01-27,6062.043387849314,6200.036625922581,6027.720298916615,6073.779350848546,18201376681.115444
2020-01-28,6168.120132182728,6313.069602859997,6049.650731165299,6177.20318418955,70340272923.97986
2020-01-29,6048.474356468816,6221.551529094505,5915.413582420471,6041.146901441373,29012690083.01143
2020-01-30,5972.814240130402,6034.345768581316,5953.638005165309,5982.742603534917,84749635380.6849
2020-01-31,5864.328412988348,5945.183011639271,5687.892689984261,5850.713857389448,84177022572.4421
2020-02-01,6289.890409233191,6396.633842859246,6273.444763351566,6295.901270778091,67214461147.25784
2020-02-02,6277.878249138414,6381.8229301126285,6164.489448296605,6305.093985544466,69189518516.4631
2020-02-03,6068.115654273389,6081.653182865212,5977.060687570971,6050.945500851374,19315970584.19387
2020-02-04,6248.71826766968,6445.763299421765,6250.109977713469,6262.134369258636,94138179540.04178
2020-02-05,5964.842111222705,6121.654959549945,5911.217953782045,5968.855158798166,86592505134.89151
2020-02-06,6041.843420936843,6120.818241757426,5924.718690975042,6030.659930976933,88495599427.7979
2020-02-07,5560.664899911916,5670.799344492613,5518.118280517282,5569.997087078312,70688223259.06822
2020-02-08,5261.7819723281,5321.251106445507,5181.201077395835,5285.217384313975,46491114595.360825
2020-02-09,5330.676650530532,5424.478367230883,5221.679038260276,5337.405996127124,89824826646.51715
2020-02-10,5530.210832468516,5620.530405494309,5505.192815855043,5505.740646199658,42713510194.0468
2020-02-11,5562.365126408523,5640.337241802439,5512.965486186023,5554.492499940738,64341975837.73244
2020-02-12,5549.406569244955,5704.489410300459,5480.860238025984,5539.906784254359,27774930584.350513
2020-02-13,5491.517842979343,5584.84589695274,5378.190304183798,5484.263141584501,93314240185.83604
2020-02-14,5155.322743710211,5228.435421874835,5023.387049527757,5170.887521635901,31176970792.74268
2020-02-15,5028.23024170078,5148.911904387327,4886.058423260521,5032.33995929077,37944159544.03073
2020-02-16,4962.101722983064,4974.993055114669,4883.481186326715,4949.68100345337,64628051367.20262
2020-02-17,5148.272532594892,5228.502526780327,5131.976369115423,5168.877077518041,81127094128.80792
2020-02-18,5238.596353605654,5304.908397109783,5177.393278463391,5250.259659687732,69533276924.79532
2020-02-19,4879.5643130793005,4953.856057216071,4867.144200186269,4890.503434762686,38533013982.36461
2020-02-20,4960.307428138113,5080.096980876635,4819.74889869453,4963.681792251282,20029349760.07175
2020-02-21,4920.676507662287,4968.284189405512,4804.118777346475,4897.152119682942,80236254785.0044
2020-02-22,4753.697895151526,4888.073834630995,4665.072106940685,4774.346823575974,98165380589.89209
2020-02-23,4901.626188537423,4985.465849999916,4819.44706518078,4900.709707090491,83982371057.86201
2020-02-24,5096.22344768582,5165.082394254123,4970.338794014148,5112.616301220735,56073586027.298004
2020-02-25,5338.301072838114,5442.402273720311,5305.981290191041,5313.292650543028,90720011524.12447
2020-02-26,5125.661207966678,5182.342909991013,5025.655351297531,5145.558903910283,51640965270.868195
2020-02-27,5087.298365267317,5126.4853407397495,5080.3384548111035,5092.207201967685,60330171044.60109
2020-02-28,5182.164432799577,5248.112474513888,5080.824432191714,5169.8660976172905,56279846634.480545
2020-02-29,5392.952340398488,5424.059612826675,5379.606088151522,5381.943336988749,53651776902.72985
2020-03-01,5285.464371112423,5290.99367002732,5218.7867429918115,5289.551679797602,78295763912.73181
2020-03-02,5252.774541808173,5363.1665286695,5249.932338040287,5260.848673081934,58876700535.18869
2020-03-03,5033.401073555879,5115.815240789161,4888.211673175746,5038.559935228747,42607038597.39637
2020-03-04,4796.218166114596,4871.806188770428,4771.240063145579,4807.5507042852805,37872202308.81623
2020-03-05,4958.761150009997,5117.690274655577,4958.951085798063,4973.416169281901,21246165716.834282
2020-03-06,5252.277891797448,5343.187017847904,5117.593051651979,5253.168845121323,60911910518.27258
2020-03-07,5236.395322227527,5384.4966867129215,5106.223234499061,5248.543929722798,34720339748.99723
2020-03-08,5458.099216223256,5492.607108673773,5375.301598696526,5469.724477562575,28481453041.490562
2020-03-09,5568.5012047641,5654.725885336841,5548.723970761464,5559.78590324456,63900635926.13163
2020-03-10,5452.865931879322,5568.763492089794,5352.926331600152,5427.436366348722,65024674200.251724
2020-03-11,5522.466709702166,5613.254753599686,5438.542178397783,5516.749305160419,69071957846.56705
2020-03-12,5842.3619085834,5993.56287070421,5716.006227065977,5867.181290145237,51233076670.57484
2020-03-13,5845.592341280552,5936.030277383122,5694.531550858224,5870.50773807089,76672854702.36382
2020-03-14,6277.871272420848,6266.992199398866,6214.06207117102,6249.658861098218,78322952143.82716
2020-03-15,5595.89122300757,5684.28459866964,5453.771515305665,5607.257650676688,68722324139.34712
2020-03-16,5779.145324213257,5871.489680842119,5739.075856083524,5802.816930208774,56623860479.604614
2020-03-17,5840.406174634336,5986.396482241683,5819.681857177579,5834.627292121091,34805566851.04056
2020-03-18,5783.655276169901,5818.795947603831,5639.375720855419,5776.512688802414,76135467338.54106
2020-03-19,5817.895048781882,5977.748552323042,5750.932411686258,5809.268005779687,31773163216.02508
2020-03-20,5346.568717833454,5513.074556415693,5210.915159740943,5359.033721596317,26917829412.007202
2020-03-21,5296.853604462263,5362.204417609285,5259.390296245819,5322.662626855193,40346289737.38225
2020-03-22,5434.4938018820785,5465.821477786661,5273.6622255870825,5409.3395416275325,17519122282.97316
2020-03-23,5725.636870117996,5894.148412787337,5694.467162951614,5739.935448493034,68648875658.73274
2020-03-24,5642.336358528585,5795.754538008405,5514.349012504023,5632.421815479334,45818839682.40598
2020-03-25,5472.820742705798,5534.191331961565,5373.614305925589,5461.535578845849,43090859204.60783
2020-03-26,5368.743618452416,5414.487805479323,5298.3983456487,5362.844092184603,47224611782.454414
2020-03-27,5559.515195271051,5657.845435552183,5431.457508672419,5569.936133924646,37992896743.33603
2020-03-28,5641.377961187555,5770.986947801112,5610.495033018869,5654.320913582948,13981880974.205893
2020-03-29,5551.228686961743,5591.311336445952,5429.789416498673,5545.812187436357,41624012405.41805
2020-03-30,5691.523619729756,5796.05415261452,5613.324926254542,5670.763203250199,45372887740.01509
2020-03-31,5729.607131230208,5712.964681925701,5560.087123635695,5704.124881444883,30433627737.329136
2020-04-01,5913.148435513305,5945.323178652894,5880.998913609071,5936.544010879196,44645272800.85448
2020-04-02,5761.749539336768,5848.708397472652,5630.489519030968,5781.706335309883,20508306475.270817
2020-04-03,5742.91965518032,5778.121298955343,5618.92630836394,5717.4918956274805,19634903356.480755
2020-04-04,5652.590689200628,5692.64992792691,5511.89603517414,5639.251871909033,16592598948.57921
2020-04-05,5340.78202258895,5398.777922166719,5280.242830284173,5320.405199220015,24256019568.15657
2020-04-06,5378.025014475596,5445.96693976987,5274.6462649653195,5394.065204086009,41318995899.73998
2020-04-07,5465.962522358064,5492.67794983766,5441.800410955504,5461.17930089453,39166493270.03793
2020-04-08,5484.227489493,5524.032515144729,5455.455930448529,5473.218679639192,22155221877.810616
2020-04-09,5442.592381353079,5591.701259817825,5301.839866334288,5432.807249782795,28270054740.177162
2020-04-10,5131.377990353752,5199.440939125918,5076.595685091846,5136.095407140683,31432393148.72034
2020-04-11,5035.42784806494,5127.455331557397,4921.465561815702,5059.94861754335,15263199161.609234
2020-04-12,5004.850687488612,5087.197722695096,4909.421518850027,5000.7038010139695,12451554080.1003
2020-04-13,4838.252032802825,4993.309952370761,4808.513526939152,4850.227169029451,34823880170.09913
2020-04-14,4826.23468799733,4863.634873660051,4779.301087152883,4828.636729739561,23619111696.700752
2020-04-15,4938.830809262011,5016.816919794419,4860.98168303484,4916.334595514937,31978229612.044327
2020-04-16,5291.743912476029,5410.871210710964,5183.0786908977,5297.092104693721,14534081565.52689
2020-04-17,5362.837775610231,5442.055054831201,5244.9488163636925,5344.676479063358,22400506549.050545
2020-04-18,5393.57549018782,5424.80417124765,5264.823446783854,5410.426772640266,10538674631.849997
2020-04-19,5414.457984066015,5514.89386558131,5359.574660916467,5405.136259154547,10793254806.474325
2020-04-20,5024.953320922855,5010.714054348805,4926.664718450633,5001.09773691946,15199122984.255508
2020-04-21,4985.8675738883285,5095.321047685919,4962.0601981734035,5005.795993093057,10712554243.893797
2020-04-22,5003.146568547383,5139.423077774751,4914.581215506141,5027.8675908226805,7386780287.9604025
2020-04-23,5529.642458452425,5568.338435276714,5421.174599600584,5533.317533432901,8510592746.871462
2020-04-24,5479.395431154094,5640.7216873670795,5391.917807100555,5501.808396532909,4436439379.508505
2020-04-25,5593.032036982727,5584.2547164247835,5416.107655767462,5579.174241326105,13824684539.081085
2020-04-26,5605.72860531104,5723.90580748632,5472.226360387169,5582.586069352345,9998067527.907799
2020-04-27,5329.2628948928,5406.426438338985,5301.313400769925,5332.7814121961355,4299373391.910856
2020-04-28,5573.74262462044,5623.695321975026,5570.009456414039,5587.223945527702,4865043707.996558
2020-04-29,5762.664525321104,5789.589861225798,5683.102065010188,5766.447123245191,3742534826.6024613
2020-04-30,5973.756241447302,6130.90161484525,5863.074325409003,5960.4377733085375,8391216741.520796
2020-05-01,5727.288147954832,5768.091656654942,5588.20078692238,5755.544755409896,3054300069.6363635
2020-05-02,6095.457419092902,6126.384088024239,6067.940259951044,6090.009662489801,8087875103.029669
2020-05-03,5767.224613179683,5820.809208447246,5590.125711870763,5760.698221103717,1966321029.900949
2020-05-04,5915.581743623105,6017.368033546635,5897.6563015482025,5907.4478821978155,3256333535.9079103
2020-05-05,6420.2571909101325,6542.067172288241,6338.227526879245,6436.86287587179,6627154427.313548
2020-05-06,6207.958663047735,6218.048449216513,6072.403214748095,6194.698741686085,4975315456.923949
2020-05-07,6041.977061892914,6119.49774563335,6052.9739142849485,6066.766385849858,1454253932.579182
2020-05-08,6084.728601593628,6146.796032526564,5924.455716490141,6103.082380702267,4185982053.3967714
2020-05-09,6014.997843292565,6030.767297437604,5917.130597028803,5992.378409713707,2491666135.06312
2020-05-10,5646.123187181125,5702.151977465637,5556.455166367038,5632.676683931004,3114227607.2537136
2020-05-11,5631.870725757475,5778.921411888879,5526.84465626303,5659.389760081699,2013499487.7879348
2020-05-12,5416.565164167674,5465.65348518715,5337.190749798511,5430.228909219532,1803951449.2653823
2020-05-13,5528.1247947842485,5604.943548388631,5486.12296719013,5543.95797935888,1924145220.7271688
2020-05-14,5338.891411774437,5413.911725641529,5307.351017169407,5351.155922525741,579538310.4131356
2020-05-15,5679.242884248817,5860.402912721446,5522.929830915046,5693.615861208233,785498169.2799025
2020-05-16,5502.443843011155,5684.903742523198,5516.151742728425,5526.6213581870825,454255609.9713144
2020-05-17,5464.233611063058,5597.696156381807,5329.4650056216715,5466.47811873896,122712820.99284986
2020-05-18,5668.455800018489,5696.293605317124,5525.2641976737295,5655.2940376951865,66741772.651876494
2020-05-19,5393.919525893716,5399.166536238275,5269.112762087098,5388.168640572948,46128029.09461221
2020-05-20,5457.386671676106,5499.763191799366,5290.710904578579,5447.968677318924,37585016.21722979
2020-05-21,5719.657926295147,5789.687285832887,5592.607351962455,5743.715525958164,2508443.435734408
2020-05-22,5410.2026750290115,5467.631659539054,5383.6803678007245,5385.885900527409,7048485.692564925
2020-05-23,5454.836234466338,5563.27634985975,5324.750970646908,5436.434348145628,16603302.617877487
2020-05-24,5520.612270748462,5645.54231218659,5357.743923051681,5503.820646807687,110352334.26369976
2020-05-25,5705.316726288271,5831.0897666226165,5534.593953313985,5686.94880265468,343218087.317855
2020-05-26,5440.383370240779,5475.393953501113,5371.353598991722,5416.943685693151,307663543.39495444
2020-05-27,5143.9393988134225,5247.669851242047,5119.231236589563,5141.664008565392,614104140.0421523
2020-05-28,5243.530215440253,5308.651866707821,5142.056090122461,5259.293263082789,1001357436.0328194
2020-05-29,5338.51626876541,5342.032008056334,5175.66522527521,5332.28902925592,1329824621.1689608
2020-05-30,5409.488430705543,5509.959035529477,5270.606536117675,5396.381618426686,1263949494.8634553
2020-05-31,5494.999580964246,5483.573278275503,5326.792837783678,5481.957051642193,2262972658.654301
2020-06-01,5344.952507343061,5409.404087856894,5200.067799097466,5343.806313035548,1593252106.8131948
2020-06-02,5380.817587332282,5457.539014041244,5311.972407880515,5404.138676586212,3378972714.8026342
2020-06-03,5471.238306692419,5592.2550123456585,5351.736999996004,5478.299125459232,1711805350.238756
2020-06-04,5355.156792509484,5455.303635864949,5255.278762797264,5332.718493764374,2151019597.4659266
2020-06-05,5746.21846470273,5793.747534442852,5612.790884622218,5741.369940382936,1413091900.2237866
2020-06-06,5863.917576099531,6004.3953921221855,5851.214161052004,5861.670683819173,5547875519.76264
2020-06-07,5581.142370932801,5643.39862709618,5578.288184854269,5594.072873783451,3994838068.4412847
2020-06-08,5744.606322625788,5829.193766872265,5677.419177231907,5752.173368820743,3214538204.9753017
2020-06-09,5561.316062995521,5660.233943833028,5432.132771827142,5539.416197696012,3597443370.3804584
2020-06-10,5734.424432224404,5843.901456526879,5618.608532044812,5724.894598208527,9511128839.947325
2020-06-11,6018.905876442365,6179.433323749514,5895.762048710252,6001.6578902756555,9852173766.093443
2020-06-12,5813.987461837392,5855.933464636689,5769.1058105243865,5816.643025602396,7997295345.565638
2020-06-13,6060.304023331097,6172.6797171180615,5952.853565033492,6052.420913381634,9396735867.130898
2020-06-14,6148.9479232506665,6277.209480328775,6137.963241919756,6164.458711801817,8531386867.411152
2020-06-15,6392.597218667718,6554.625705320993,6368.7904634234355,6379.489865821551,8174050374.112628
2020-06-16,6871.293380960335,6908.5273671023715,6739.285269586784,6876.271709969286,16001374029.01601
2020-06-17,6818.6101894773865,6976.40500561773,6732.61478607467,6822.530038987897,5540037401.076314
2020-06-18,6640.380380414438,6743.516398078896,6450.473319162014,6630.479594153852,10559626185.634575
2020-06-19,6435.780357883161,6460.624581102808,6254.12664734154,6407.824262368663,10031490327.245771
2020-06-20,6184.455245626899,6299.946256276514,6102.238777939228,6211.537153393743,13446197396.993256
2020-06-21,6224.953101900803,6266.933967550326,6057.042739244059,6204.803422395896,13514041409.909245
2020-06-22,6288.8004907763525,6411.407247435366,6278.547221846377,6301.884266876665,15566754697.211767
2020-06-23,6380.654657416462,6554.502634883718,6223.024021619346,6384.234971213913,8350470824.501976
2020-06-24,6576.647612066718,6721.103861777228,6500.327000298567,6608.240730200266,17252118930.376583
2020-06-25,6611.713510473565,6750.446818626499,6546.527974874009,6624.893996919756,11727856210.521582
2020-06-26,7023.508952895853,7132.624180702933,6958.399962517386,7023.324152196708,10877799711.890759
2020-06-27,6932.11642297224,6973.707964640854,6834.148962358293,6963.019971344141,8276881395.108529
2020-06-28,7733.8809935655645,7788.60152273881,7704.195829278159,7734.569700582752,27898171664.33434
2020-06-29,7977.537549106881,8060.857637483143,7840.736425009704,7943.609548410606,19526165961.583477
2020-06-30,7656.8057946577355,7758.684429149284,7557.882308578925,7687.1397695218,26395371986.26565
2020-07-01,7392.72785982327,7413.435581189092,7166.9065554130075,7373.2300366317195,30703045077.394787
2020-07-02,7523.469685756361,7644.159419050877,7409.340688453458,7530.2717008616755,30401200571.92974
2020-07-03,7489.626750512099,7550.442194825405,7437.806580500962,7478.022824721999,24517435748.592983
2020-07-04,7688.073860343913,7766.224944217383,7617.434566946448,7706.5513500387815,22549581207.070747
2020-07-05,7841.055031694408,7977.362624437363,7828.230057645919,7867.845654920717,22957970982.437077
2020-07-06,7833.971197336931,7892.092151874938,7741.338997427789,7860.66108047056,33827859351.28974
2020-07-07,7577.441952730074,7821.9359809530615,7408.869486147208,7610.12806571921,29299676969.565334
2020-07-08,7141.700101665106,7350.713356141145,6952.226000783111,7164.221066656299,44704517929.01316
2020-07-09,7062.170674950205,7200.266561972804,6903.2107901248955,7050.592235742589,47243197272.382256
2020-07-10,7334.105316639673,7329.49880971632,7240.021742692472,7306.21816781233,18225142578.592365
2020-07-11,7406.592381712846,7555.257573923565,7336.941382365912,7383.399228267119,17249955060.795303
2020-07-12,7043.269970486017,7200.658927868623,6881.723451914289,7030.254557229072,40483810151.68571
2020-07-13,7065.38317851532,7256.388291618376,6985.695272309184,7093.015306071146,26071954701.9694
2020-07-14,7201.310481415072,7241.196945738189,7091.198543122296,7216.523819567764,13053825943.46332
2020-07-15,6962.554204214418,7110.575351265818,6852.459098307662,6975.821737548997,56820427198.81784
2020-07-16,7015.083041287638,7208.693610684253,6870.497665246694,7032.667738450568,24411591639.40475
2020-07-17,7064.167442867873,7185.444852462433,6880.110463226982,7063.107576979939,61867014155.07804
2020-07-18,6756.718322627976,6885.2981131654715,6591.542303758306,6754.316905299079,51972004909.60268
2020-07-19,6854.665859978805,6958.882852128151,6669.950068934361,6864.489907769787,55661561572.16427
2020-07-20,7021.917039316267,7143.7381270786855,6863.031753560545,7032.198876452855,25369425861.058887
2020-07-21,7375.064378280932,7358.493581999723,7132.414217126042,7350.912543621683,27794673936.05142
2020-07-22,7697.675225250347,7822.6008950312735,7589.64162158068,7675.470637620831,45192104523.38287
2020-07-23,7253.882034758953,7285.609534202325,7118.796694213307,7267.851147611901,25226601014.311935
2020-07-24,7038.7534651158,7101.22821787581,7004.1004740917215,7009.747938202873,33832753401.10535
2020-07-25,7200.636717194912,7231.112246299506,6994.7907360752115,7168.178130175986,35451992317.25419
2020-07-26,7317.131376500094,7449.767693674249,7185.981877216814,7329.83085511316,25863047013.193886
2020-07-27,7484.587437213545,7525.49967408095,7351.099984878991,7495.499013741015,29228277302.95105
2020-07-28,8666.104049394946,8845.421295385691,8407.844463384059,8665.615815304953,67775736108.66096
2020-07-29,8920.00695768789,9092.64267167912,8837.992746942045,8880.831760466373,27651517601.034275
2020-07-30,9336.989294035551,9347.569735047586,9031.852955325836,9301.984120123714,18731796021.06264
2020-07-31,9637.098713280013,9705.831061010895,9658.188664132624,9675.55245854731,59998391181.58937
2020-08-01,9936.336292583923,9990.42967542333,9914.800258863856,9947.006372386326,84787474285.85965
2020-08-02,9846.713482525465,10100.427477899919,9704.326689577616,9841.4609777129,40717005660.40619
2020-08-03,10160.236794998587,10320.909334507216,10020.807584955952,10159.918538339114,26144359901.067997
2020-08-04,9835.960752446888,10004.466945158436,9763.688205131268,9866.164726452744,58860095256.83597
2020-08-05,9827.574308229456,9823.786464783907,9612.36916889671,9792.43740053021,83882008488.23499
2020-08-06,9638.931665844417,9809.40560562656,9520.074761911985,9621.90658898664,75793896354.41533
2020-08-07,9705.346549357795,9924.537810252905,9395.47284507696,9672.66181501377,64581412599.61693
2020-08-08,10625.547915913106,10850.617634883703,10287.103594981623,10587.56351995009,42209649542.89845
2020-08-09,9842.330539900433,10002.344253897585,9658.080602858254,9817.947093583713,59663208262.34603
2020-08-10,10100.945598410319,10129.915099541744,9970.529404229414,10107.089637432066,25916973713.53374
2020-08-11,9485.783908830726,9507.259159692378,9443.420385367523,9475.309261914004,71076378844.97812
2020-08-12,9283.753571951553,9329.1718414038,9065.178753854734,9315.391865281556,75118532188.27116
2020-08-13,9756.695396667934,9815.01645895125,9687.961590748762,9739.78271031945,94189250279.19983
2020-08-14,9752.922372066712,9824.125808492405,9552.431073823818,9784.305212484289,39791216797.28432
2020-08-15,9400.27096398633,9455.268171347161,9211.531899022992,9382.0744689724,21036333173.22479
2020-08-16,9107.703140885285,9237.892405762881,8945.165568582463,9132.397311181976,62627741935.238106
2020-08-17,9362.970338541889,9664.806861838393,9229.779659210779,9398.916372006595,75615374231.06128
2020-08-18,9112.52454152168,9310.550402501449,8910.114156892365,9143.128009054068,82504636903.07443
2020-08-19,9194.559800577375,9472.0478358872,9102.959616263419,9240.578608800466,35289106030.97609
2020-08-20,9296.194250117214,9473.578746265104,9220.705842916686,9275.904172777222,40791428527.52862
2020-08-21,9073.727229262942,9083.24236029421,8901.02012341995,9052.68868578918,60891069484.48866
2020-08-22,9848.60290591435,10064.533569481366,9696.652532362548,9847.132399176759,46414235403.38611
2020-08-23,10082.259752359314,10200.009329689341,10070.619682122107,10116.518045699999,88831449880.47214
2020-08-24,9278.454114806646,9495.897352427866,9235.093472125622,9317.255420869908,57898483124.61593
2020-08-25,9360.151884472143,9501.585934765331,9261.605538902022,9405.379630712849,83921845728.30505
2020-08-26,9144.547944891332,9449.832036087035,8970.89218351214,9175.216272549713,66345032575.69068
2020-08-27,9543.573470748108,9581.58002212983,9473.599082990037,9506.41711328226,81587663880.77666
2020-08-28,9200.227819961918,9301.310197740617,9107.020853657883,9224.068639090114,46365812433.55097
2020-08-29,9186.775998886102,9457.05396431955,8985.215761298407,9200.18330390847,85819473428.22546
2020-08-30,9367.307713015018,9411.375683772425,9198.217488327802,9404.422691826774,41492991746.3298
2020-08-31,9721.841906180991,9952.66736794051,9691.331522996366,9748.908648955243,62729077212.46406
2020-09-01,9302.131216364754,9502.716797687463,9033.650033763764,9300.343265290916,36401068448.69648
2020-09-02,9204.412224908336,9425.20750700923,9192.323646428944,9194.504899182104,56634920832.677216
2020-09-03,9015.20281529696,9302.434289439345,8802.416285103829,9038.218429367947,44106999625.65889
2020-09-04,8781.089118721035,9078.244697419866,8766.136708683853,8820.097573814983,39866871341.35456
2020-09-05,9450.287974395846,9479.12362815645,9288.823312279459,9460.596915417998,93272031351.86478
2020-09-06,9607.169272725947,9870.270603931735,9486.031873244641,9632.77285826955,31201256528.386642
2020-09-07,9140.49978940723,9343.932355488872,9133.386612692253,9166.206054676242,78309557648.30946
2020-09-08,9564.854799899358,9705.972647685177,9353.379509949733,9521.070936243612,92386162399.08992
2020-09-09,10360.35621338251,10388.167253178979,10204.736171741546,10348.32106569795,20022359881.430202
2020-09-10,10802.529806019058,11006.979194963295,10488.465068372998,10796.388988043855,69727616292.07472
2020-09-11,10153.27460559167,10461.348128304444,9857.694036425259,10161.833399252324,36573896895.64099
2020-09-12,9978.233685105237,10258.473074486694,9759.101179112984,9985.328827062498,20897544337.139675
2020-09-13,10515.62011752683,10649.795754494178,10410.595657354173,10511.320461488625,46432989825.30968
2020-09-14,10254.905681854189,10247.067268339035,9964.991099927352,10234.801481054425,83278568495.40616
2020-09-15,10458.065155459579,10550.404592159768,10159.478111722217,10436.967233637004,18160184799.794567
2020-09-16,10745.838928166602,11048.519606550975,10590.717225182823,10781.234377452332,57357274843.76522
2020-09-17,10403.07038924448,10621.990748645349,10293.15150122711,10403.058659579809,50720801619.40861
2020-09-18,10389.93938477551,10542.397694687064,10309.269225357883,10399.094946065237,74726131956.4255
2020-09-19,9105.256147933527,9086.639107465755,8848.059191124044,9071.643263359023,21879125406.62381
2020-09-20,8729.528575421327,8829.72234133068,8477.344893154617,8718.071380062602,60050776940.024506
2020-09-21,8650.242002727891,8769.107063360165,8631.968859423276,8647.431235935686,58965874092.890915
2020-09-22,8201.45630212873,8462.468638731152,8050.510626647421,8233.121327871635,57260921784.298615
2020-09-23,8796.463776150898,8956.181375808143,8748.521056516864,8787.181183417712,72951080041.08844
2020-09-24,8270.299055040728,8379.700104419444,8268.079946303144,8302.079089542836,64429070473.76731
2020-09-25,8159.247505389768,8301.347605593763,8116.779754835631,8172.551882462895,17190186684.58935
2020-09-26,8202.23640160898,8247.948650462245,8026.380567320494,8231.63635226837,41599412042.38005
2020-09-27,8739.41506231409,8977.162623297181,8676.030164428052,8722.661128966109,36599459529.23175
2020-09-28,8214.922637108593,8328.12224733987,8182.089688480944,8239.124892318177,30954276919.369926
2020-09-29,8629.598993909107,8762.789238473215,8534.424607809404,8638.9411990717,37886377432.5733
2020-09-30,8694.019661073293,8752.055361204177,8487.565150412334,8659.755193967232,33462580429.893566
2020-10-01,8312.438310401893,8507.794564645117,8152.633760809494,8337.089718801717,35135726055.399284
2020-10-02,8508.531867736565,8676.89333335188,8283.742307678744,8507.867823211434,61721477633.90918
2020-10-03,8585.689817375287,8777.021425300576,8466.252269431412,8592.62650201257,16564433976.121046
2020-10-04,8363.0196626642,8471.11454013825,8298.95619381673,8403.514177191399,55811193086.74814
2020-10-05,8468.504382247213,8523.747617000232,8281.496412583574,8443.784517978227,33808596965.76734
2020-10-06,8294.631119468613,8361.834168902755,8199.415747176517,8330.53188766427,39299333318.27808
2020-10-07,8382.860624544628,8549.913259879428,8224.911038363787,8385.01934601634,47152891560.90199
2020-10-08,8629.10134170531,8634.164681141216,8530.99102843472,8623.868525326365,25836714528.24199
2020-10-09,9200.020388167459,9352.969391164039,9161.002717943973,9188.220282432787,27891186013.945274
2020-10-10,8768.172270246845,8980.002445555025,8532.15119920372,8751.66386410843,26155044911.96798
2020-10-11,9492.392554772408,9770.182145865685,9339.277820114467,9515.870836073309,23942780032.52022
2020-10-12,8748.787934559427,8910.306411241863,8565.268817844444,8791.869963308229,43487479039.57681
2020-10-13,8775.639604529708,8876.7256327823,8657.554099509369,8756.074710517994,38481446218.11567
2020-10-14,8982.842671033433,9000.375505044192,8906.60147312843,8979.640836477518,12329307658.86374
2020-10-15,9129.110124709567,9281.617598369638,9079.943542156901,9098.528360159737,11827714446.359251
2020-10-16,8918.671192315971,9109.131784815208,8697.772438550088,8890.099447242235,21500752242.16038
2020-10-17,8864.199535235319,8898.70807844656,8820.675713161498,8833.870546022317,10605644551.286043
2020-10-18,8676.040643538763,8787.007083988547,8433.482548840122,8677.334029680598,25316312451.632614
2020-10-19,8475.998947620823,8703.779605442583,8389.01025626733,8490.124103286902,10965373420.182367
2020-10-20,8821.277831945952,9027.078344697697,8546.839991648225,8795.633441178326,20536877324.07537
2020-10-21,8934.478064641624,9004.044150191134,8910.345761896928,8938.83180195559,6518168191.982724
2020-10-22,8681.388488345048,8852.804258123113,8586.111186152006,8708.957372519657,13659867058.213003
2020-10-23,9071.84715959389,9091.961113029112,8950.088035591234,9039.758365963584,21227196622.25077
2020-10-24,9204.031160011271,9196.978071624202,9122.62568939317,9168.954419283547,15927591105.792404
2020-10-25,9482.220496959635,9744.686870534664,9243.626436301576,9485.41615679398,25208219429.29229
2020-10-26,9701.937894813796,9983.111650217295,9462.260543373202,9743.278652706196,21773664219.857883
2020-10-27,9429.09117609314,9654.914622924309,9405.380337425866,9439.68003428693,11108936688.713688
2020-10-28,9275.110458599054,9260.570529370852,9056.996962396765,9247.042203126166,5062478998.335177
2020-10-29,9580.283570606256,9783.470957932406,9292.609407690805,9541.946507720462,17586585871.430927
2020-10-30,9764.953352223882,9922.701265178695,9637.818574583851,9793.995217642674,17415233057.98405
2020-10-31,9762.934856680122,9906.114384507471,9687.231778084382,9805.39480362492,14957198249.992575
2020-11-01,9908.27159676386,10032.85167170605,9584.063894832034,9871.023245816923,4903046950.649115
2020-11-02,10383.743066100242,10423.72885340724,10169.110684844287,10395.23968777623,14981236782.88938
2020-11-03,10174.296222552262,10400.903088996263,9874.954928585199,10170.049111976617,5629206465.685844
2020-11-04,10461.688956255735,10594.895510895281,10231.868950051137,10412.949499621895,9901723961.26119
2020-11-05,10304.699886315744,10407.492277286203,10316.988471812938,10349.558523461586,10761117382.458523
2020-11-06,10295.388767404453,10338.193075683032,10274.791396499786,10280.141466418205,4106653916.1399727
2020-11-07,10706.73058754176,10811.959155503664,10635.44535075386,10752.525008489198,8864356780.952328
2020-11-08,11115.183340080808,11148.073915637162,10849.137364923572,11129.042455902561,3853116758.860588
2020-11-09,11548.42338904338,11716.471405552902,11480.923938995376,11513.443871907843,7551633498.259193
2020-11-10,12129.61810236361,12443.689685289024,11961.54397567547,12137.693038537123,2903680487.345692
2020-11-11,12232.683813109612,12178.555686844433,11863.144837608927,12172.165951908937,5791137292.814313
2020-11-12,12535.943341876671,12546.962778962361,12499.124547186499,12528.544073332741,1274215109.031508
2020-11-13,12375.941012746003,12611.151659645886,12307.90574477507,12398.113532100562,3475611782.6801286
2020-11-14,12548.4515366441,12893.03975143163,12482.38782493963,12583.67180882231,2415928102.499697
2020-11-15,12524.582347329891,12666.283885037104,12433.89676307316,12543.332053065527,1889422037.847924
2020-11-16,12601.002236071745,12749.418256772526,12314.403411883077,12617.084821040105,1015252174.2857349
2020-11-17,12886.864828027286,13174.234601043398,12636.334105234771,12942.684857553206,1657575835.0373816
2020-11-18,12528.60945009937,12648.171114353732,12427.660667450424,12544.971329387405,602825558.4032289
2020-11-19,13615.148087046828,13630.891000776499,13301.197082830031,13620.018807384144,837689885.8298509
2020-11-20,13128.356637425632,13388.106535729921,12878.591607307982,13099.179818735662,383750152.844171
2020-11-21,12508.757411905533,12723.598870530639,12407.504605474056,12489.183179462425,633299407.8457495
2020-11-22,13120.048993606957,13320.826098548627,13007.856450431893,13092.715899472132,92473104.69600399
2020-11-23,13466.966310324828,13834.629428413728,13311.523435329553,13533.501920881776,82097838.05544908
2020-11-24,13859.190195620184,14179.969450219281,13811.78298659031,13898.429994440969,38131287.16897865
2020-11-25,14298.62881472935,14363.7198403757,14206.43463094077,14275.547497343086,11097799.96730382
2020-11-26,14294.816359929919,14448.289177406768,14149.034192549021,14297.105416839162,189103.76590613686
2020-11-27,13744.24507196676,13864.831184255348,13492.851263603914,13812.574014278733,21136991.63197798
2020-11-28,13924.35159927077,13936.16197407295,13579.734578218426,13882.081405134111,113413872.51989238
2020-11-29,13570.750588964356,13808.374536008037,13255.644328421971,13533.829007798337,209630225.21179408
2020-11-30,14095.602484928871,14451.679676637214,13715.486214891995,14088.780815182163,314515111.2456469
2020-12-01,13973.241107136071,14439.416106983244,13728.067839754527,14034.084008202997,197986430.84419522
2020-12-02,13634.99100664311,13855.090324706536,13276.261822847186,13598.748295886515,786242374.3960177
2020-12-03,13462.388407645527,13525.419099704864,13231.334704922658,13451.12798581826,468579065.62746125
2020-12-04,13738.835093118445,13743.628940307295,13662.573261755273,13700.205995423155,1513969023.646632
2020-12-05,13452.461832590621,13745.902336985064,13058.179926587767,13418.680707490312,919719393.9130719
2020-12-06,13043.596526433123,13229.981387649907,12895.062848755178,13004.193550533599,1507540077.9590998
2020-12-07,13159.32947831909,13401.002705943787,13033.528012587787,13156.960164195893,1634917795.031576
2020-12-08,13264.314000799104,13624.28396554374,12951.069816274883,13312.19470122977,3577986130.4137263
2020-12-09,13091.246401965436,13344.609370049373,13038.521286594536,13068.878040512223,1420266934.8426318
2020-12-10,12864.257519173701,13170.431177838313,12682.439962170234,12848.778109851834,3553828933.063427
2020-12-11,13025.215736714694,13015.650855064141,12745.710476205715,12993.737992292068,1953216833.7715232
2020-12-12,12226.588351942146,12542.181287931593,12177.487475509086,12267.084327310371,5390445710.339063
2020-12-13,11565.61349834697,11897.121694067622,11342.540336976597,11600.999423648522,7331928174.132127
2020-12-14,11334.894997331065,11387.735513928577,11186.9988745896,11290.814582628893,4851715997.233485
2020-12-15,11245.03652422871,11432.513368638954,10893.84984188756,11216.996523267402,5803411879.010834
2020-12-16,11425.38050737135,11486.173309270967,11324.107545975428,11378.928479608752,10213302603.82771
2020-12-17,12104.440483293907,12420.178690873314,11873.334852721511,12073.205251552572,7340344286.224307
2020-12-18,12523.69531339985,12524.085099323145,12375.17375809493,12511.539688731165,7671680172.14074
2020-12-19,12475.719252210174,12673.18570653508,12165.499684842882,12456.519677492839,9371722166.31148
2020-12-20,12520.489556149294,12534.256441932344,12351.131996386686,12471.957686130578,11514014153.065657
2020-12-21,12006.21570725262,12253.09152592628,11914.790076574869,11996.761448908195,4723282096.318613
2020-12-22,12027.773739938391,12075.254206938205,11822.040206426338,12011.871064759138,15252989844.212633
2020-12-23,11856.331935175927,11981.213656342361,11760.762197353159,11897.201592791154,10470757174.373335
2020-12-24,12071.425005228773,12253.653413639642,11877.634922359639,12074.57390677984,5265933695.864502
2020-12-25,11724.501305571755,12020.26929693224,11662.013269278636,11699.18460795749,18054525323.47484
2020-12-26,11938.21208022181,12041.619020082238,11785.371006591848,11965.620206997672,11621823837.53116
2020-12-27,12685.275643800169,12778.21397451544,12662.777530614512,12723.15831579068,6893107774.065237
2020-12-28,12669.622293324315,12982.270293964759,12617.609067118468,12693.25372893164,18412097240.119118
2020-12-29,12889.196545531548,13116.680588885525,12694.067052535993,12922.601388969022,24878826230.845882
2020-12-30,13267.253419441226,13669.12890307237,12997.868776033747,13305.184819981945,26412735653.887856
2020-12-31,13188.337805023966,13256.307877869738,12963.095778312334,13198.256183301828,29508259814.3797
2021-01-01,13394.182860334786,13598.274150537665,13270.231458162445,13339.778107545611,28692425406.49131
2021-01-02,13399.122478882353,13491.781292846286,13087.72714404206,13398.176614943906,6788491576.492293
2021-01-03,13448.927015655896,13554.475558277012,13298.554467519465,13491.02976998616,17766817026.691036
2021-01-04,13176.15727775265,13503.429815347483,13155.160340565508,13232.132948871566,31490728097.85372
2021-01-05,13320.86968699775,13531.5785278905,13036.929679189003,13294.791137198883,18957575143.013256
2021-01-06,13530.717024501224,13853.35402883274,13401.18857842104,13546.593799811386,27304760780.589287
2021-01-07,14236.191255532134,14322.264827805871,13869.375317991491,14190.5217650104,28580291415.286373
2021-01-08,14679.037814799674,14852.62007287791,14264.037517800018,14655.66045815349,21337806175.732986
2021-01-09,15707.36672193399,15851.474852363524,15564.368140578308,15660.97243003836,41582357316.29667
2021-01-10,15328.057904512587,15816.653818584327,14947.815155570053,15363.094048959107,28130912495.256195
2021-01-11,15857.03660790446,15965.35190118937,15480.64624685131,15826.592744638574,27646958989.794476
2021-01-12,15939.253795810211,16118.25789715638,15907.50220994703,15976.94949335131,49915322999.18135
2021-01-13,17165.487189253945,17272.230053489544,16755.374429108797,17090.448417257056,30739964476.910503
2021-01-14,16767.219840854377,17027.998223073344,16730.844635175807,16744.384806377497,18282541196.967632
2021-01-15,16360.781860948278,16513.607214298416,16379.579225829582,16389.543575929154,33578961080.277603
2021-01-16,16123.140815068833,16604.131827160323,15805.640278199142,16160.388593784981,48231114291.92932
2021-01-17,15148.37598249606,15316.456221677887,14758.16086030481,15195.340741034373,47900490733.13202
2021-01-18,15045.679467783957,15420.010502258443,14883.584218070348,15016.451302976036,49808697832.81373
2021-01-19,14693.08680872614,14780.272450266039,14491.84902815775,14734.532748846352,47192628106.97532
2021-01-20,14874.11236299743,15152.645019684642,14459.067302404052,14859.950345003439,25489279552.185696
2021-01-21,15036.270844018503,15481.840069935766,14939.500211382274,15071.744451288158,57641676822.86813
2021-01-22,16006.229650684902,16061.246686838273,15515.881634043768,15980.34645216193,60715678915.440704
2021-01-23,16551.87567890017,16979.23016132453,16435.65861302998,16499.910904288776,24140268077.6469
2021-01-24,16325.608248502622,16501.537697927623,15859.653766290949,16280.344780342286,21148631074.29446
2021-01-25,15948.163904684458,16357.966518005642,15490.22425269459,15906.671141305578,69622551062.4483
2021-01-26,16154.43700610703,16534.07863187838,15804.293776463835,16205.041720548526,64870674395.236694
2021-01-27,15563.701542128854,15769.425110610233,15609.40010652438,15628.028861412029,67665190135.55804
2021-01-28,16582.128137261447,16642.69139560348,16396.86960772701,16549.203690395414,68576290420.22495
2021-01-29,17178.318800290384,17357.70042016103,17098.466314993973,17200.96434911023,48675201001.68792
2021-01-30,17016.14014200409,17075.176061107497,16719.953996844226,17027.65999654696,56110689491.25194
2021-01-31,16144.599800968737,16290.659427709259,15897.687289829102,16220.650467842028,50651045258.55873
2021-02-01,16903.61556947464,16997.555892355966,16555.218571946938,16944.353786495532,19501333266.15449
2021-02-02,16874.84702258882,17169.023458193617,16689.755739544795,16953.907091823192,65481966702.869514
2021-02-03,17718.228611119255,18072.58711848285,17413.973273336884,17651.297402688724,50443180931.04247
2021-02-04,16834.282629999947,16949.177502967093,16691.1484800058,16877.591088525918,60827026593.78636
2021-02-05,16651.163091096867,16706.683555222433,16270.738681649917,16641.621256497332,51708230815.09251
2021-02-06,16633.765381726727,17033.3721352414,16685.06470121333,16710.805651464107,51641221610.54988
2021-02-07,16829.233747436338,16900.58871089363,16382.72974122361,16801.201381223756,29733886530.39924
2021-02-08,16612.105963042584,16690.288458412433,16624.409428652947,16641.556968116907,37718667049.60248
2021-02-09,17086.801155626603,17104.267248821958,16516.091731360077,17019.078974941833,29499284739.288593
2021-02-10,16606.260533894838,17000.47034298741,16284.560334866266,16542.057798753893,32500926562.606956
2021-02-11,16508.675856097594,16945.122654220162,16206.834287791435,16537.568539831536,90090917628.87903
2021-02-12,16730.21445245121,16840.398322246907,16388.0164124047,16663.400731625195,29978125017.395844
2021-02-13,17071.506760021442,17321.440563389417,16768.426847226518,16987.223347866628,38960614594.64196
2021-02-14,17474.50339202167,17698.568246082137,17122.89882191903,17417.82306741092,63593687837.16437
2021-02-15,16958.112521560775,17243.12839580349,16603.16019059358,16899.829850586717,65578457464.414734
2021-02-16,16149.006531427722,16521.207145049266,16059.82775678754,16189.641116284887,31018125070.704563
2021-02-17,16887.89705120836,17193.24927613975,16715.928858951735,16874.953557023993,80664591416.26788
2021-02-18,17036.641391268262,17247.282192643157,17025.101590213522,17110.686876807205,80484773254.33102
2021-02-19,16726.882869067453,16814.569348435885,16417.009782974426,16794.916061558684,38092583310.82056
2021-02-20,17731.662557803334,17884.775428037898,17436.959593523512,17643.639742633568,42309810561.13644
2021-02-21,17744.62630926844,18250.565585806624,17554.241568478952,17775.441948848824,93708839290.09332
2021-02-22,18521.272594787693,18791.070599667783,18126.08882411213,18475.419575717242,85162963238.39746
2021-02-23,18643.743271240135,19050.88740376442,18300.16871180738,18586.744222215122,75274040592.03592
2021-02-24,19881.094051868466,20399.49641234004,19402.34628457796,19810.169036691244,26453835781.80818
2021-02-25,21036.784305960067,21035.36514042196,20393.71438305015,20932.617677012247,53317159200.253075
2021-02-26,20806.08016412308,21292.91853740574,20368.000710766686,20860.004007658434,64663733802.93257
2021-02-27,21452.39216498327,21987.41343434943,20973.12881686281,21551.45324160804,34980819792.41138
2021-02-28,22035.336100501583,22703.307993076956,21845.226461577942,22054.922742596747,55857921338.48684
2021-03-01,22963.432755816553,23730.198632994245,22814.100613162456,23048.694331500814,68067259443.45445
2021-03-02,22366.353843371362,22936.648241461455,22440.380630510597,22473.682331940672,46144559821.09826
2021-03-03,22993.98185206595,23194.405242560653,22839.386418827613,23026.120138529506,82285049385.48293
2021-03-04,23917.036677373377,24420.718436067877,23171.123702936035,23849.366900836427,86870736682.0543
2021-03-05,22701.433698950532,22759.262905266532,22607.63779270809,22686.419669598967,45585248492.561905
2021-03-06,21930.712236068066,22486.450574469407,21881.329957472895,21971.848372398523,86257397896.66818
2021-03-07,20747.53757781157,21281.221562325045,20369.606741348816,20715.564759712288,27915298775.099136
2021-03-08,20575.7122488949,20867.946645147436,20374.677800100646,20630.999576981776,85524126459.46242
2021-03-09,21054.886608026103,21557.914479384544,21142.448219416212,21157.631994563493,31518642640.65178
2021-03-10,22254.527538068916,22482.273584802064,21884.424957167237,22195.8520515223,25917770706.08754
2021-03-11,22361.610110860398,22627.28435557198,22270.537170354124,22333.97336324801,69019672827.65749
2021-03-12,23576.19212770223,23733.459551786782,22867.656033179643,23514.512943113827,55518343537.75453
2021-03-13,22530.637213419013,23152.522673282296,22085.682392568317,22634.998586826154,88424593769.12268
2021-03-14,21641.569657742875,22174.62455572843,21206.988511580654,21568.856807944605,46474619024.19495
2021-03-15,21645.029819629453,22229.337349431586,21349.872590231644,21619.189224271024,40381260181.64603
2021-03-16,21968.679787666282,22069.879932290176,21833.72127919818,21954.76148962181,55946563004.79974
2021-03-17,22048.48769101266,22598.929487914553,22013.2919584864,22021.046373689227,52119917413.59791
2021-03-18,20818.908938949382,21202.216553588758,20362.99605995599,20743.313408387115,43452551382.4843
2021-03-19,20788.884746354004,20928.376574356305,20177.248354970594,20770.827314703216,68263531442.95848
2021-03-20,20057.286618870115,20081.51695759783,19921.521267332566,20041.063301993523,72214041465.5905
2021-03-21,20624.562337363426,20688.866173330658,20280.267058276997,20523.856053482803,77972417996.52632
2021-03-22,20885.152952397002,21401.756443811748,20330.801003693985,20831.67176666726,85380235881.63991
2021-03-23,20315.89014127022,20713.75091063841,20019.55237577875,20327.620437467023,35605492701.39872
2021-03-24,20137.237758618892,20530.26008939834,19940.207570707476,20095.560169687145,65673166319.550606
2021-03-25,19515.73627735118,19688.1002171149,19402.811189305405,19537.377738515926,43171611484.684135
2021-03-26,19525.70679047017,20001.332175657288,19284.883717138997,19578.78969347794,61198084205.591805
2021-03-27,20237.702400302893,20235.17769117045,19796.703074673977,20218.12077086488,47177436972.466255
2021-03-28,19785.46402143874,19922.93479074396,19685.588400050132,19701.10740639436,79513665084.88187
2021-03-29,20163.981932908515,20455.335301071867,19875.051724417084,20077.820072221017,61521918858.31613
2021-03-30,19807.37484190381,19925.68998918152,19486.544201615725,19838.73884090171,74242976776.78412
2021-03-31,19451.588101731482,19926.334793241695,19026.43807615519,19446.205884666353,65759903072.71527
2021-04-01,19405.430550006975,19598.77288170381,19304.55608805251,19461.550675737435,68546822054.858185
2021-04-02,19028.821873820252,19305.502033123536,18504.497142520733,18934.974250857398,62034747604.3574
2021-04-03,18786.164921707164,18923.483663396837,18231.637466454205,18696.21408763821,40481986119.49286
2021-04-04,18126.18530688663,18422.76153317415,17843.837634609637,18099.12549806806,28034731676.722027
2021-04-05,19296.88034192199,19300.331233784633,18828.5327911128,19238.3162025562,33892511719.25354
2021-04-06,19377.21276195893,19345.432393354236,19120.36131508166,19335.621808264146,14427471309.525747
2021-04-07,19024.78211472464,19525.72025298876,18504.11327667675,19007.075461733002,40344188180.75833
2021-04-08,19119.337689863904,19360.466014779424,19006.31083155148,19205.117732898536,38392899901.994316
2021-04-09,19208.52696544888,19689.777400031704,18804.028552345513,19217.220001259553,38420230449.106476
2021-04-10,19200.196998633848,19741.32354839601,18591.83503937446,19166.69623902999,59070154792.211296
2021-04-11,19631.299420822546,19720.808860562407,19083.239248244194,19596.5094213819,54529973355.35595
2021-04-12,20094.702646529367,20280.289562742117,20080.16045104506,20120.23066836877,18787720706.547646
2021-04-13,19968.307991293415,20275.836896330446,19801.38575457539,19880.497427249502,27422774943.91302
2021-04-14,19551.33960885904,20184.757208171683,19165.573438499054,19616.592825407504,28968272341.24455
2021-04-15,19533.262093559304,20069.85520399186,19403.31875879005,19533.191882240302,25429547461.821934
2021-04-16,18297.268627291407,18537.92016241743,18047.95585023688,18262.408615512155,42273813186.43618
2021-04-17,17539.836368374952,17922.887068024258,17490.047424426157,17505.32710072095,30176095602.955563
2021-04-18,18320.366629573244,18367.67252666393,17949.4135893072,18293.175843839075,30954699077.118553
2021-04-19,19225.7991196885,19834.12965221886,19084.960046106502,19269.099056429935,40065562280.91681
2021-04-20,19136.198497267575,19757.745977353137,18662.74881274944,19202.21444921067,36955715513.53704
2021-04-21,19637.817893262192,19707.4858563403,19255.949752561173,19611.158420410982,12872302624.227924
2021-04-22,19892.456370581473,20051.232915379118,19851.151089585484,19872.722336766547,31197728559.981598
2021-04-23,21717.924303758162,21853.2501967052,21486.44795358535,21787.785528546516,21290548625.289337
2021-04-24,22653.10366177142,22791.007791158758,22123.76697231755,22606.72841226504,16212513492.17181
2021-04-25,22600.265585822428,23163.874015593137,22013.67057958397,22610.4013784214,8545696292.100187
2021-04-26,22089.684117595745,22302.9746830934,21856.54848310019,22052.68839707641,20063230656.884922
2021-04-27,21149.21593532614,21134.002564422444,20853.532494950086,21078.10534684661,15715672225.748352
2021-04-28,21220.758233483786,21509.66710271159,20891.19104249007,21291.076606765844,12395969674.839125
2021-04-29,20792.669550259467,21508.26050583671,20862.38559427072,20893.135263409935,22193819197.08186
2021-04-30,20141.30607607886,20464.668158646804,19496.06867145312,20085.247630458252,22722864841.57919
2021-05-01,19797.685079528856,20022.89118423907,19362.90479412154,19775.99132624556,10441602864.01609
2021-05-02,19251.792391889885,19309.4280793888,19167.938985100227,19213.434773398643,5970584259.718475
2021-05-03,20331.28162332222,20862.242059781714,19849.970375644843,20262.762085260798,20652718336.28471
2021-05-04,20942.97298937445,21393.92041784215,20411.363687079604,20879.74683280106,4595544687.2847395
2021-05-05,21054.872715421894,21135.250152626166,20665.413760483454,20958.27181816387,19687199801.214348
2021-05-06,21980.51292885656,22018.804830144785,21856.47095136849,21972.617051593195,13617429681.764315
2021-05-07,22108.963256680727,22149.06933800327,21516.58374420244,22111.507045675695,8277899040.046753
2021-05-08,21607.403874329742,21706.732736450023,21591.652813320045,21628.624323278425,6684332500.713615
2021-05-09,22624.807158782638,23098.994361514142,22563.854712384815,22703.43117452171,3232587089.102354
2021-05-10,23178.11488945992,23806.639106017694,22592.398904497433,23161.298111801385,5596799129.734666
2021-05-11,22482.97801436311,22869.02121460004,22338.542606322517,22533.224282378353,4113039776.0577335
2021-05-12,22589.46066982029,23063.542746329964,22079.633990789123,22494.688855821783,8380394479.6527
2021-05-13,22012.061596087162,22287.966569677592,21599.391098038952,21993.764806254025,3693058556.300932
2021-05-14,21189.004367175385,21619.358311268,21031.722462745318,21169.35070376961,6265060400.810334
2021-05-15,21810.537743505385,22321.7973054455,21817.839547713498,21842.225426114328,6101017765.750343
2021-05-16,23076.919263613694,23301.749976562136,22573.427866730584,23180.77158862446,3570123862.5526714
2021-05-17,22196.47306339483,22542.5616896449,21913.284423694386,22300.89841058021,1654445909.1241765
2021-05-18,22749.28950573451,23202.022440643545,22412.225517277253,22766.743596894077,1473947034.6128168
2021-05-19,22320.307087506655,22460.956778516836,21994.050635432664,22413.42019494902,1242822012.8159816
2021-05-20,22199.223376454345,22416.049851267362,21751.880947154223,22175.529498310498,3860470654.8691287
2021-05-21,21953.451447838186,22221.016198064764,21248.32186361793,21870.13214805637,1902047428.1561418
2021-05-22,21472.65323903488,22030.044427457913,21188.948012897225,21390.74490742064,2966302346.266884
2021-05-23,21541.651904612532,21813.625439260006,21143.677672484122,21507.445300026142,1610765404.240398
2021-05-24,20996.519799428264,21572.845867084052,20548.661958259676,21057.326655953424,1358388641.8704052
2021-05-25,21389.77226335344,21588.66073385733,21194.785817726428,21312.40889438059,1177967274.3328261
2021-05-26,21448.02861442485,21875.997155707653,21238.985802815438,21365.537676038293,1154334017.3041162
2021-05-27,21233.235980942023,21678.2737368472,20969.679719741427,21297.842221804243,469216007.9567251
2021-05-28,20852.551286790214,21356.478742689887,20365.325883631358,20803.159160279316,236849701.06169385
2021-05-29,20482.591946704102,20779.467105210577,20303.552090689467,20526.41182325346,340342413.0298367
2021-05-30,21137.45906807109,21455.729180420796,20623.64395480674,21073.68161221562,144840698.32834917
2021-05-31,21581.44157389546,21880.54455405454,20982.467287766656,21474.66141844696,85867093.56557134
2021-06-01,20832.410804115276,21192.864543381464,20761.563872211216,20930.78002712447,37011436.733416915
2021-06-02,21160.62853796695,21168.12563875158,20470.067842072483,21076.876226268752,2176376.2152447877
2021-06-03,21662.823231625098,21697.018888395185,21048.71496228105,21636.290533093408,7852314.358183689
2021-06-04,20736.946156594113,20649.566210633984,20024.269341197174,20639.243564831108,47295465.181813814
2021-06-05,21050.868461038677,21610.08958243163,20523.11114983262,21058.23683970932,152877577.0872023
2021-06-06,20795.851330943315,20870.8793287037,20145.035547846383,20723.859145523158,280686680.1924313
2021-06-07,21068.90077513154,21295.778807749084,21158.839928773585,21161.50477520168,373988086.28103006
2021-06-08,20727.400721932765,21220.03759012975,20318.63615014427,20761.59942572576,654046110.397193
2021-06-09,19635.092236667228,19909.804775642497,19217.173388151925,19720.47864788889,1095425424.079668
2021-06-10,18926.021014572725,19122.44615431195,18407.57425119037,18836.483085636206,879564214.8708016
2021-06-11,18999.033249744527,19031.335476071148,18902.710019511895,18939.001556512576,1091166394.698139
2021-06-12,19229.88038816547,19714.052865966456,18886.478748870413,19162.32410866956,2075369758.7619026
2021-06-13,18801.092346833186,19197.3345125831,18362.40797539631,18719.10915709097,2071574844.2038877
2021-06-14,19073.138573770695,19648.916619160722,19079.855561310334,19152.6020520018,953996961.1077197
2021-06-15,18253.632970461837,18497.54757146315,17942.85125792396,18274.539483588163,3993625379.0306625
2021-06-16,18232.86074330732,18730.207574379696,17946.102377097894,18311.410304839083,1140560364.6126707
2021-06-17,17668.14780207295,17795.875456892463,17297.9993227017,17719.39351046872,4659878748.867101
2021-06-18,17396.55806663345,17448.277305712007,17118.159855079586,17443.766869556235,5358626539.953769
2021-06-19,17532.9281939041,17548.85504443791,17178.81948676086,17538.34627820557,7212651983.986528
2021-06-20,17116.087841937828,17457.701373578748,16989.70964432762,17155.792837036006,2042526760.6488109
2021-06-21,16958.55590675839,17259.108727960076,16663.61784756732,17026.495350849935,6329167275.130361
2021-06-22,17550.060328293574,17882.256443167946,17385.26277750011,17608.610527383837,5604182021.474965
2021-06-23,17313.01365075946,17378.18704664222,16887.413032265664,17374.29704208795,5281981958.528273
2021-06-24,17963.964323667722,18106.102374993905,17445.603638480316,17879.38111997879,3389746466.9908624
2021-06-25,17389.919004567273,17718.59044211055,17036.58917552429,17344.94486221042,8823356701.043661
2021-06-26,17772.754406947337,17924.94501477455,17656.546324380746,17690.00736927054,8593042897.331518
2021-06-27,18514.644622547632,18932.75676138292,18179.700876634073,18525.808184430047,4519665006.9464
2021-06-28,17188.056293568396,17346.656243507292,17052.632915356684,17226.235059883977,11849222581.502625
2021-06-29,16933.676630120615,17295.170824852226,16506.016941658625,16883.314850458293,14580725799.611277
2021-06-30,17213.17555113788,17547.526798682244,16791.554489953505,17243.134822298507,16079799802.188026
2021-07-01,17172.55294286713,17315.871674935777,16721.07830367313,17207.073192590153,19504701983.55623
2021-07-02,17420.767018502196,17591.538898685365,17103.510997058904,17467.49151160735,11858908879.757244
2021-07-03,17157.08583559806,17545.315003030766,16785.684291199836,17220.858293990925,22987901104.991257
2021-07-04,17292.260388134207,17766.073285759416,16904.933353035845,17334.47624096022,22594205388.471493
2021-07-05,17297.79389321257,17538.852460362017,17198.52667963969,17322.85664577919,11709561284.104763
2021-07-06,18030.344975529246,18138.502407231226,17467.608974832106,17999.027709791666,9256907984.808628
2021-07-07,18128.753695629573,18682.01057424965,17966.856503205265,18208.403654886646,16331227165.45006
2021-07-08,18412.196650644735,18836.40772582005,18121.893903200733,18465.653435887078,16333920145.2886
2021-07-09,18367.93512662391,18557.50021874871,18040.27667921374,18311.348730191366,21717057878.362984
2021-07-10,18052.766086849184,18381.90701351428,17879.129669933503,18116.732296752034,22968835547.017902
2021-07-11,17925.851346726577,18064.120249101605,17584.266985105507,17954.102999194154,28834375684.670914
2021-07-12,18304.888324454023,18581.336387859552,17852.698259601264,18238.380442966318,22888685807.216778
2021-07-13,18018.598785195438,18275.584321870832,17936.38094251366,18080.991711084644,11147935415.36733
2021-07-14,18234.095217371538,18857.42095740511,18239.788707249994,18310.49818149773,36268993665.045296
2021-07-15,19520.770081515344,19805.038897554925,19050.872879046117,19523.78885070801,19054408224.212128
2021-07-16,20072.376036843452,20405.279245251022,19567.649827990957,20112.11364928392,43186977798.57569
2021-07-17,20008.530476300926,20335.29208218287,19934.541637802715,19995.85143394204,13496134500.61127
2021-07-18,20859.59421536308,21368.37080642318,20390.818407056377,20796.413693517,45935987042.9571
2021-07-19,20550.166080395367,21120.51052069872,20347.38179869534,20625.004220026294,13419198216.485271
2021-07-20,19462.10750115471,19709.600291612343,19072.77673979052,19446.41442273693,19570664922.804832
2021-07-21,18937.1332989821,19344.370777995235,18439.47358197711,18936.090155148242,12461371996.645338
2021-07-22,17885.18543364954,18264.741441223152,17727.936530107057,17949.069981426775,41401459401.478134
2021-07-23,17853.69695427555,18094.976619643865,17577.561304610794,17831.586057618308,49154447991.48835
2021-07-24,17872.21800864252,18016.112488119437,17484.4675904868,17912.76526925559,31463909870.78707
2021-07-25,18883.007646165635,19148.152509709238,18574.75656125217,18885.30517223488,55755628113.41781
2021-07-26,19066.091656027034,19287.263886498473,19029.440370005053,19146.070089604622,40852285530.45387
2021-07-27,19089.088792955787,19620.923865221015,18862.16033833489,19096.80694752572,43924120275.17062
2021-07-28,19610.337360757178,19846.069979297703,19116.041207531624,19648.36412326767,56084760763.73159
2021-07-29,18482.996060166442,18949.925820652858,18173.789670329144,18423.601829444713,28692196163.084637
2021-07-30,18544.998414450685,18925.407279992065,18461.40483210148,18627.522300876877,32468766577.340897
2021-07-31,19117.238930998486,19495.308237116184,19013.826647010646,19132.81164778336,63550803965.21331
2021-08-01,18353.0252661539,18659.719836823017,18156.368176331325,18360.65753000923,64689701098.73319
2021-08-02,19106.99783760732,19138.09820880774,18579.488101897772,19064.102448705842,70418035682.10838
2021-08-03,19348.31548890807,19551.936055113292,19165.847873023726,19333.95276423044,67503549873.498955
2021-08-04,19202.46916503836,19227.434028132782,18984.84915750527,19170.413867959945,22557348796.69374
2021-08-05,19665.348411651503,19977.519087428245,19037.056824270345,19611.01623127371,65414108057.345276
2021-08-06,21101.53267573105,21307.249098849155,20654.3312991587,21025.378130917987,40941121660.89362
2021-08-07,21184.690421525225,21719.55696229526,20799.466048977552,21224.193846897422,78353192745.9655
2021-08-08,21475.30146453937,21609.125191840765,21254.235761677577,21467.139077497875,46386035414.77644
2021-08-09,21329.470065907088,21362.11897805093,20757.290611859527,21257.172704292017,52465601169.269035
2021-08-10,20902.04976243471,21053.797010207734,20544.94383969913,20800.242739104688,51690024144.72436
2021-08-11,21484.942590500024,21996.491023122253,21345.853421487627,21401.579306233896,38465635378.6973
2021-08-12,20910.62765433681,21383.77378567503,20810.533623645675,20937.53924666965,22178984821.207653
2021-08-13,21002.025071398606,21330.996424839475,21016.604320516868,21066.242030671852,79241106043.16939
2021-08-14,20846.422066347382,21172.166115164473,20835.189940769742,20848.63357735534,73753558728.21063
2021-08-15,21282.914729519973,21285.24969321431,20601.458366634597,21231.610358002723,27627423068.10077
2021-08-16,21527.462504367224,22164.972188526317,21285.401516676924,21529.062313755236,73674645644.1459
2021-08-17,22281.548231931498,22730.828956173707,21892.744984273046,22285.296426398407,63540003851.96589
2021-08-18,22107.98548317309,22222.11480078196,21940.824891956116,22033.461613179934,48317758741.51439
2021-08-19,21912.79463304171,22328.842536077267,21450.67954077959,21943.207088818275,37309506903.33517
2021-08-20,21463.61154626545,21456.90734555102,21374.49199201609,21386.663469980573,82903136632.80795
2021-08-21,21167.406202687296,21801.051448802642,20941.618776343992,21187.151610803645,71595997847.06863
2021-08-22,21474.76788996445,21624.515660289595,21378.47694491315,21511.717899716026,60591150638.61478
2021-08-23,22076.126617582748,22515.666076140937,21480.4171750679,22086.288538552024,65772301783.83908
2021-08-24,21620.21046787752,21722.403993456766,21035.389356643613,21563.6174098052,26276261486.471718
2021-08-25,22129.353332308896,22690.59076285514,22051.434134301664,22212.42736019822,56121229612.07853
2021-08-26,23134.192473752228,23745.41303566413,22523.803852872243,23204.6372936022,34593085405.17486
2021-08-27,23691.738506172947,24061.74751571715,23455.69462029843,23585.264051991257,35920633117.09487
2021-08-28,24926.39526920185,25468.560573820312,24267.785369103618,25007.54685252482,71737629769.4388
2021-08-29,24543.671470289875,25183.749239555807,24274.763946711722,24527.059950418115,91777349247.09235
2021-08-30,23728.141508302226,23765.262189087058,23257.740516297472,23709.336574449117,51844543414.9427
2021-08-31,22536.667066074653,22762.76030201729,22276.3100183427,22539.00560915513,36404133149.49608
2021-09-01,23674.961016450496,23816.833174103504,23425.16087142489,23640.74216543773,71639708154.92468
2021-09-02,24134.01552696996,24916.67605553209,23722.044753903578,24199.395827012995,89525271724.0037
2021-09-03,24268.613622106997,24539.189231897435,23606.726344170056,24255.839946722757,79807971985.25244
2021-09-04,24525.19964319176,25096.303612453168,23871.19979585404,24556.58953221317,89491310664.4137
2021-09-05,23864.189022547762,24315.09180213547,23531.854464557156,23825.670713616786,62921722894.06594
2021-09-06,25577.029062931546,25832.44202231925,25299.993123325152,25669.123835877064,80107126233.18524
2021-09-07,25889.6470832396,26056.805660308397,25671.222237278627,25871.310166890784,31155701352.806225
2021-09-08,25977.68340304554,26279.60675614014,25676.416626698847,26059.701007414344,47709395404.024
2021-09-09,26672.165977836732,27061.037110786987,26268.17375014082,26731.337648042816,50890593111.06158
2021-09-10,27147.42515009822,27415.38159715108,26732.409299323113,27224.00360419638,60413589102.487335
2021-09-11,27428.48063890008,27531.971961841577,26712.108888001894,27515.75020313008,93260465885.9833
2021-09-12,27061.153260679148,27684.902210848653,26435.63186065948,26973.298274202945,88586369069.9393
2021-09-13,27403.852671415563,28258.25085121809,27442.94662713991,27462.70316601609,30164528673.73807
2021-09-14,29247.510146244513,29421.54622613134,29012.64470394908,29123.118381616096,33001606180.855297
2021-09-15,30558.02427573638,30723.967247173165,29803.184765901486,30415.095673457687,47168221811.94141
2021-09-16,32013.260321213827,31997.26987778673,31594.86528164181,31990.463766398832,41719367655.45737
2021-09-17,31514.893916105757,32273.24990431614,31482.914762406865,31627.804824253817,66273571260.26908
2021-09-18,30776.686808440034,31578.43166019033,30298.825474743026,30815.34520030246,87705234478.23921
2021-09-19,30914.08955576461,30957.88580547963,29914.257004893272,30822.32156016706,91511404393.49916
2021-09-20,30956.0329025701,31145.613977241424,30136.512173912248,30997.13798137196,67635958111.858734
2021-09-21,32005.903686525922,32900.39651131546,31666.571472117546,32138.63069758018,80717261443.73405
2021-09-22,30652.776622720714,31201.789393723953,30607.29325878044,30635.380349276864,56951179682.378006
2021-09-23,32274.67608523356,32206.95895324627,31867.647309957887,32163.672544674984,33328373473.64036
2021-09-24,32234.97414336535,32740.121070153487,31244.044993438863,32139.863805572677,55725161117.63918
2021-09-25,31753.330820452476,32152.060424234893,31082.094584711514,31856.82627731635,57250845944.13969
2021-09-26,31070.566951619934,31360.08281436038,30804.194615899905,31016.98058471037,69726707494.70221
2021-09-27,29518.454728558874,30284.737740096516,29460.381641197175,29601.188789197044,32594770474.409668
2021-09-28,30364.79088828175,31191.402236134272,30101.355521764504,30450.598380200936,42321149981.87988
2021-09-29,30753.99131772115,31007.37839428094,30312.538464931935,30639.37805290895,41442831328.78262
2021-09-30,29502.1890944738,30416.623898202604,28714.084193903214,29576.227574701483,80439709590.68494
2021-10-01,28477.84409645014,28893.505695253378,28398.585845944875,28545.426150308736,45451246340.942024
2021-10-02,28230.37944353793,29029.011552704127,28191.842315896036,28372.05433483027,64783912529.4276
2021-10-03,30017.002470208223,30340.276810574545,29241.36745859075,29906.149634214944,63438512749.58281
2021-10-04,29880.045299630914,30595.07489462269,29532.49217518689,29792.872898822967,32114588789.903156
2021-10-05,28604.93201999051,29346.55881911024,27895.641877979917,28568.555981887985,50276526571.429924
2021-10-06,28543.470676367466,28546.88297437362,27652.496707024853,28472.214471310534,68693171893.22152
2021-10-07,28254.49681151914,29149.728143491702,27673.643098820743,28353.15201011866,42689169956.312386
2021-10-08,26161.69970790487,26820.799491703983,25527.68478905701,26172.607509917707,68933870661.43947
2021-10-09,26195.634695040488,26857.459980614385,25713.447973861974,26234.666793022152,26229790354.90282
2021-10-10,26051.591416703806,26315.51301176759,25701.487409027464,26157.850746663407,17909796968.99223
2021-10-11,26805.101761784364,27456.348893784714,26413.555242973154,26808.820015040055,61648950526.32219
2021-10-12,28522.608355684628,29127.497515736413,27957.250787998615,28403.10523005325,57905658927.30143
2021-10-13,29341.08081215906,29732.351551715426,28831.713790819373,29476.65600345575,63971143773.345924
2021-10-14,29295.56407432043,30195.443260093958,28501.771621978452,29356.78444442844,46654386216.03403
2021-10-15,28416.340377203756,28542.32026658064,28162.055860611483,28499.690304653017,58033848056.08611
2021-10-16,30733.200592612542,30952.466396165895,30255.304258654724,30813.887788923537,51262199614.43915
2021-10-17,31118.46741557402,31491.7054433976,30339.82167234646,30991.885845501976,50657097716.56232
2021-10-18,31118.864518030954,31666.516173116805,31004.545252728476,31128.804239630226,36833869383.44977
2021-10-19,31220.264943630504,31835.246304398926,30993.507706799566,31230.789903171404,27596958061.533405
2021-10-20,31623.492323073933,31557.36022285042,31406.715569530905,31541.30336918092,50120217480.023575
2021-10-21,31421.92750530622,32439.305088473964,31053.160174206616,31530.869116247857,27952601509.486427
2021-10-22,31110.388440644514,31155.970629724503,30303.135447801556,31114.350743035706,31273491322.235264
2021-10-23,30706.83892808596,30860.235065759436,30448.31486761939,30728.353318866288,26670304087.08074
2021-10-24,30850.94202514052,30834.0313844337,30086.983368171856,30821.073110355388,30133730427.830387
2021-10-25,30593.9641681007,30959.57661611872,29931.588626949375,30441.88936476405,25689274408.993725
2021-10-26,29993.245041871785,30749.24281997069,29073.59674344631,29912.645748711202,10229748773.170305
2021-10-27,30097.0338011955,30729.710405903366,29969.912393012582,30127.804622643118,37374874580.92432
2021-10-28,30116.183139932324,30758.691197540913,29230.737016750198,30017.85872744327,22016827600.41265
2021-10-29,31388.628026420083,31504.877315220907,31400.779076592167,31492.32963410325,25509786498.84637
2021-10-30,28977.0429076441,29587.145315906215,28995.159842402587,29113.742500960612,11332440107.805101
2021-10-31,30094.32503081912,30599.669981986906,29698.7094405056,30183.532953711598,7054676395.724927
2021-11-01,31382.441884955995,31903.120553958004,31191.549494246407,31432.60468965297,13163899640.59909
2021-11-02,29606.305682113638,29667.305625639983,29265.20443761083,29603.173442131392,24179489770.74383
2021-11-03,29451.11475093747,30021.273048051273,29243.457753718118,29417.2469273791,8414810406.063416
2021-11-04,29327.03896020964,29648.04134875352,28709.252908012473,29207.112884871087,26519279727.672264
2021-11-05,28093.42880417145,28735.466850668756,27910.157311654246,28090.66074777858,10085425837.865213
2021-11-06,27547.89325865454,27948.598771453053,27103.30205007634,27547.541849917412,9325087675.26076
2021-11-07,26619.658307132697,26859.75658332196,26692.565871314873,26739.92297990276,8353844848.822038
2021-11-08,28121.150626732382,28801.997332443312,27817.211036070745,28252.549972735604,4812180762.837237
2021-11-09,29173.53672792344,29309.41563803315,28688.540789167753,29158.619189450776,17496348260.971416
2021-11-10,30368.771380630336,31182.85558582908,30191.6231557648,30387.557390008795,18047965955.220814
2021-11-11,31272.715521868202,31740.27303022396,31000.17649812771,31167.00315745522,12952011460.535763
2021-11-12,30133.39945809388,30378.59284809229,29831.882400912255,30235.996366531308,6117932450.50528
2021-11-13,29739.214595158806,30743.831848727,29145.90081830034,29881.158566035214,6939350882.198737
2021-11-14,30423.863285343523,30912.73719673623,29953.342353169926,30439.375566166418,8708619785.702257
2021-11-15,29367.809122777246,29509.503932994772,29416.90558867797,29445.108847489544,13320318846.42907
2021-11-16,30056.735108756762,30760.492462461574,29968.97822220599,30192.718774414956,5051108757.514772
2021-11-17,30163.402002371145,30324.414100368787,29925.31091794737,30095.807334684483,9114562810.451307
2021-11-18,29761.727152060204,30598.151671897645,29010.86386972594,29877.77451975191,5824505859.626743
2021-11-19,30667.725849953567,31386.150822695792,30145.486206612175,30634.542666507536,4188956611.9546027
2021-11-20,31097.138272011223,32080.6527800021,30834.979392355046,31165.374938300058,4856913040.613048
2021-11-21,30851.48577244922,31418.571269446835,30794.719420353867,30952.547061119494,1975801567.9884348
2021-11-22,32114.22020548729,32591.728825641727,31235.825752938737,32152.883558303678,5725491717.489265
2021-11-23,31332.883783702313,31944.84430719655,31100.427401497906,31238.71599379274,2371075345.8644032
2021-11-24,31906.435697807912,32067.83895013561,31508.16754019241,31940.901982641797,4089420483.697922
2021-11-25,32718.83493347706,33172.48157035912,31851.07355704421,32636.99126496886,1151865015.243006
2021-11-26,32342.87544821181,32996.46828636407,31799.511089875756,32464.459296948946,3717031947.716508
2021-11-27,33001.723491717865,33000.29114683091,32202.95615960711,32911.949100915845,1148119138.981013
2021-11-28,31724.622271565226,32207.160193876218,31360.62201932058,31808.299306955774,2424460287.193139
2021-11-29,32875.49995186541,33657.359039853385,31883.651323327056,32817.28434402301,1834108690.71073
2021-11-30,32788.06822408688,33608.108988489395,31939.3588019645,32766.5139017751,1661737995.693449
2021-12-01,32522.718757403658,32480.156242735586,32201.77459871701,32383.745623823746,757530730.579621
2021-12-02,33494.622573322624,33623.66872842485,32659.829788615723,33532.40604411542,743067508.7307829
2021-12-03,32815.002295315986,33217.72292124852,32200.014070232985,32957.985509515165,324866100.6361941
2021-12-04,31544.80171709602,32529.045507786064,31177.417141398644,31697.216041665335,143499176.23623148
2021-12-05,30442.961814047918,30461.12232222309,29904.209235152604,30343.780569533614,125738899.92874162
2021-12-06,31024.486888303036,31686.774903358404,30796.853183016276,31016.814681409323,31895799.16434426
2021-12-07,30031.87078515486,30040.33234171646,29452.874266157654,29949.436741964535,20170197.108177174
2021-12-08,31561.84403377912,32237.47992019457,31446.389793084487,31645.887409387637,154391.45490855473
2021-12-09,29749.777102131742,30114.21660202421,29454.783981374767,29795.93584993975,24303835.472558185
2021-12-10,31283.849135322977,32175.448282847952,30595.245390200664,31431.544746993266,89296664.3090468
2021-12-11,31902.80172691766,31978.88303784398,30952.496605493634,31756.249074864525,172693909.67258164
2021-12-12,31844.50381677964,32400.765283214703,31254.216567313368,31791.13670108314,347158941.90056235
2021-12-13,31534.613636295515,31620.59633425589,30830.488592066962,31398.593332494296,214597768.9667883
2021-12-14,31825.350067596817,32583.133336023508,31654.72773949545,31900.15708198985,672429198.11706
2021-12-15,32027.4002726946,32830.2555679341,31589.352656165673,31991.741122745218,606009178.8690789
2021-12-16,33237.82833149872,33304.817735346216,32569.577816961286,33178.6045329275,1742435407.9543633
2021-12-17,33364.03232795279,34293.995622847266,32593.495837487295,33425.01637050973,1865026705.3006403
2021-12-18,33826.77724558791,34309.70413427692,32927.54514664284,33709.43160111316,2767700328.9535327
2021-12-19,33626.24874842915,33604.21113585087,33050.231598927036,33476.55449760904,784172661.2438824
2021-12-20,33682.40189567797,33983.63324195077,32972.905006582565,33553.27041732252,1729293740.221527
2021-12-21,34078.59253427747,34161.38072633458,33502.581293064795,33997.31617858878,1682301209.1855757
2021-12-22,32316.994252668283,33069.57990921394,31583.241744128445,32389.071376389842,1139275109.1068032
2021-12-23,31140.478797015705,31919.13056916531,30893.026389714796,31208.633445939693,2455542464.7028465
2021-12-24,32177.767004753936,32131.01351096452,31887.663006097195,32029.35567963995,5249181704.620485
2021-12-25,32163.370246330793,32812.432720985365,31602.1157149476,32321.654399093233,3056821271.8965225
2021-12-26,32342.266459888862,33061.242273609976,31780.237792665226,32272.541642306103,5384057263.595993
2021-12-27,32486.343036624432,33329.97664998433,32395.67736768631,32419.47910504986,8954367927.329718
2021-12-28,32927.55872293424,33393.85464733445,32229.374998437146,32887.20955649817,8193377300.448518
2021-12-29,32645.440554457695,33412.35217788446,32091.560264530883,32486.222703229687,6142236490.83927
2021-12-30,31797.711398619078,32369.615800964493,30988.11557986645,31857.64217483074,6479189921.1508465
2021-12-31,31929.262428063837,32358.631695730382,31602.44572159123,31980.44013035516,7990526017.150014
2022-01-01,30659.74909462838,31572.860824002095,29948.500587584953,30789.391088575056,5238743370.193655
2022-01-02,31119.156871059593,31597.467400261485,31098.889248735915,31136.967796863173,11707358914.788956
2022-01-03,29118.346338177544,29601.30972623637,28939.113775824328,29188.091713490852,8751316360.047884
2022-01-04,30104.673679901305,30595.411087032902,29960.274039597665,30151.89555789047,16848359426.95498
2022-01-05,30662.42545917969,31336.51677399864,30288.901001404454,30560.1797187892,16452806613.074234
2022-01-06,30876.228368111264,31509.625340385708,30363.969384502278,30742.35019392234,15002059511.048784
2022-01-07,31607.835078840242,32091.319283266723,31184.224801309498,31707.48120597078,11391656050.261877
2022-01-08,33417.97942414023,33795.211536188144,33318.471234675715,33460.63874999163,9053360902.176327
2022-01-09,34696.292473807924,35058.06524960548,34503.470783936544,34548.20829439486,21388869996.343536
2022-01-10,32077.422758126322,32772.2198308415,31734.391321902127,32218.601945937637,16219174486.226765
2022-01-11,30553.96997174902,30898.38843850217,30616.016658803477,30679.02980683415,11026337090.459972
2022-01-12,29815.204015432584,30628.644549634508,29542.13231873571,29916.083745499018,10882330688.14903
2022-01-13,29882.078976278863,30289.353117523413,29440.226896361655,29853.654465771557,10668278471.860325
2022-01-14,30199.059653597546,30608.681325622598,29809.027214770074,30304.983975860367,27666170774.124126
2022-01-15,29582.112884326558,29538.649164356902,28745.83227188737,29444.29111194594,13508310463.623354
2022-01-16,29532.68574200581,29760.155753583673,28665.275144339143,29548.43076302558,22897086240.92751
2022-01-17,28679.00749042343,29495.293018629472,28025.99660886413,28678.57216106903,21589508212.225212
2022-01-18,27907.84374386003,28234.814445182026,27567.20581110196,27978.725434154923,26610964429.567406
2022-01-19,26509.60823705,26651.639614165164,26024.054994220296,26517.308796585632,37632897595.70152
2022-01-20,25622.31769485088,25934.431453415647,25157.651426494496,25580.898732451977,38792462673.487816
2022-01-21,24354.971139540958,24517.76152191037,24279.846354989168,24293.95029074762,25259932041.793068
2022-01-22,23450.677901254916,23415.96748116329,22935.355752573774,23391.294869448826,9913801903.27127
2022-01-23,24202.569571541277,24418.178318836584,23786.284753999375,24183.73259313352,26172006445.529793
2022-01-24,23401.827567977594,23688.03676169796,22701.71138915738,23307.581085543578,34268019741.573967
2022-01-25,25465.63857354692,25805.22200974566,24660.0347592975,25385.06438713843,33406531038.013603
2022-01-26,25813.393647955716,26022.622860229247,25573.733569674536,25747.21092767864,38476526726.7462
2022-01-27,25721.718674053096,26183.23740508031,25503.773035400478,25836.53480812953,17786161846.866566
2022-01-28,24859.634687406528,25706.471646173413,24803.48239209288,24982.830530413314,40649813999.09801
2022-01-29,25446.84822210946,25809.132969503225,24869.361378155358,25520.23234508379,20187178470.503723
2022-01-30,24970.272886738614,25122.631277002078,24609.284327794874,24929.507260521295,47995119260.76926
2022-01-31,24939.010146984325,25143.493012635303,24402.277444954936,24961.176298341707,29025473613.035183
2022-02-01,27096.41778088357,27495.364971812935,26494.772234888926,27122.88802189019,48535711962.674644
2022-02-02,27053.977025140037,27564.409141369935,26151.138599789716,26950.329591197624,15442375088.468966
2022-02-03,28064.117759609948,28126.28691774897,27224.242161598377,27953.543925106012,34939055236.97512
2022-02-04,27292.934584241422,27760.110263735474,26618.45544145919,27181.713735290752,51917905834.46211
2022-02-05,27016.50454313734,27084.055737592065,26349.781794548366,27066.881944439738,26513307118.54594
2022-02-06,28717.995882897914,29023.472318084037,28651.072825351228,28663.233109922403,59390520157.90188
2022-02-07,27884.437251676012,28598.784207156543,27368.58633571833,27948.26180805618,51100747180.41746
2022-02-08,29545.639562199853,29938.508819185045,28864.088156530594,29637.33456107063,49581816795.370926
2022-02-09,30187.076965477692,30794.72077775005,29554.962809451514,30282.57838879429,36428188960.466675
2022-02-10,29548.848443903542,29777.57196928251,29229.512772440474,29595.577605504033,45040555677.10787
2022-02-11,30140.741314022864,30833.26640191433,29314.961550001844,30161.86740387139,53048508365.34696
2022-02-12,31200.992661604632,31146.84722642231,30969.73283662526,31098.073844003808,46015405838.220795
2022-02-13,31561.153347616822,32491.874731879343,31644.985319459476,31681.57784674066,61406512829.52179
2022-02-14,29915.495743457177,30022.838630024573,29170.947916946974,29845.381228697424,44978245455.850845
2022-02-15,29005.406824280104,29756.914931304575,28517.930220327176,28996.286067379526,30208042669.810425
2022-02-16,28597.327137013734,28961.182494474397,27817.384967385075,28658.097968456324,31439208929.205753
2022-02-17,28495.418220590633,29115.3039412522,28190.299028918955,28497.464456936254,17576466133.142487
2022-02-18,28972.958507398547,29309.060646714293,28520.60736410891,29031.037399943132,38359325985.02531
2022-02-19,29152.487234631568,29916.03068036533,28486.728291635485,29124.503841886824,70426029142.34242
2022-02-20,27657.627549526802,27781.08089638216,27017.391082193466,27675.936863668863,74498705035.02574
2022-02-21,27867.354453413198,28110.939439233494,27670.97286256251,27961.190663282887,32649343282.05628
2022-02-22,28365.67434560675,28896.02053831536,27976.15774189069,28474.851746698765,88179592753.5963
2022-02-23,28960.84259300733,29018.48240178185,28234.925355938605,28947.325441950572,55430740295.69799
2022-02-24,30076.02813365758,30131.603799292985,29676.096732285245,29955.483364415322,86791162877.32861
2022-02-25,30691.968550232912,31610.27539889939,30338.846353634963,30739.93585729532,71791115602.56665
2022-02-26,31214.30716969751,32054.034681453664,31009.71089339369,31141.74686610848,73573370699.35126
2022-02-27,31020.984073544263,31321.447081099097,30151.841770288094,30971.843726637755,25544798412.48492
2022-02-28,29203.911769955987,29883.85343674839,28891.448096495318,29078.422409046078,36089258379.741936
2022-03-01,29522.888513865826,29909.428869597126,29140.192203355287,29428.42884358852,20003834453.766277
2022-03-02,29573.74539711415,29793.220395789474,28769.410219947284,29554.06083837567,75118107682.7166
2022-03-03,29793.028458391254,30373.130932147964,29473.978882107982,29746.3176675516,46468075466.8635
2022-03-04,28440.683045674694,28887.78653678699,27853.236225457797,28327.82880942087,81427662034.095
2022-03-05,27143.704104713222,27977.27175694504,27126.161300218704,27171.005861642956,46457103334.60112
2022-03-06,28042.370482783354,28314.38913063127,27367.63509993229,28091.025626347033,84663757425.66965
2022-03-07,27831.04679664901,28531.744512511083,27668.186881801656,27967.862480045544,30235819687.308506
2022-03-08,28644.29681802018,28595.62302029521,28021.70921505505,28551.063015051448,33711473615.622208
2022-03-09,28579.46857891508,28590.853928271994,28456.792711950773,28493.70801695476,47143552067.52482
2022-03-10,28325.4172523107,28441.245000067756,27866.278839420862,28437.902089171523,52614108914.50569
2022-03-11,29308.996015199584,30164.607961047575,29253.263931805064,29286.48718812103,47879948431.764
2022-03-12,28659.341592780336,29359.695534658866,28584.93688227463,28669.667920306423,81091508900.48106
2022-03-13,28570.75554141162,29357.009275592634,28052.345516677422,28680.1101929754,27749951477.616222
2022-03-14,28265.220160684406,28560.19453236498,27964.244837148264,28130.03614471222,48049457064.17995
2022-03-15,27539.06732916848,27866.47856651991,27614.22014942475,27617.86222589366,86777021373.4886
2022-03-16,27118.286310519095,27359.750805656815,26625.517489259735,27236.155080364442,25237174700.15033
2022-03-17,27392.155182649083,27599.913027089955,26903.801016988866,27366.199059971423,94754295020.41942
2022-03-18,26889.62420251362,27128.115919506927,26439.404485200655,26825.54690998697,97954038549.62976
2022-03-19,27793.53141528614,28557.67052870294,27333.440097071503,27924.09233914967,26729455332.08376
2022-03-20,27008.781439492675,27402.556967355195,26169.35116160527,26965.981670126293,42556595410.89453
2022-03-21,26717.337262841374,26770.79715572356,26083.832203976628,26708.71251852666,48705987234.18004
2022-03-22,26113.509526247075,26231.703895283867,25652.748515457537,26217.52361623914,79898758698.0102
2022-03-23,27376.69055657167,27550.95886090598,27008.163880477547,27466.637235323113,65467627388.51
2022-03-24,27591.934462992933,27912.75457237523,26887.531269782015,27573.19177963311,68774318918.29262
2022-03-25,28428.25575074489,29283.761308446075,28377.950559602632,28486.265862367967,76935499949.23465
2022-03-26,27037.667862133225,27434.43471714444,26681.36380446886,26919.67469384832,27887788188.511036
2022-03-27,27176.875798880894,27742.183984781193,26347.055344147568,27090.52738971049,81425854099.87068
2022-03-28,27987.462557019422,28242.470476522896,27560.398773900262,27852.775667786194,71209358800.63602
2022-03-29,27782.50134763576,28151.597499040072,27560.06754441979,27849.4316530847,61077305705.525375
2022-03-30,28939.740417058336,28898.111517255416,28766.60842282636,28804.43915903344,83306807061.73976
2022-03-31,28177.129057683745,28937.466567983738,27353.178492753785,28196.5187124558,68731774023.88118
2022-04-01,29457.79715827261,30195.945377878325,28837.140777639237,29502.783357752483,32306843491.103153
2022-04-02,31645.17588056533,31948.43597707774,31719.250098618235,31788.111273273113,48047567141.09123
2022-04-03,31149.123060229776,31769.903124840945,31225.35462383788,31289.05860078114,51943435397.57597
2022-04-04,30766.275516829653,31156.29315564908,30449.912800682796,30707.314017517136,21031652419.670963
2022-04-05,32163.68846647512,32780.63710904687,31951.113153991064,32177.225748910918,81878731453.39438
2022-04-06,33767.01408633038,34820.73846100689,32936.75174672603,33859.612804859586,25365076977.089897
2022-04-07,33176.16756954994,33714.78056598057,32655.118328210272,33138.39963397582,62534827612.58733
2022-04-08,32471.18456273623,33079.181912588836,31801.236421518082,32551.63328176912,49136176164.73095
2022-04-09,32157.884522492088,32181.449870368626,31343.643034451783,32132.939158101224,17618387816.200977
2022-04-10,30481.52438777322,30582.106792057355,30350.7883045062,30524.50021410193,73818962377.5563
2022-04-11,29546.76892253,29617.00720680789,28687.245850757237,29451.47800965965,68017517540.59053
2022-04-12,28418.900515868765,28355.64854852457,27876.49158956049,28328.053535759627,46919841936.37617
2022-04-13,27475.587485632746,28094.672542560424,27431.172568456594,27481.812006641,28471014454.678333
2022-04-14,27325.17959703658,27959.844255664142,26697.588738588063,27366.00444620885,21654405966.19236
2022-04-15,27470.432301706544,27620.519707499352,27490.078817057038,27508.239682288895,35008627426.24666
2022-04-16,29006.92694736201,29643.863737874024,28913.563344935726,28918.51883467631,28232593009.235485
2022-04-17,27773.478404562004,27950.471447046613,27450.382072279044,27821.281073594986,41335092855.96223
2022-04-18,28612.806900850137,28955.574798937116,27981.88119533105,28696.29608440103,64928531879.52376
2022-04-19,28277.354221754522,28607.37622943757,27812.701282593876,28395.283143004937,42991171617.1577
2022-04-20,28251.52569551114,28576.590972980597,27773.007351728855,28260.938532144974,57949799088.105064
2022-04-21,28838.48808975057,29064.004756755705,28245.99370207263,28843.64184314302,44635821365.48592
2022-04-22,27717.863774687205,28028.89109864841,27027.54716216295,27623.692201836257,34991050381.02397
2022-04-23,27832.742242572895,28251.675337499662,27887.29352516809,27910.54604455572,51848165007.61546
2022-04-24,27956.106579178617,28817.821556529343,27278.511694955603,27989.41642717625,32909788597.84983
2022-04-25,28475.4178144018,28435.496895694618,28160.76043653759,28387.868000339193,49553407677.176735
2022-04-26,28682.539281234942,28711.96427313597,27732.666689788097,28590.015241596404,23271888387.457935
2022-04-27,30925.416861367685,31010.20909168125,30586.06321207126,30961.142590667736,15773610662.976448
2022-04-28,30164.8433958073,30743.762258027335,30101.08052281082,30177.178612309603,44551562627.227356
2022-04-29,29467.725999042057,29574.09034093265,28895.077803676344,29525.807428093787,32636973093.45904
2022-04-30,28917.82126811607,29515.789724568247,28089.73332802013,28793.274554374457,42877022206.17467
2022-05-01,28039.763810728775,28579.392253497936,27852.97839178911,28147.104548688436,43132303357.80425
2022-05-02,27553.740197008476,27868.491710103553,27198.20097253475,27434.742161182407,10622917438.543705
2022-05-03,28546.5417868647,28974.215357589965,28227.47144187278,28494.15060317003,25282722544.364307
2022-05-04,29834.746819301923,29978.167576889242,29216.282353565828,29825.330320473826,20220123440.98111
2022-05-05,29003.876513774758,29312.88116209391,28486.333938800366,29140.05994360315,27195205628.828472
2022-05-06,28196.83578708111,28473.473589931415,28166.4209556587,28203.718568459615,31052536004.894596
2022-05-07,28558.08621933097,29093.399085723795,28518.682666842615,28584.455921593297,15107244327.882061
2022-05-08,27851.551157167632,28122.38769587355,27491.249111458852,27946.2277194437,21946853601.14346
2022-05-09,28526.018777026366,28580.869982586588,28350.05227281117,28481.471021131063,24875645480.608795
2022-05-10,28733.051923356972,29430.621847553677,28128.4320220266,28598.310722894053,9497831340.479334
2022-05-11,27012.13363396727,27013.147750125005,26529.181028750205,26995.34554952726,24987374649.95384
2022-05-12,28437.43929374088,29059.832114211098,27658.656348376033,28376.499830614528,19072363761.286694
2022-05-13,29945.207110665764,30786.000228259098,29557.470558018686,30074.995618146666,25301464200.723587
2022-05-14,29315.57774550519,29601.339521456237,28932.57211030408,29339.734029951353,11748384594.747524
2022-05-15,28742.893364102256,28970.987138861554,28007.459991462794,28853.587705058333,6728298546.511614
2022-05-16,29088.489053227302,29182.65575170623,28571.164586495852,29055.715416252428,13365926380.24543
2022-05-17,29437.187422622017,29921.89799544516,29116.429335539902,29308.674115815036,5565897785.23228
2022-05-18,29944.650707468467,30472.81105000742,29609.322144971622,29896.285175218745,18911143196.889797
2022-05-19,31774.97179844324,32659.33676782614,31560.749637145527,31910.014004994817,4176294444.7326517
2022-05-20,31570.71067285228,32505.861080013896,31530.873706188668,31616.660365218027,13501788375.703981
2022-05-21,30653.95059743562,31274.41513814392,29735.849463419596,30638.428134335216,9667205266.1423
2022-05-22,29039.271798198894,29203.312793838002,28681.142453399196,29067.406793468166,7126676760.185121
2022-05-23,28330.79582322299,28442.805797376517,28056.44986796821,28236.58614478824,3347931769.243771
2022-05-24,28207.620417481387,28829.59048779321,27732.220039344436,28119.13764453953,8470855384.051651
2022-05-25,29834.256600669207,29988.055387655582,29196.473679124556,29800.92991674307,7398785444.633042
2022-05-26,29134.727300518814,29235.109546712043,28415.732024467485,29171.641695358645,4267845409.0188284
2022-05-27,29240.898629106494,29931.06528183999,29213.74132341205,29312.61593820576,8417764700.615778
2022-05-28,29092.713603002765,29560.536789502305,28744.09270998326,29207.82915881007,3606066411.835859
2022-05-29,30291.05235280128,31172.35360193972,30224.14772282003,30335.06924098591,4056734176.282976
2022-05-30,32898.387821267344,33569.30550957972,32517.878351751173,32926.97748697887,4068321347.53638
2022-05-31,32273.043726495525,32303.78912825004,31901.509197863863,32216.39990981087,1573194250.4325888
2022-06-01,31617.79921180152,32465.525951749365,31382.499759756945,31567.87152166837,4607848475.507728
2022-06-02,32486.5755707498,32879.91284229031,32293.21540045792,32626.83568163778,2088371671.7314126
2022-06-03,33272.74718637166,33644.58633466019,32706.152761485668,33307.63383005894,936324246.856986
2022-06-04,35248.01701101717,35787.26611176124,34844.596116787325,35360.54172746037,1503206519.4840171
2022-06-05,35853.671720126134,36032.427807548775,35764.564929901855,35977.14069598505,1639738711.8927705
2022-06-06,35532.70861113923,35944.33815422334,34751.28984717843,35416.78870035507,1176669256.007811
2022-06-07,35877.600585861815,36176.04870721238,35381.09397408284,36042.706740925576,1129455571.864444
2022-06-08,37303.03073084356,37782.28754161145,36320.37883475244,37333.20235131754,273044486.5623372
2022-06-09,38166.239944415895,38696.1907081239,38195.17039525165,38293.295699633796,339591452.9253178
2022-06-10,39005.698883290286,39759.235118335935,37798.674177157955,38858.29761912269,449629281.4410137
2022-06-11,40215.369391566746,41160.884975799716,39768.26343365953,40192.44341554474,82377944.50782268
2022-06-12,41604.69644147096,41908.75235741613,40982.36704764439,41716.755725224284,136049272.68608788
2022-06-13,43610.73560523223,44089.23244050883,42832.054679652494,43609.67707313733,13924676.38440918
2022-06-14,44571.93871392559,44967.0782876974,44041.49877461538,44468.99904683566,3018354.128681629
2022-06-15,44277.40471161468,44275.69163975105,42841.93802739064,44075.48696829399,5665686.368796785
2022-06-16,44046.109362545634,45227.6080601939,43631.21177292827,44169.587208495286,51903928.06332922
2022-06-17,46079.52972719457,46876.16498592902,45588.33584110484,45902.26355236058,62646921.32516594
2022-06-18,44645.1421185683,44705.97090483064,44222.99585302121,44452.08488507917,93288346.71438214
2022-06-19,45079.259872525705,45386.20894066598,43775.214601525535,44892.319033154774,223060943.00839263
2022-06-20,44199.38725222485,44279.72166991123,44003.77936349596,44139.61587526604,266885624.35677585
2022-06-21,44108.79259941076,44881.80977526114,43597.18502691777,44051.60451813633,549785576.6824387
2022-06-22,45846.157462587755,46057.669480179706,45727.922126721685,45890.574659228725,987701415.7769992
2022-06-23,46176.09460907369,47422.199664840045,45348.60390405052,46059.840546940715,1383746817.2872505
2022-06-24,46010.915285188465,47073.78091164534,45364.57493791736,45996.52112542668,2131688871.0000782
2022-06-25,43746.81476664193,44180.572417390504,43563.262429083195,43669.32875198606,2258649224.7505693
2022-06-26,44646.95026451319,45454.40275031329,44544.756507850456,44678.91449648157,2555983626.1869044
2022-06-27,45659.717896166345,46799.72649121994,44800.102677199786,45554.261391823304,2317260048.1147113
2022-06-28,49025.24858789784,49679.000031478354,47802.97850489385,48866.69009693719,2943924548.742301
2022-06-29,48023.2909980193,48445.97815965605,47316.32578649438,48193.68639973531,3105250282.0954347
2022-06-30,48579.96396799984,48968.85396284219,47529.45269054476,48418.76351634033,5807932729.399528
2022-07-01,48715.749812298076,49927.86364386199,47654.32232611646,48696.12696201618,2880597034.967629
2022-07-02,51415.19582805248,52228.85093533144,50114.28528481594,51238.59386271052,1719068120.3917716
2022-07-03,50879.002727959414,51907.90880735421,50701.7645980774,50913.97976329068,6742422258.388958
2022-07-04,51196.44922131583,52591.40899965193,49828.12807478342,51258.45119508158,3744084038.821994
2022-07-05,52411.91208669046,53595.10497027531,51690.45487460062,52195.27001662014,10380130486.063313
2022-07-06,52249.25166861788,53824.93886521269,51079.767829842865,52379.58818154515,11055340883.187662
2022-07-07,51580.948041215765,51550.27796999206,50393.158355430496,51404.00910618108,3550078897.55917
2022-07-08,51590.74698699909,52441.28281065073,50146.28920039699,51598.99221054525,4203664033.588458
2022-07-09,53390.66089365375,54569.05792551977,52214.00339885863,53383.13630434391,9505497418.809753
2022-07-10,51206.77026376657,52470.06044418572,50948.60072401348,51305.03568028746,11812017276.24513
2022-07-11,51427.42736624931,52325.263444611846,51212.619560575295,51389.89105892416,7751692821.516875
2022-07-12,49889.09850931406,50226.51492776097,48809.29242949054,49976.45175147406,15290987391.391167
2022-07-13,51677.6721580176,53158.856407285195,51081.341555442086,51916.86905291248,14271812973.632593
2022-07-14,48881.64459643923,50051.77011860184,48214.83213694191,48993.350117996786,10342437518.284964
2022-07-15,47651.56423345719,48011.69514985563,47706.32260631346,47887.94918632368,5264484849.501301
2022-07-16,48607.93335600687,49049.6471323438,48032.27324272422,48376.52194745958,20269405856.656208
2022-07-17,51119.085624230545,51147.67372843771,50138.833982919976,50882.10364620077,9962872694.400642
2022-07-18,50559.30004638021,51124.77976603289,50112.43654893557,50612.36442930835,24539516702.23798
2022-07-19,49590.01982202557,49503.86667040572,49250.45615746161,49477.028708861275,15978710467.957962
2022-07-20,52505.10510654876,53217.744477642744,51023.65262758382,52586.18980430532,20732269694.961533
2022-07-21,49848.47921695126,50584.24887684373,48871.91200345319,49763.33755166277,29546916723.101612
2022-07-22,45924.18939358642,46635.36582580882,45656.945893484975,45784.350232961566,30704934316.61905
2022-07-23,46559.18022967973,47274.72444285522,45990.98824568937,46352.09933137088,17928430039.94062
2022-07-24,45353.246500160596,46537.54103530762,44775.91853504909,45398.54867868433,13827482965.502094
2022-07-25,43763.29625445737,43921.74784003613,43023.881289327284,43639.66596102103,32220237056.035107
2022-07-26,44486.30821811174,44751.8533191771,43718.181027787796,44590.68231908974,22361852506.494377
2022-07-27,45057.25595274253,45982.82515602995,44192.445246667834,44837.40367832534,15052303070.272106
2022-07-28,43609.88097387054,44023.550018253816,43364.66848563463,43817.67772274727,40835854513.05656
2022-07-29,41765.920936259805,42942.81532674134,40994.70151053956,41722.72589609984,16445435917.904501
2022-07-30,42939.98591859672,43955.23208535955,42503.96176108514,42871.6031471472,10489057482.437565
2022-07-31,43800.830099038045,44375.54818570214,43536.61711574182,43718.61917805955,10639021281.665636
2022-08-01,43270.821859427335,44714.57127548507,42334.20331314668,43435.70920681746,35499952255.24554
2022-08-02,46314.96979411644,46247.46091193611,45354.03136641782,46112.75164417772,38316549033.84767
2022-08-03,44106.28606864012,44649.64977276123,43461.54769385171,44247.35403187163,24326195074.380547
2022-08-04,41803.34825742464,42551.5123525319,41360.626152051336,41752.09613849067,25471220445.61252
2022-08-05,40503.10126294855,41042.212043697655,39701.72281686125,40615.73842123142,27120726561.60448
2022-08-06,40351.14772079166,41555.08604412458,39992.75853944062,40429.0883659091,44016431777.29658
2022-08-07,40671.01721145901,40732.16603395937,40502.72112312116,40652.130824296626,14983907710.561277
2022-08-08,40153.66040999239,40849.31321369874,39485.43256250663,40186.93783940078,58867195877.79838
2022-08-09,40423.740227644696,41280.55170920196,40453.27776219513,40561.55801763367,24198146096.256214
2022-08-10,38535.89347706364,39420.21489780065,38655.19039437923,38663.1197297828,65588045750.95519
2022-08-11,40467.69384859641,40811.48685120894,39414.725057741496,40500.845901805194,22654197158.486855
2022-08-12,40366.48120325652,40703.246593480566,39336.50674502018,40262.89163651426,56172807367.89997
2022-08-13,41882.61490666666,42772.46203104305,41654.49795816378,41716.59759636538,26613194122.615913
2022-08-14,41916.80616172935,42338.019621468826,42039.23259243762,42091.85454120825,18998968415.320057
2022-08-15,42592.89576649389,43696.16614146507,41484.3030663385,42638.47462974937,65938573206.84449
2022-08-16,43187.51255677817,44092.76598914963,42079.53442339823,43360.84947616659,66286828799.875534
2022-08-17,43697.9574309994,44914.257451345184,42805.13420423978,43910.22274954166,39823823431.60856
2022-08-18,44838.66098055409,45724.63167164431,44760.91078167314,44766.26556561248,59102911465.9553
2022-08-19,46762.36735223159,47005.32252492018,45565.33115002751,46714.508598854634,50971787490.355934
2022-08-20,46737.64924484537,47695.92449873881,46195.82769018526,46895.67871857374,70843993815.7677
2022-08-21,47791.16064980548,49166.11944810038,47700.8052883597,47918.714117332645,36885841390.80946
2022-08-22,47397.62570963433,48241.83634529629,46224.872057059016,47624.4573071572,51292402733.13044
2022-08-23,50049.13050399147,51328.51789566142,49290.18493060343,49882.05196479237,49481151307.85799
2022-08-24,48781.98100986999,49210.18334997556,47498.46633220788,48551.511550301286,41214627030.90824
2022-08-25,51278.5851986418,51686.659349098845,51253.64736065324,51466.20032369597,78960119187.67216
2022-08-26,51101.87386051068,51838.09725730613,50138.01251243816,51239.46452308911,29140876811.230743
2022-08-27,48698.572517638575,49905.113785102316,48063.864186251885,48519.82087652745,28338392503.38833
2022-08-28,48799.0339960518,49057.88194738757,48116.89982067441,48591.8075281716,59339952154.95687
2022-08-29,47249.75210946703,48519.271003227484,46183.34376659949,47287.75851860043,65842184030.721985
2022-08-30,48319.10510176612,49820.424221714435,47131.77554229769,48537.220463112564,32595206228.552753
2022-08-31,47065.1403788756,47779.664754362624,46444.95709191872,47282.92941302124,47432260081.867065
2022-09-01,46437.00526005503,46518.59191278345,45413.190026621356,46402.69053255379,89397259308.18216
2022-09-02,43148.426752327156,44133.602014841425,42947.15596959614,43194.69037842089,37422514976.98076
2022-09-03,42181.53996388925,42777.37212364315,42127.47843191399,42381.303207719786,69757488889.99608
2022-09-04,38690.89283396105,39566.71300851454,38028.98595107089,38658.708534269135,75768846564.68192
2022-09-05,36221.74104815639,36882.99920833945,35969.94086837183,36399.62509267541,53788024356.499504
2022-09-06,37366.25695947008,37801.60380405433,36816.83547997575,37259.18451134937,92066754900.40459
2022-09-07,38098.257769797805,39062.980671847916,37974.214181851785,38172.14651632299,76928352431.3063
2022-09-08,38448.47188710023,39069.127648306865,37959.755469476375,38626.05207024668,55477949136.67736
2022-09-09,37235.777029092445,37697.47620239117,36394.24273101931,37202.907434104105,64500304670.706635
2022-09-10,36991.28705511603,37447.07433703132,36212.71918123953,37029.1736709881,74499837489.84868
2022-09-11,37088.31310657678,37320.21099404131,36399.79534674587,36913.41718337769,66789652314.37993
2022-09-12,35321.709792211666,35863.178717552815,34722.65202478257,35306.10496603453,89765719485.23546
2022-09-13,36974.6647233172,37957.13012851394,36435.51708656291,37057.95648981465,48376355339.60633
2022-09-14,38164.51075665366,38498.08212948936,37046.33237478044,38084.74649599372,43908198812.95182
2022-09-15,37589.86192828576,38268.508407312045,37357.898317585656,37675.95449743076,37080674524.58923
2022-09-16,37750.36879987762,38354.927694735845,36711.513071038855,37598.379871568875,23020322303.046642
2022-09-17,37712.499951714126,38065.02411702532,36850.11846853787,37759.804690971236,23440084101.62884
2022-09-18,34965.610588007774,35239.14996015336,34332.49155107915,34948.182431712674,89555757055.05933
2022-09-19,34385.757358728704,35508.2243885236,33740.794768232045,34540.99387541123,74152847468.46347
2022-09-20,33588.06362136392,34342.49919306306,33193.26454449775,33612.89641312234,72609169242.52104
2022-09-21,32441.165917996685,32893.57791997124,31724.0130026328,32333.700486556183,68800387289.20587
2022-09-22,32016.1427119123,32538.813149233196,31390.885218160078,31918.583941406494,87227600978.21548
2022-09-23,33737.84837639231,33860.85146476291,33361.37215037271,33831.11448034764,57759513500.5057
2022-09-24,34393.965079402056,35127.95826340231,33664.37169628864,34488.43612402692,88276964694.5986
2022-09-25,33802.42098414159,34210.548100517786,32842.08214109413,33695.50336199698,47806597870.27777
2022-09-26,34417.1843244086,34830.768267769956,34146.75100524404,34269.68812810827,91845726814.51761
2022-09-27,35700.27649213456,36231.83053729824,35236.370003698554,35845.32066745007,73635877116.91881
2022-09-28,36879.39011366095,36988.00365567076,36247.04350673571,36897.81738568539,39127407088.393845
2022-09-29,36804.21093186213,37077.950491892334,35797.592371250925,36864.132001026774,62385268421.58753
2022-09-30,36051.97987501102,36943.32212284965,35377.86974898781,35918.83290808569,59570342134.945015
2022-10-01,36536.054301068136,37138.69579807852,36198.14417509719,36688.854238059015,29278926905.933186
2022-10-02,36976.9399070515,37603.26142432218,36593.266923840274,37084.06615361391,62963330032.3409
2022-10-03,38231.001217359044,38195.0253131119,37799.55455868169,38134.72311586521,41891082400.13586
2022-10-04,38693.68895238778,38911.89630461732,37909.001111126796,38868.092474102756,22210461138.36338
2022-10-05,40176.28288608043,41043.75718721098,39277.92798702346,40179.28211652216,87155068570.37274
2022-10-06,39283.30099880917,39940.56781758021,39082.87326994976,39306.056440433,64120641587.82898
2022-10-07,40932.59673042367,41626.208948863,40935.51214081579,41000.4930635457,80128806743.54175
2022-10-08,41117.6552846536,41461.26825881316,40094.072954368494,41161.050427109316,65054384530.1268
2022-10-09,44040.44640715817,45010.944506681204,43363.75090944816,44027.26438579173,42100269818.24491
2022-10-10,42688.128578552016,43049.358901414715,41823.39589398554,42833.17569288698,52196939598.197426
2022-10-11,45339.78494785921,45565.32780286626,44029.6030360434,45307.16565601976,62473877416.490326
2022-10-12,45624.00748527903,46113.74725952135,44564.69527594839,45485.081341852616,80483030385.83792
2022-10-13,44426.86449347053,44692.14848366992,43173.24635912136,44311.583066958796,32984193838.26573
2022-10-14,43277.88216403149,43750.59322111987,43050.27473790109,43428.18716118612,72500503097.1842
2022-10-15,42660.81926386263,43639.676657236894,42212.12885401063,42810.978999712985,74410085037.55727
2022-10-16,43217.68716098727,44164.07560555437,42205.485474812725,43318.10964254705,57326026572.00028
2022-10-17,43919.74338074061,45068.73258437768,42673.61215752442,43980.84388847019,72250173906.03116
2022-10-18,42926.45521506937,43504.203327862226,42718.50748907956,42965.78799588347,38885888965.141914
2022-10-19,42877.17702026108,42894.107973611106,41742.49317347618,42800.26613322241,70803657839.63469
2022-10-20,45677.6068077618,46257.68896035925,45338.99098513507,45881.006286549295,54945990263.87939
2022-10-21,48291.747703444096,49943.93576645011,47552.38594459465,48517.51293435831,16487567532.705091
2022-10-22,49059.80142722663,49991.406676285376,48502.14779909106,49112.887270599414,63904580862.66488
2022-10-23,49127.545810559,50074.845630491975,48024.25168908569,49030.8747276584,39660102960.63213
2022-10-24,48939.2736651451,49100.601360440625,47745.10784991727,49089.765536505554,37463700896.737
2022-10-25,50067.35454961478,50773.862961901534,48831.11121626711,49996.60711007794,42024158222.23474
2022-10-26,47941.43272172791,48110.95703139088,46886.27128424785,48056.85175744103,20044029393.791275
2022-10-27,47663.089310018615,48290.58418571892,46665.0510894434,47479.77648850081,35161830794.936806
2022-10-28,44740.8344323624,45795.50789670073,44107.64485695309,44564.497198236,51448509322.98683
2022-10-29,44962.16572801398,46362.41491865042,44058.4516491157,45053.494927149775,12285132780.49657
2022-10-30,45814.84196204984,46683.85133840725,44577.34779189268,45938.87980688775,23507571528.32853
2022-10-31,44984.23195152756,45643.075283554004,44374.38327123543,45024.16659891108,11014367294.813427
2022-11-01,47246.5458051317,48712.402907678224,46809.2058391852,47369.45457803413,28159254938.35204
2022-11-02,45273.020502976426,46108.42757549021,45144.769268077296,45195.11143290841,40078984078.409454
2022-11-03,42882.50586267299,42826.35555359232,42216.71643859627,42743.135592437466,41567133861.37754
2022-11-04,43025.03255528244,43550.785317177535,42269.28321677517,42950.68829367389,45777296034.32479
2022-11-05,44539.91031614251,44715.88887786464,43827.73526109802,44395.91197708441,31739206145.705658
2022-11-06,46831.01757550716,47540.029965504924,46777.9078808764,46879.30693595401,17986296502.072933
2022-11-07,45827.69765383553,46614.090528007866,45748.97809399396,45985.74284789722,40296794202.04263
2022-11-08,47697.14989586801,48414.9455119689,46617.463654326704,47583.92349909297,33839119674.409996
2022-11-09,47310.93523913991,47884.12016167859,46292.93940978733,47377.03828625809,26130226785.223415
2022-11-10,47029.066567095266,47180.02552510917,45910.1063612156,46948.657214450075,28743241297.33241
2022-11-11,48149.157029691974,48989.12654383987,47542.347007296354,48259.843905278874,34180572519.81625
2022-11-12,49010.7935943599,50442.69973845137,48838.98661146347,49216.89938364563,26783555174.22551
2022-11-13,46582.099216776835,47277.153071989276,45662.939125957935,46353.76898921352,16428359025.264849
2022-11-14,48443.09883835601,49103.66413438301,47250.781372173435,48610.22004185151,24382719423.94267
2022-11-15,51060.59695501088,52238.50405449297,50391.05244244023,50812.41843582971,6991903205.214899
2022-11-16,49783.93887732503,50903.38581096748,49259.04818771322,49547.45879937896,14556537906.282808
2022-11-17,50232.362892532365,50399.76121282764,49017.63417695629,50085.20349727818,14227447570.577148
2022-11-18,50881.962388739776,50861.04752273956,50289.091783979704,50800.97397126827,8546300349.173835
2022-11-19,51151.82667566361,52248.752299587846,50232.81585263998,51112.057891095916,5284070563.620782
2022-11-20,50157.22527660966,51215.04523413323,49808.0333332465,49974.26870658358,6984932648.506469
2022-11-21,48547.17301613328,50062.196873540764,48423.7183810126,48649.60986740034,15481023461.061502
2022-11-22,48444.487459702126,49753.79732477816,47770.22010743422,48460.14919234911,16870990952.211866
2022-11-23,50363.898297847176,51210.11671489677,49838.28688292204,50303.84055801478,18546667893.223797
2022-11-24,51064.61962215881,51922.73959255795,50931.15023993757,51110.010178981815,8320773384.283749
2022-11-25,50257.23681845373,50335.713458338694,49532.838746778354,50293.70656845596,11003951243.303316
2022-11-26,51413.8255611803,51882.32436643498,50440.17807813483,51501.23104669171,14231613294.949455
2022-11-27,46241.789421314534,46849.299522064444,45870.59834532953,46212.106545752,4609160812.749084
2022-11-28,48099.54679798555,48835.26537951995,46810.00903941244,47931.511129074286,9819796082.107119
2022-11-29,44735.24600076616,45619.27051284385,44046.08477895796,44869.16773347533,9323585218.722519
2022-11-30,44357.244393986635,45149.33932986124,43987.46920208798,44165.37541150955,2861221712.15651
2022-12-01,42382.09490342934,42657.14876015374,41952.38137395868,42302.10684211551,8489111145.140884
2022-12-02,40388.473521595544,40940.65056826526,39538.28194446236,40258.329127653284,7307423262.3347845
2022-12-03,41796.67993510189,41883.666806697365,40789.128060523435,41773.207280597155,1741476180.0256395
2022-12-04,41078.58082925073,41472.44220619957,40172.6145268358,40964.079385782854,1860173319.1677232
2022-12-05,41137.99158060609,42268.28869426595,40450.17383645216,41337.98458577997,1436082213.1631024
2022-12-06,41277.08563498657,42002.00646059231,40129.06356144586,41146.0845561964,2448455047.2348003
2022-12-07,41517.832558321796,42949.21950777514,41388.47423460983,41709.638980006624,2743564062.731156
2022-12-08,41859.238375238376,42044.271463360965,40761.07195650036,41696.657530032564,2409523965.551671
2022-12-09,39894.495727153575,40292.52185571676,39049.11721147357,39699.19049894347,1339417093.184084
2022-12-10,40880.018464223285,41369.34769379816,40209.640883555345,40964.377446301936,2481782122.27021
2022-12-11,40017.29975380607,40664.048362809095,40111.98027000923,40133.55922759046,1068177016.7774689
2022-12-12,37927.045653530964,38799.13456584988,37135.67899889858,37826.66753612171,402364612.81078875
2022-12-13,37054.64978585536,37908.86853543546,36121.13165951132,37146.39158837727,571156917.4172262
2022-12-14,39128.64440437529,40018.21469256257,37921.60076268138,38986.1257938169,592045894.1573713
2022-12-15,39870.327870140616,40273.69948950767,39537.851878499234,40029.307229109065,343242940.63722104
2022-12-16,39273.29742625452,40453.605162487394,38946.94702600272,39420.74868827135,172263444.8896972
2022-12-17,39006.61597501382,38890.20666734549,38143.682581337525,38820.60643557826,68751320.93890965
2022-12-18,38333.65540649455,39287.256630729295,37614.88086852902,38267.132245399625,81243182.57707345
2022-12-19,41075.816689803745,41337.92991934663,39772.03781761665,40933.82248911857,19981064.023788095
2022-12-20,41285.55952017532,41748.53722938164,40758.3705689183,41358.21375178938,291839.2802208443
2022-12-21,41930.51068196986,42499.66973734487,41234.7422611845,41856.64051336851,18577623.072965473
2022-12-22,43281.168297319986,44460.69283787012,42137.202455585895,43240.41773750829,89172888.89321025
2022-12-23,43516.92499519678,43534.39815309733,42303.34441806572,43472.08348885808,213417569.2163925
2022-12-24,43025.92185613522,43401.352172802704,41818.316807967356,42947.528675732734,245390476.58413446
2022-12-25,42555.58555086546,43616.27436350206,41376.716318652165,42523.54016261369,679173217.9652205
2022-12-26,42259.404575058456,42791.8709062817,41794.247445950146,42289.403676062284,678544962.1145502
2022-12-27,42013.08852760651,42359.02137247359,41092.41995130531,42107.441748541925,792040595.6851089
2022-12-28,43169.104660726596,43602.136995073524,42086.615166393865,43053.47107510873,1315590212.2560062
2022-12-29,42884.876501218714,43499.979079237615,41936.430376976044,43002.586436106045,2220779946.0032043
2022-12-30,44060.85856123415,45183.96597032349,43920.64093649303,43976.268315443376,2368908652.871323
2022-12-31,43902.07132792497,45025.65489023656,43827.46696190028,44019.45677078071,792119964.6375129
2023-01-01,44293.495725994195,44908.41194826,43216.80981581611,44238.05210011258,1884462557.3150063
2023-01-02,42265.02391319084,43410.97000987398,41310.34223542797,42160.85360669262,2725020936.0298185
2023-01-03,43131.499945225034,43856.90686744059,42227.926031288545,43253.165091235,2465719179.241019
2023-01-04,43565.034449848055,43834.04308613101,43090.56412404602,43757.59266776437,4744634097.749218
2023-01-05,44814.63811288768,45334.54635699271,43657.672411377665,44980.62844240639,6089304920.196143
2023-01-06,41903.05458904265,42406.285766317065,41446.002555391766,41858.68565171232,6241716735.1803875
2023-01-07,44324.026565600136,44377.58736381355,43537.81869775955,44169.677215927564,8799664715.750101
2023-01-08,43947.17051660689,45403.0399772236,44013.7987308765,44148.04552711771,4116016845.202157
2023-01-09,45610.13953412075,46550.42368789798,44362.89826138895,45503.5922998415,9775055612.283344
2023-01-10,44386.571538547825,44814.934954590295,44195.8545500784,44457.1166932883,9694513507.804491
2023-01-11,45261.82153042271,46073.94103726931,44988.99469790384,45271.54206846738,6376959506.526408
2023-01-12,44404.73375473954,45172.081700673116,43057.359549133165,44215.11302007792,11150641912.6773
2023-01-13,43584.89966780334,44891.09593107853,42870.522285156854,43658.25798174862,4346659217.482709
2023-01-14,45862.41179099595,47091.75293942784,44736.15467497886,45878.314621500656,13773674578.375645
2023-01-15,45574.52483055438,46505.076422304366,44773.29245351845,45797.24488599006,11154841077.205679
2023-01-16,45990.34958470551,47256.869274364755,45162.8043568941,46183.58228412993,8293318055.568638
2023-01-17,47212.45350335893,48124.83790037044,46696.6480800762,47326.704146808086,14814213687.415638
2023-01-18,47828.26765438431,48851.96721048497,47206.616772835274,48055.15901082378,15553090312.198662
2023-01-19,48443.59402617432,48546.57119540621,48304.17393546354,48380.03459797897,8526719393.155412
2023-01-20,48930.55513113279,49151.891299682575,47683.234957581735,48966.59534992863,5522241536.370312
2023-01-21,52080.73440534257,52882.62894331047,52014.58788842639,52055.67209648028,14256377033.053345
2023-01-22,51967.22575940095,52557.38234004186,50933.492044853796,52136.85448264537,18058156645.84516
2023-01-23,52448.1331383311,52588.549912718634,52197.2809294983,52555.38183947274,26178154650.633583
2023-01-24,54182.10492936362,55266.51334189521,53020.763916667165,54093.48655907868,28814463256.084652
2023-01-25,56010.2208648437,55805.14544682662,54317.59361317501,55750.8108236353,20009798524.168682
2023-01-26,57313.674454685555,58600.65827730253,57327.06051374364,57572.51080628667,27048275955.467636
2023-01-27,58893.5781516251,59613.50791919599,57448.19974786199,58664.560903957456,19447406926.069515
2023-01-28,57208.15608324669,58825.65327535895,56579.16973940072,57164.20755375933,29378027870.161495
2023-01-29,59708.18648951894,60536.83625880009,58893.935901708544,59670.04565485348,14001381018.88232
2023-01-30,58139.15568094365,58249.92544872579,57217.64704467758,58138.99374337664,19928755030.514206
2023-01-31,58500.28864551165,59725.68815169529,57864.615912414134,58753.28376010818,29532500087.3291
2023-02-01,57584.499108760196,59280.64581028521,57357.165754789276,57821.6390351489,9309819259.877584
2023-02-02,57960.81980654076,59633.988005405474,56317.78550722852,57902.389344129064,35049463868.00034
2023-02-03,58458.87780240078,59307.923341047885,57969.139165403656,58551.99973923911,40567283007.49785
2023-02-04,59445.07302219345,59766.89033852336,59013.02678907001,59198.058428337994,25123353615.824368
2023-02-05,59944.02909266463,61632.05281029258,58304.09147933412,60000.07484015673,27942491979.399166
2023-02-06,62377.33687988304,62959.80140639387,60986.77533056983,62600.64498752528,45558495004.02985
2023-02-07,63634.578087839145,64670.594921340526,62958.43425766391,63498.2354174564,43795594571.47385
2023-02-08,63170.33259142873,64071.60783021713,62232.520803349216,63301.14223604828,23694013732.67256
2023-02-09,65033.30110075106,65096.87238157896,63853.36138931068,65016.741136950695,26031397024.029408
2023-02-10,67278.01390949103,67844.74113243828,65406.722844814845,67145.17873207293,43351561437.78209
2023-02-11,65547.23170413614,65805.38622242073,64319.88652925884,65285.91561426258,39018536004.640465
2023-02-12,66650.9995971767,67824.68168614095,64715.40802988534,66456.81862480969,20316088087.25603
2023-02-13,67940.74189702392,69751.57318723395,66756.24603388718,67821.13182469452,28318433922.19012
2023-02-14,67641.35632716776,68063.024809088,67041.24654867823,67520.0678804787,59632087447.46969
2023-02-15,70357.17064952367,71749.993174582,68486.18125508178,70044.82351958108,49837095904.9105
2023-02-16,69849.28537149818,70108.43521136539,68901.9651274104,69992.19256234431,67204108581.28738
2023-02-17,70070.57706363483,71558.76859681314,70405.03590388643,70421.90342284826,56555506837.65898
2023-02-18,70168.08708613669,70477.31828757976,69667.34608098771,70328.46795074345,67737726455.534096
2023-02-19,70367.76946651544,72544.1974469138,70230.99605623749,70566.84461830909,27052081786.97548
2023-02-20,68955.9425660306,70427.3010821429,67635.99209380624,68844.5283092676,60480271793.97561
2023-02-21,66661.58655044742,67886.61382162862,66108.94844295259,66572.57130035668,16312179506.159292
2023-02-22,69490.93310759225,71142.04262116614,67427.63691938779,69426.04656451584,56629387274.77948
2023-02-23,67834.54600636056,69488.4271698845,66370.71102052579,68164.29525404205,45037867846.86017
2023-02-24,66831.89683691617,68617.60657137139,65085.18709453759,66679.34911928073,38014823910.5498
2023-02-25,63178.033777874996,64645.30686463199,62154.21201421579,63289.72088726383,72042311584.26958
2023-02-26,62571.7054442673,64201.461072396145,62179.51425096077,62468.59728320295,72656252797.95755
2023-02-27,60623.9946962138,61529.70019113844,59401.427397991145,60589.71398820532,18189856599.566685
2023-02-28,63159.22745923096,63480.87417918994,62603.267280384076,63258.713853093934,58253053913.10861
2023-03-01,64807.791619140386,66076.15050610938,64478.24948705073,65045.48325212046,42456802559.15977
2023-03-02,63861.52784471765,64365.65154303659,63325.55350919214,64121.59290807186,46350608412.27853
2023-03-03,68149.88482062073,69132.05027080189,66614.9275481073,67924.7019808424,76294689882.87126
2023-03-04,70087.65248718813,70805.90649338353,68910.0344446263,69795.62928975942,39947449480.40364
2023-03-05,69542.231061807,70735.13674718185,68068.06369502246,69438.22090700251,86096918174.07834
2023-03-06,65048.6904426103,65327.36276581642,63512.776037461656,65307.67841558313,31337508338.107754
2023-03-07,69176.16469200506,69648.75104999398,69229.05652970527,69244.004970813,67247581915.970345
2023-03-08,67199.74305950737,68034.50377422551,65290.67366785716,67046.24791582835,68584870899.87107
2023-03-09,64669.89627673813,66328.36466254915,62694.729316987505,64489.44135185422,37685204904.9589
2023-03-10,66078.29312694029,67094.89586318107,66089.81731923297,66331.53457349043,43488157058.35759
2023-03-11,70223.48217372205,71474.86096449058,69098.12352786268,70576.34220450715,82713943942.80116
2023-03-12,73385.84304143957,74800.62046518947,72462.22627408965,73230.49403471056,77698300495.89134
2023-03-13,74375.75825079992,75831.73017617327,72983.24778987066,74482.56910311751,44760881325.24711
2023-03-14,75627.35132904333,76493.36661340068,74429.40837148896,75813.48759423847,60957054987.381035
2023-03-15,77280.16208607858,78615.5390952623,75939.34367684099,77658.4383039792,24365588983.46543
2023-03-16,79396.82740681512,79883.17516181365,77800.66754875873,79364.84384556818,36035321893.25003
2023-03-17,80442.34164957325,82483.96943198943,78743.69339979907,80160.85621345595,58045835998.233894
2023-03-18,80979.05762726036,80926.07377693824,79934.04086255006,80610.16002487556,26601290876.741962
2023-03-19,80778.92262339461,81626.35466230512,79542.89978410807,80725.84945353922,86836842022.03589
2023-03-20,79457.90521117102,79508.00061678472,79311.90996716128,79446.41620454607,77079939461.41258
2023-03-21,78798.95609271967,79653.75403220854,76852.88749863824,79127.28972878469,95236465344.52408
2023-03-22,76052.84548910121,77795.53615798357,74882.45629252194,76015.69448959208,75385172700.09738
2023-03-23,75965.57355627621,76515.88037782766,75108.1810152967,76056.8576973946,95200264888.4128
2023-03-24,74485.01426863426,74584.01418593488,74227.16692592812,74405.29994154962,64360835389.6373
2023-03-25,72494.93586268369,73608.7065440163,70505.45410103882,72575.69348738102,68002092277.622536
2023-03-26,72929.92632596954,73141.68759642207,72184.25014085602,73119.81913720035,98059001468.57922
2023-03-27,75576.39693201032,76076.72369644925,75550.53917179213,75883.75248001413,71203416085.48085
2023-03-28,77709.44395188348,79739.83239130238,76082.97826977241,77853.53648815832,22368019482.517967
2023-03-29,74727.73256731936,76766.88939517594,74751.91651517118,75030.3714464015,77385216513.4262
2023-03-30,73162.00347488398,75414.27097065798,71239.11674832234,73399.15839372364,91545723817.15897
2023-03-31,75712.83780712844,77277.17186438956,74740.8997990466,75345.65120488979,82544188342.8397
2023-04-01,73679.82691082444,75231.96662171163,73573.10547124872,73721.03434683598,65556097576.78781
2023-04-02,73551.62747962454,73643.6309582734,72772.0236534589,73528.19274571727,72093451804.82887
2023-04-03,75039.2025280842,76515.6559399258,73501.74245413236,74759.88574288602,96537153070.17328
2023-04-04,73536.96161439749,75030.42305308003,71077.62656108897,73174.33237998061,26362949756.689938
2023-04-05,73647.49170651265,75350.67767949944,73410.26828921116,73586.6249349064,70529466423.8542
2023-04-06,71576.18411137219,72441.67252065799,70219.34179826955,71353.2239660074,40728700347.59784
2023-04-07,70372.54849471492,70987.09491206896,68441.03263379203,70494.5456332864,67451999073.276535
2023-04-08,71131.15581683912,73076.99123454874,70606.4114663497,71269.60132391404,64463516492.50799
2023-04-09,68578.32028319316,70142.59453960965,67578.02926760375,68645.1094203784,30061740331.08739
2023-04-10,69727.03271708978,71654.98965070213,67778.40596329169,69606.95566324465,33715772111.3491
2023-04-11,69908.73962717807,70107.53771826596,68136.72215705719,69781.60334525406,63704322593.44406
2023-04-12,70823.69255722541,71435.14851301107,68963.42303455471,70954.7890265742,27353187407.82356
2023-04-13,71302.35513732585,72019.56696865504,70650.87935483098,71564.84789721957,36843419445.15526
2023-04-14,74318.41970721286,75984.82773235564,73378.56408138387,74220.15500044936,76701960312.15239
2023-04-15,74397.62172104658,75093.89003954596,73567.90667830901,74675.17001536026,40283599276.97227
2023-04-16,74155.70825403747,74245.72712734134,73690.9787305328,74097.54723067969,50851520944.296455
2023-04-17,74690.57770857104,76779.56155233474,74235.5497854148,74546.38849754995,80951248266.90361
2023-04-18,75934.57881979109,75838.97165885316,74908.68140669767,75782.5503116051,31965324311.445736
2023-04-19,76295.36500903543,78009.39047373246,73848.5164736331,76102.46648098207,42211170104.0625
2023-04-20,76692.89651047636,77245.51058753635,75709.3952830172,76408.00207590626,55640493837.760864
2023-04-21,75296.25064612814,77197.3969614313,73981.60667936123,75296.28152365379,64251627874.73611
2023-04-22,74445.33703763633,75510.14282764886,73306.28332686127,74274.32101546963,72356574759.78667
2023-04-23,71978.38162634875,73837.32636646293,71135.84877909381,71892.70512312504,71934255858.90555
2023-04-24,75017.1157390847,77343.89039434506,73786.03043529628,75252.92836069979,62203716251.755394
2023-04-25,72791.67452138205,73158.54121353615,72956.67944789673,73138.57837219669,28429713045.460274
2023-04-26,71935.71522023762,72254.13784892867,70218.06196277543,72091.04157947582,16010200134.32249
2023-04-27,70972.0932871076,71545.90483066719,70312.74301105244,71012.54650288557,36165086249.5217
2023-04-28,72899.62555457602,74276.42873813848,70639.44814743879,72814.35561575255,21867173127.656647
2023-04-29,72749.59052523799,74427.76676808289,72332.00987090518,72495.8844135021,52451650238.17498
2023-04-30,74747.03709962474,76009.29753951386,72978.58207420376,74974.77619370307,48623437787.04488
2023-05-01,73660.47181309477,75283.66945522079,71929.674992646,73937.33030175314,15316558163.649567
2023-05-02,75020.947310286,75097.13029597267,73180.61784462383,74674.84438077346,55225946048.48072
2023-05-03,73051.9259294907,75110.45677703817,71961.11575968395,73339.38363376303,24705484533.926476
2023-05-04,77475.83184807636,79741.31985557386,75665.92411425408,77492.49965549944,32907580445.142925
2023-05-05,75488.763684335,76031.99391644384,74485.4715505864,75424.22790252804,43075347042.88853
2023-05-06,76266.24194843526,77366.38752603332,74960.62197963876,76234.70028266279,30988037685.014908
2023-05-07,77349.76494592341,77871.96165302633,75420.79404517966,77671.29914760926,30614785751.73234
2023-05-08,78359.16641909892,80028.07371634769,77101.35977353409,78707.82088218123,13559002546.655783
2023-05-09,78269.34607148098,79764.60659980496,78132.47286874357,78579.35464816215,27118116370.35802
2023-05-10,78627.2997795316,78900.47021667144,77828.7500417975,78560.06204198099,40893137402.33064
2023-05-11,78916.76806729219,79927.91722654038,78230.7076567886,78881.78802702767,45397169169.59132
2023-05-12,78618.65062955681,79618.64831944632,78114.62881926082,78828.53887280857,24967111626.779324
2023-05-13,81076.10226964252,82232.04817336063,79290.95118853456,80964.55405010088,24451261631.580273
2023-05-14,85956.03752866198,87187.19543118127,83367.52552112959,85681.79793828455,33317967730.22449
2023-05-15,84356.18346853921,84766.26952060465,82895.03499912513,84744.67087021704,40142852920.57697
2023-05-16,82095.28205946184,83971.10239105533,81682.5205718725,82096.81731629091,16722996548.580801
2023-05-17,82317.45694990443,83919.39449659869,82113.77918824732,82161.91588834474,21420856648.589104
2023-05-18,87490.00778359966,88671.02730578794,86375.44961162901,87707.24817642807,31111441978.420593
2023-05-19,86042.45062077942,86345.07310179432,83647.01026201616,86208.16780130724,24467900274.138184
2023-05-20,90101.69717777068,92037.72852579562,87677.55957996569,89999.42371995279,9804769063.92741
2023-05-21,94418.45981348344,96739.0858733717,92131.59245201669,94044.22465214702,22764356270.61276
2023-05-22,93313.1195140282,93695.01462054535,91848.75232886625,93024.81290190411,10785562467.396307
2023-05-23,94705.78968988097,95545.55208393608,92001.48905056246,94627.12595274881,17843874616.58244
2023-05-24,98990.64413542983,99307.88849856597,98595.44308813359,98763.26963955244,17348550161.85642
2023-05-25,97990.82119352957,99821.79116009727,96254.45642271548,98123.46206569656,23742900010.043022
2023-05-26,98056.46344341655,98373.287006493,97661.64371841599,97918.43220834802,14191593152.310099
2023-05-27,96755.52317852818,97822.51713792207,96150.96807202985,96788.25542648882,9941040110.227
2023-05-28,94329.81448064515,96601.81504949015,93928.96756508842,94623.20685161703,8493028726.51779
2023-05-29,93559.52374912651,94940.1187308208,92269.52693371281,93371.1583858996,18623129518.992153
2023-05-30,90845.52049465798,91846.9112535447,89777.67730284008,90794.25384848885,6524655241.258608
2023-05-31,91015.14323974139,92293.09809293992,90154.18617999178,91144.00118676343,9771370794.793556
2023-06-01,90031.79110668559,91174.98813582727,88664.27384499172,89662.9721631891,5878136685.375725
2023-06-02,90022.66569196885,90471.92456866165,89244.97067103162,90456.00957220467,12754026461.93865
2023-06-03,87048.21265236152,87414.27753295226,87173.33026942196,87208.8748142626,8338945665.983768
2023-06-04,87801.09907055658,90523.48829399949,87483.59970238422,88191.89375744801,6367306052.365898
2023-06-05,90534.89067230062,90505.1925843558,89690.0182435291,90294.2318793696,5930532941.795117
2023-06-06,86238.48672309433,87889.46573788632,85735.250975227,86064.54386459495,9755756054.674765
2023-06-07,86980.62399641697,89532.38318260864,85077.38082525351,87127.5626977759,6455929742.1923895
2023-06-08,90221.24791458517,90794.39821673979,87587.57906820315,90063.04056371501,7015597005.233353
2023-06-09,87518.46196993874,88583.38952454207,86250.52815440718,87609.63098205817,7457333077.554326
2023-06-10,91770.36006309865,93098.09632937174,90201.42580382037,91535.79611504513,6670277127.841522
2023-06-11,92726.78098038281,95223.1497753201,92293.88394718416,92769.28446863171,2961715120.074897
2023-06-12,91332.3188877992,93995.56469671337,89887.15207701706,91412.50618702236,5394694282.395838
2023-06-13,91957.32956778178,93590.71059100822,90380.52210751476,91559.29392667268,1070014387.1708322
2023-06-14,92880.01087232842,93353.93235880639,91790.91152615962,93111.9722557214,2093090493.8025923
2023-06-15,93213.09275084728,95446.58063747369,90868.42347549785,93568.23346990052,3238357957.9618974
2023-06-16,95189.60761053523,96279.90908653612,94011.30123943213,95109.19933242346,1235382873.7853813
2023-06-17,93642.84706014686,94521.57016523987,92724.59482255626,93205.41372331363,1006938940.3631483
2023-06-18,93764.97947109194,94018.08463687557,91506.85665224951,93879.66360630367,849706525.287324
2023-06-19,90445.4661889645,91364.028171551,89737.7589188803,90843.32656200272,1028652327.8162606
2023-06-20,90717.24044498439,93018.11204177346,89755.47687000284,90863.2529063561,613526095.5642681
2023-06-21,89087.82701782192,90295.7371665813,86848.84708420112,89082.54294931509,618464038.745756
2023-06-22,87415.18549443698,88505.4980454599,85405.24314378719,87711.71863563154,479495201.45930153
2023-06-23,90828.72576146189,91730.0973376357,90631.0803152091,90685.35021132548,229562964.4048328
2023-06-24,93896.60725442664,95826.38845760182,91732.17950104516,93431.55227384085,55508983.12269191
2023-06-25,95088.7524474795,97272.33805203128,92929.69568607515,95134.66493530058,47538252.19255074
2023-06-26,92687.30463321193,93580.45571709571,90514.56561734695,92822.14870831453,1361013.5413331508
2023-06-27,92274.65639119614,92691.96891193268,91445.299633434,92366.37235018604,3812108.771158677
2023-06-28,95077.38470995658,96166.26420882315,94326.41593497626,95444.70731357238,20686999.016072392
2023-06-29,96437.40253137614,98722.88459128307,95041.88485452333,96069.19466910668,127326989.26679964
2023-06-30,101840.988940083,103706.20749459417,99139.07895873941,101927.80528007177,107854184.86014047
2023-07-01,103119.46609211522,104888.06761257077,102906.10790071863,103235.8392995862,186831471.64162147
2023-07-02,104207.3492958746,105902.69088458958,102134.96179918661,104041.20561067476,389716992.7522878
2023-07-03,103489.28399577364,104686.36719591824,101416.30430305275,103549.30798726335,521107075.94597906
2023-07-04,104360.12527916157,106728.81115279945,102524.90824966703,104205.6576181801,1106361495.4107783
2023-07-05,103664.44229055867,105755.6228135637,102215.85990238455,104121.06910186037,1763459665.2427924
2023-07-06,106610.0728060461,106648.8854290596,105841.7007146789,106276.65812059394,2077013713.4916236
2023-07-07,109618.12063335703,109559.94105492986,108905.75809540617,109137.36622108468,1279390168.3123097
2023-07-08,107479.91322580147,109048.73369044234,105077.65041777903,107320.25782981371,1476448998.9223523
2023-07-09,104543.58109769686,106994.59227190466,103645.7039026106,104070.51200811903,4263042543.110542
2023-07-10,99258.16063816247,100526.75836603148,98952.50873860963,99605.3527108704,1051660545.1396002
2023-07-11,101146.28730549575,103808.25699224035,100959.13131284314,101169.13515128268,5285366288.201817
2023-07-12,98782.44132139141,100944.0503040195,96449.05092687611,98681.97642420112,2394225378.0424085
2023-07-13,93743.29493387713,94363.08835676243,92477.98923109849,93666.7348850332,7192659775.857027
2023-07-14,94764.18627008426,94961.0732655171,92793.20728259782,94857.65731800324,3985641817.3226256
2023-07-15,100890.61008028586,101362.99555467897,100520.95274949542,101054.23263792194,5169013379.065312
2023-07-16,100963.87383745139,103556.87028921903,98317.9832444622,101342.05805315879,7926991903.386144
2023-07-17,103658.10440641627,104392.03826542909,102415.67648854702,103770.44374585617,7632824448.756957
2023-07-18,103942.21712779583,105455.68214534213,102226.5274495189,104294.04179829173,5665850475.230609
2023-07-19,104593.6423194593,105919.63933383385,102228.76384313735,104349.08388310323,8740603924.852652
2023-07-20,106748.02598516799,109389.80410134808,105919.26364523775,107059.75086020949,11575846775.604113
2023-07-21,106133.42500786028,106966.13918408609,106129.04149635715,106604.01210324267,3731594420.880573
2023-07-22,107692.81652921512,108948.64661259545,106374.50683795847,107636.45147669327,3593127014.954656
2023-07-23,108928.65486550743,110408.66317580441,108345.66747793749,108825.02108879274,10463032517.233866
2023-07-24,107733.0608993108,109075.34409853692,104965.86302091272,107333.87220938597,6042775366.059322
2023-07-25,110402.79196848311,113026.26151932462,108727.64157376719,110317.86749530042,15453392491.386257
2023-07-26,109996.06340340183,110733.68591833206,108350.32086358925,110166.29141638297,8353984254.61958
2023-07-27,108743.86064333886,111042.78912333911,105200.76335149039,108415.34925370188,13061478268.212673
2023-07-28,110239.12807595331,112485.2896582378,108729.63369551355,110194.74285318132,9077272159.862844
2023-07-29,107595.57752602831,109852.02388675959,106952.9952887253,108050.16587635886,17125380376.81111
2023-07-30,108521.85606515278,110726.36401999283,107122.72895993294,108450.440842196,8286977778.778597
2023-07-31,109194.79271110725,110095.28926122954,107890.67290329865,108751.06818457003,6513414736.006793
2023-08-01,111913.46837622079,112494.76786328778,110588.94874987059,112029.62895715055,7551745841.941507
2023-08-02,113463.65667961384,115966.05437044198,110512.04333728668,113695.2245164259,31699730532.602497
2023-08-03,113558.85339379546,115759.00517011996,110944.3408587902,113965.17404763786,10820574013.21738
2023-08-04,116230.44807817115,118874.23413120987,115225.01179674924,116636.99153524713,27659282117.53106
2023-08-05,120959.26933528547,122267.99085834732,118407.93361572444,121040.64316302708,9583569331.796745
2023-08-06,123209.48197842935,126440.54072791975,119693.06645627193,123091.70804861102,11261086488.054056
2023-08-07,122974.93126246845,125668.92043166031,121379.64187926894,123492.84121423934,24852009262.372124
2023-08-08,120339.92160646807,120120.2306513968,118211.31827440958,119813.26014936446,24350977203.633865
2023-08-09,117280.79267366817,118560.90500518052,114626.58564201364,116982.33141974524,42518016113.43387
2023-08-10,116541.49641297228,119082.74826365149,115464.04469257349,116440.63097594668,43864594385.15552
2023-08-11,115393.40911655294,117755.79039489325,113786.494547392,115015.65323370037,39168608603.93037
2023-08-12,114341.04201458838,116526.8193056095,112524.84891805013,114823.0845296808,33551344350.795002
2023-08-13,115303.45999905416,118425.91349195164,114482.05396081583,115330.17176114637,28697578885.351627
2023-08-14,117355.87475433442,118144.55072181563,115968.17710889691,117203.40118494473,25484085779.57993
2023-08-15,117734.11304570801,118793.93752086545,116072.08735440749,117348.44397430187,51918618659.712555
2023-08-16,119465.4354720269,122339.17927581407,117531.77005467827,119127.7445785734,38122678809.06574
2023-08-17,119410.3479452937,122894.9884559886,116127.72323852434,119677.14510279294,38152677429.07001
2023-08-18,114628.87924016842,116473.4455012823,113086.63146515148,114125.72156542013,22809859950.60842
2023-08-19,111368.10406694582,114668.75305527901,109695.50852424528,111788.0404898288,14431230738.165207
2023-08-20,112139.82496431118,112018.2573804231,111528.3724332891,111720.72297347107,59683309670.119705
2023-08-21,109188.99047156413,111497.34245515637,108083.75877530973,108677.1858612061,28875700296.301342
2023-08-22,110276.00624227253,111697.31758122222,109264.741392668,110633.1815711216,36357743249.952675
2023-08-23,115454.69459733361,115815.18468408972,112614.44310869393,115198.8769852056,19601161610.769268
2023-08-24,118507.16287649117,119909.41502721304,116210.44333608262,119054.47353185975,59779739522.70584
2023-08-25,118664.01841699524,120265.69699752271,116425.95322125789,118776.35373676219,15610259326.550592
2023-08-26,123579.3776955452,124490.3711042795,121619.01187401208,123559.25817185066,62260020935.73304
2023-08-27,124489.48088922654,125585.42101393349,121762.3122204054,124389.1669645209,22880856868.401577
2023-08-28,124253.4041794539,124215.05059753016,121913.78672841852,123714.0883868445,67961320177.18164
2023-08-29,122398.53665362703,123273.74486170623,119128.61364091575,122188.06686865429,59710100410.2672
2023-08-30,121607.90465773118,123718.89443617813,121549.3522427606,121630.67641230146,25737316472.7696
2023-08-31,121189.34777171224,122416.69271497372,117581.92466345998,120815.21321636974,51532417110.198
2023-09-01,122240.64477754779,122958.1716063144,121443.92427216047,121692.3806620644,36145288511.13578
2023-09-02,121960.28486366439,125290.2146399926,122228.25355283348,122545.9735547092,27958219237.79199
2023-09-03,123516.07276345347,126217.92968257851,121172.6208139562,122922.94341300249,73545697702.21498
2023-09-04,124118.63343659247,127464.11577037832,123605.88563750735,124634.4553911093,43979378106.911224
2023-09-05,129122.92066048984,130000.28396425741,126540.52126489821,128718.24750781881,44266456131.25375
2023-09-06,131869.71620821272,135111.5907405296,130693.18666210257,132160.0258560375,29049049003.470715
2023-09-07,127180.87794017637,128232.4120280652,125125.1296840062,127650.40208600769,44364327548.70244
2023-09-08,119811.02385840724,120351.81463482369,117369.74954282769,119883.12679811101,79568196935.04605
2023-09-09,123220.13449090296,124318.81567586483,121486.1297398527,123043.00598823278,44003214115.4981
2023-09-10,119065.59906403236,122096.03913899678,117412.71200150569,119207.51340933956,87189209949.36404
2023-09-11,118365.69207086359,119773.98224290922,117395.55843759864,118895.29283306564,87709700784.43242
2023-09-12,115889.10553504516,115993.64835983407,113296.37165727679,115773.95543953704,29236772813.830597
2023-09-13,111352.00547331572,111343.9374478306,108799.4773627262,110905.71723377297,31927642849.3324
2023-09-14,112608.0545249932,115644.15713788735,109641.2846460391,112739.71719114699,83851512178.44247
2023-09-15,114890.77520125381,117408.29965052973,111941.77626065741,115217.60979463843,48826619488.10919
2023-09-16,113837.2529344124,114767.86743624567,111351.662327595,113902.65886418532,19466596971.854794
2023-09-17,106383.55406706946,108646.47235305651,103898.25002796849,106866.20168315641,40364567576.83423
2023-09-18,106066.26681970539,107400.81257978047,102884.75582442977,105727.42355382451,65718624485.00602
2023-09-19,107429.66297219359,109185.7433199133,106479.26651953394,107080.21652521798,81813820924.26926
2023-09-20,103533.43269357848,104166.04732831396,100459.7664715247,103442.40289964405,30046311879.00213
2023-09-21,104073.80355622273,106929.73144305898,103160.48971540757,104226.90987577903,28383870548.681
2023-09-22,104812.97085960295,105469.56578927858,102219.17327857611,104499.69814865722,92639848135.55609
2023-09-23,106384.73876398991,108540.73150752725,105916.84861470376,106326.5919143131,79397985240.35335
2023-09-24,107312.06441220043,107015.17844330482,105310.8261714009,106963.43601588941,66789487729.419525
2023-09-25,104819.87041930892,105852.57406551442,102501.44169519497,104682.25638901125,81242938887.77045
2023-09-26,108435.31965266624,109268.6865237453,106563.09908056045,108127.79827630393,54206996693.20093
2023-09-27,108130.11666702462,109784.92040345503,106020.75089633663,108023.64532880562,80619618072.12846
2023-09-28,108181.01498669741,108510.2411994297,106858.73216106996,108273.97786749485,49739383635.25554
2023-09-29,106558.33894915022,108586.92223642323,103254.87034288648,106072.583942469,39525745271.907715
2023-09-30,105258.55738322367,105902.71551681864,105205.79999487942,105215.29934930346,78278000666.52435
2023-10-01,103312.03182762185,105299.75738794632,101425.03506319674,103203.57568681595,53487596805.41266
2023-10-02,102778.8851980863,105550.50931642487,101051.69332379261,103066.97011925031,98192842212.89288
2023-10-03,107922.12102110707,109603.57185394612,106849.62059470765,107786.68619900053,47700523505.86715
2023-10-04,104487.99716712434,106733.96955248207,102420.70979389353,104413.22930786773,92978948165.96382
2023-10-05,100197.75685497739,102510.33763640054,100011.78939328494,100514.54008982064,93561918340.10399
2023-10-06,104052.64548566566,105627.65779764965,102801.86089975103,104512.93393163537,38751581210.338005
2023-10-07,104388.37236820853,106809.96900214555,103402.21729416297,104279.54694241777,82222013508.72208
2023-10-08,103119.32307478493,103757.40499209649,100094.21775650168,102848.12053177055,53313622504.915146
2023-10-09,105855.23674019515,107644.02292224507,105341.91258720915,105830.4709591375,90619951826.9828
2023-10-10,104260.00059807759,106883.49061531361,103716.76189801775,104545.64792725179,54009704722.35058
2023-10-11,109814.38015886667,110878.18785903038,107039.19138065833,109631.81908663905,76191133954.78629
2023-10-12,111349.25009114973,112834.42375672,108951.5786750581,111818.77070591942,54540810575.66667
2023-10-13,110725.84306661673,112317.01794190062,108517.84069122218,110790.28567123102,36062186656.969635
2023-10-14,116703.68598192539,119971.33000278236,117013.81385221382,117097.87635895917,33629266411.42452
2023-10-15,115310.96665014431,118903.05981592633,113096.96981630908,115675.97170897051,50093688489.58378
2023-10-16,117817.26824969354,120101.4246180699,116240.99653441798,118169.06470554511,73856847554.56061
2023-10-17,119272.46945305968,121777.2757456645,115933.05693517398,119407.75000716036,62166974483.68531
2023-10-18,123096.91181553178,127002.6688361205,121415.90396167342,123651.9232186451,67504420743.78166
2023-10-19,128718.2824269923,129230.90833523168,127192.9133874192,128849.9755533691,37846740047.61483
2023-10-20,129354.76119311983,130240.12746961172,129157.73348313173,129339.61882564747,51376835392.34324
2023-10-21,127270.20322801328,129998.5758555629,125446.00682723742,127291.46817794927,20416829742.334522
2023-10-22,128985.73659707775,132328.3850897084,128436.30712654565,129137.10581737505,73051022525.68771
2023-10-23,127768.41973057766,130610.49600199344,125606.5458274301,127336.5620993837,83663262175.01387
2023-10-24,133652.30076811576,135798.3421173019,130268.28892058962,134128.01704255136,43677309124.91177
2023-10-25,134995.92135771769,135350.0264862177,132214.25677987142,134988.23142403844,17087547803.315062
2023-10-26,133572.77662668313,135922.33076489993,132452.0106523619,134160.34336549285,27050107636.385426
2023-10-27,134602.52235139362,136117.9803150684,134981.87917060914,135182.24372678134,57191199882.93603
2023-10-28,131131.89178908328,132179.8103098758,130481.33556925098,131035.10159791274,53684207820.92613
2023-10-29,128329.98383558313,131216.5092555509,125276.52490031233,128245.31829645144,63468808623.39727
2023-10-30,132979.55488192147,132778.91284182636,129379.17481266287,132478.74084413628,30238120144.657513
2023-10-31,130776.20511345587,133945.52384678257,127568.34958348643,130700.56389302253,59646837903.10779
2023-11-01,128258.89298026271,129309.90853760373,127375.02786694263,127671.86919014339,54082589758.88496
2023-11-02,129182.1226612581,132088.2679349495,129194.19574978008,129767.77129824366,32336732441.310265
2023-11-03,133465.04455768276,134364.14125101917,133098.73546354927,134003.72925138054,43933316199.34859
2023-11-04,136190.51795402236,138198.9674541421,134321.82543165432,136814.3010588033,21447605547.489628
2023-11-05,140188.9830128991,141010.02662840998,138540.59137486285,140631.58316084874,37046409244.93773
2023-11-06,138449.86046413882,142384.8658999095,136168.76760703407,138392.74562448435,58210755164.99335
2023-11-07,134083.62153889332,137131.21360396582,130889.86973266903,133888.71681314323,33677592136.502872
2023-11-08,138682.60276844128,141236.6952749469,137246.953328907,139315.6738678004,53259067127.9639
2023-11-09,139227.92109820878,139539.5667891734,134578.28262942747,138609.76190960765,39976072982.37401
2023-11-10,138629.11692254196,142025.2773053402,134558.01514590398,138156.39357808893,20442563608.68372
2023-11-11,142867.1594090879,144638.28172334228,142671.2562686045,143158.32557405846,37352345547.53087
2023-11-12,144963.000315504,146281.60075110866,144494.02167692623,145578.52447027666,32973959331.004025
2023-11-13,147186.95433492874,150169.3964585001,145117.61912105212,147674.44677327957,27429534957.318
2023-11-14,155527.97979027178,160530.34568192376,153849.02330520167,156110.35820225242,15138399931.375269
2023-11-15,153486.79663466886,154084.89640364403,151155.31764859502,154067.19274050108,26416506980.078026
2023-11-16,158132.48402699686,159232.5859593055,156873.6319263693,158103.13741485914,12358392988.112358
2023-11-17,158399.19430850484,163273.63894186146,157774.6452966908,158802.7956751051,12889991643.688883
2023-11-18,160118.0675523133,161168.520304037,159206.84930286882,160345.5341816362,23727267280.665134
2023-11-19,167770.89495295897,167520.84016270752,165564.31840894633,166953.64794200318,19054199672.018654
2023-11-20,169886.68398024866,172474.80479940196,165527.27003511213,169574.13468752766,38783498695.90562
2023-11-21,173138.7693945284,176821.43271570568,168941.5625471883,172364.88438685355,19824471740.79313
2023-11-22,176869.06933695966,180044.20462725408,174680.41469334665,177503.5441200005,30622802349.603043
2023-11-23,176208.6192130662,181680.2723678761,172874.769035286,176416.54467910726,22701606071.695797
2023-11-24,173339.3524255763,176774.4160774261,171970.874454564,173244.53256881333,26541570160.343723
2023-11-25,168522.78839681618,169615.17022802014,165834.09139563137,169239.07915547545,13546564478.373095
2023-11-26,160626.8106688074,166235.28987437364,157253.80383048003,161427.1869310095,30164476026.20671
2023-11-27,170499.75751331035,172292.48801304618,167140.98816759317,170209.66181014627,18781444488.864056
2023-11-28,166261.32981514992,167457.3604198359,165925.83100989214,166025.8727246864,24721222661.14926
2023-11-29,165457.86596347232,168377.24228040775,161759.65339264434,165605.60469412728,13326183859.218819
2023-11-30,164939.29290347896,166462.29998330335,163037.06860176372,164956.37566032264,7176649830.127946
2023-12-01,166577.9896035684,167151.3853311395,163882.93781606486,166718.96215541102,17864001487.532673
2023-12-02,169806.9523148444,170626.40165644584,165864.0622754057,170619.09057852975,4693636957.641628
2023-12-03,174513.50541533425,177158.91029062317,172115.6832393247,174801.27795153722,12405084356.465685
2023-12-04,172219.68517349803,177115.35272914852,171233.8346437175,172777.61475022783,7095095548.77481
2023-12-05,171881.05957509694,175537.07823596126,170053.90694081818,172574.07531745383,13133831577.056536
2023-12-06,175107.06059780467,179536.12999726873,173642.1474910004,174310.94688487542,17142457108.104338
2023-12-07,173922.77774480425,175245.3294292663,170043.72129444202,173750.14008335705,9249061943.364851
2023-12-08,181667.7505472931,182778.3056874542,176284.6927907818,181253.30347850308,12788253718.663406
2023-12-09,183682.06316046405,184903.75584715683,183671.63481188324,184021.83418667936,8368866208.242683
2023-12-10,187753.90360804726,188879.83450712787,184448.61036321442,187954.73864153776,7563005886.890069
2023-12-11,191129.2532662693,193272.93301342818,189198.14948239678,191633.39474753125,10942305688.328646
2023-12-12,197032.89072845096,202535.6458900855,196595.77242110725,197830.21440570868,9613921029.332586
2023-12-13,198679.24248382408,204735.0293462471,195278.67978221062,199318.9933931861,7905529730.75953
2023-12-14,194030.4248195083,199113.9302441232,191807.58884566076,193454.86941169854,3751151705.3649344
2023-12-15,196316.20698187547,197333.91560691094,190885.35927282288,195968.27353272706,4880214851.539609
2023-12-16,193455.79024780748,198477.4104239173,189253.87568555164,193365.04620507464,2581666929.759636
2023-12-17,191342.06618845035,193274.4813180388,186478.9333056942,191389.74161640697,3327531404.149413
2023-12-18,195592.28548635612,195428.84922699418,193666.51633004769,194769.51229232355,3070446559.7308197
2023-12-19,200522.87504831058,206639.57070084536,196686.9513454896,201383.31557677474,3903007484.266089
2023-12-20,201651.16522074773,205951.1636718519,200381.2229240737,202094.5590397714,3524390273.623692
2023-12-21,203954.66079405753,205270.62331837328,203913.72141659187,204261.17950434354,1716862181.967988
2023-12-22,214169.540417849,216320.29894294182,210540.81454364705,213566.37385188442,570935769.6778955
2023-12-23,216553.82459307578,217349.54886215617,212518.88488589413,215492.4925618572,1916993852.9625976
2023-12-24,229558.18961263853,235242.359231192,226433.67414312687,230155.0495178135,576317821.387531
2023-12-25,234975.638354075,237283.72103047566,229365.1260490152,234099.38717869518,902711612.6692736
2023-12-26,225239.08594492148,231159.55516003168,220965.4344792175,224496.84826809514,207785185.91652316
2023-12-27,228766.7777531346,229775.16165850838,226664.949694523,229398.40930307808,337461355.12486005
2023-12-28,232038.70994501762,234746.34156109515,232174.91952026688,232272.53271060332,404569657.9529689
2023-12-29,240241.5043301082,243935.01646377367,240009.7521759057,240458.70377776705,62835645.514978506
2023-12-30,246399.61342953215,248928.34404031286,244212.773736672,245226.8877674438,50701946.40335518
2023-12-31,243673.44977176771,246770.4694772907,243640.44782712642,244453.52075385768,8747688.782591218
2024-01-01,236424.6273808239,240876.33724237783,231956.304848871,235719.45384520132,652327.7267176172
2024-01-02,234088.26782865464,240630.29120000725,232067.40457088532,234477.04785759433,33432906.589601267
2024-01-03,229256.7658866995,235170.06049228492,228008.66158928262,228728.699148087,50515456.06964417
2024-01-04,224794.00223375682,230407.70791562358,220876.84859397452,224973.95664227128,73396274.09994341
2024-01-05,229350.95311857352,235019.2339722362,228908.48660962182,229171.37497201454,336685585.8792375
2024-01-06,241682.5755022967,244859.8589687527,236659.5879750827,240881.37568701175,346010022.2928806
2024-01-07,244716.41358639306,250019.19343793625,241054.56003865955,243974.3276941465,774659959.5858197
2024-01-08,236328.1587047427,237609.2987481422,233415.43091858385,235465.3590400151,319826196.44903433
2024-01-09,237789.66370741505,241696.67792731937,238487.45990420476,238841.48020613322,563738959.0842707
2024-01-10,248130.1005483622,250009.02656970223,242042.25386506427,247654.47875229074,1732189271.8170033
2024-01-11,242495.5004807608,246784.1342912918,241518.13338379096,243371.6692114048,1050414705.5466243
2024-01-12,242432.30650200514,244715.32311692406,239148.5316798091,242636.5614339311,3029946744.1709094
2024-01-13,243104.177889226,249995.86163589903,237654.20102956396,242986.11478724793,1000097624.2194207
2024-01-14,237276.51811717337,239736.60769841677,235915.79249578924,237507.51915406765,1762742193.6659772
2024-01-15,242411.70267545216,243077.045495983,239108.41272423533,242364.17099997302,5460224525.616012
2024-01-16,242927.36903496858,245547.5102891157,239268.5754755383,241727.13023783383,3414763586.2095
2024-01-17,244117.4700379743,245430.92604010893,240034.32334756735,245011.22857929097,5397467224.731481
2024-01-18,239151.74460122132,239524.5819743737,235017.7645439986,238732.87334273616,2754669339.2615557
2024-01-19,235593.2661077312,237390.75007620416,233131.2575094353,235838.53590596374,6111137311.28494
2024-01-20,240300.2087487377,244545.16941712023,236879.53175200959,241185.3352957456,7695506699.17335
2024-01-21,237914.17011920866,241831.7490536279,232987.71558053195,238728.86396714268,4908909100.357219
2024-01-22,252465.0608795529,257365.61402975587,251046.64276618414,251335.87638062803,10296643771.087109
2024-01-23,249517.51526812735,254088.34844170013,244930.8319978631,248573.92492866295,8896705605.70325
2024-01-24,251517.6538367882,253701.7784569167,248498.4491517899,250498.02177814164,7246874135.872982
2024-01-25,259023.84412483984,260337.32126252964,253202.68533912627,257756.88455529898,9921565223.775667
2024-01-26,246326.2378669063,249392.3138142095,242267.4557557413,247046.83546542993,10963855302.786793
2024-01-27,233905.19054402772,239682.92181523843,230077.77206405104,234243.81495511055,5928666367.338092
2024-01-28,224135.43118000255,224106.338744209,219790.90419443077,223756.79210700808,9988405373.533012
2024-01-29,232418.25000949836,232545.31600460885,229277.16129313834,232455.90196156016,9711374134.242823
2024-01-30,228653.12008003428,234301.44580454272,225705.7084026743,228839.87737177382,11360473189.73913
2024-01-31,246280.57566999985,250161.6338966022,242910.7299712409,246631.25757389207,18773361812.92444
2024-02-01,242930.66444591832,243656.01355520578,236403.35196376938,242703.05598626833,14434333764.161808
2024-02-02,244474.1608047421,246015.88248939445,240596.39000927442,244289.49400041968,24835424640.090622
2024-02-03,254969.31051811305,262992.447545581,249458.2416839571,255835.42129459465,11985803653.403301
2024-02-04,271411.42230085994,278488.4913535942,264370.8320533734,271488.1452918376,15475655861.74786
2024-02-05,288704.1396415298,294694.09794063534,287966.79487463005,288549.84691313456,25371125198.674366
2024-02-06,299508.9813187118,303628.4937704597,295751.47608595504,299298.6134856273,20461018443.339493
2024-02-07,307897.7584381093,313613.09458640177,305638.51507411874,308792.92692205176,21485473686.8078
2024-02-08,315352.92719999346,323794.8514734154,308945.0581923182,314590.7637766946,8561610095.78131
2024-02-09,320721.25856365793,331587.9344452526,321371.3798974448,322251.3107038307,19136936844.01134
2024-02-10,316784.4138178678,319293.7429743825,313799.0106904162,317244.95242869155,16037150790.603714
2024-02-11,310643.14245544304,317312.91367599723,307629.9505102915,309775.11340566474,40103228277.43662
2024-02-12,310251.6310876612,311888.2023716906,304180.145789822,310053.52883125556,18655129421.859913
2024-02-13,308043.10802209127,310758.67894263635,308410.16542358516,308780.59207708674,39400391616.84695
2024-02-14,305485.3262889934,311074.9709639082,303248.7401699388,304890.9319066473,33394243842.95919
2024-02-15,311775.4562982021,315351.020337593,310200.35081541137,311565.489373249,22089975924.996895
2024-02-16,321756.62694764265,329771.6171943794,312839.3011018301,320806.25890689483,30721093502.500034
2024-02-17,322734.63882100873,322837.68469076976,314935.8973679937,321977.9096393886,43673092092.080376
2024-02-18,336942.441225898,341736.8028783354,329358.7096711499,336571.8489568527,46899264736.82712
2024-02-19,325342.14077148313,334346.6811534886,318263.64830958575,325380.60832347476,17528723926.444717
2024-02-20,322627.78445859364,332598.581119293,322410.965178343,323815.5979517573,25965075631.965588
2024-02-21,316418.8720309608,318665.2847636202,307963.9827416868,317175.8660985742,26548350583.27559
2024-02-22,299489.94580447377,303029.2271944423,291424.74703400733,299732.43092092726,13633396566.228928
2024-02-23,299585.8924091607,304847.58204800874,292769.4286105569,299288.7008631129,40709637504.27848
2024-02-24,298535.77719868324,299922.2165696791,291329.8458240977,298494.8599554554,54462049786.33578
2024-02-25,311684.4665942956,321416.80134607834,305148.29510660825,312346.0638901713,31949063472.31422
2024-02-26,316997.10303708375,327311.6895022516,316638.283111453,318569.35635585984,51349256496.394226
2024-02-27,309088.06503634376,310647.8170452698,305048.5665632346,309099.68958977447,46634452117.79283
2024-02-28,325901.62306022225,327788.86003254703,316860.2604558522,326601.77238110243,34025553895.04698
2024-02-29,339687.1962872799,339760.45509901433,333090.18656964763,338892.12722635234,21750883668.486282
2024-03-01,343505.97418861993,354565.8782476314,339018.03023192444,345149.06922304037,54526925050.60953
2024-03-02,343440.180881725,345142.35006804776,334027.62864719477,343149.09501490823,64107599375.27889
2024-03-03,335088.14863895375,337781.6938619086,330374.0010823852,333615.32293581945,55419972014.212845
2024-03-04,329148.5439090193,334670.36279909546,327272.4844896728,330223.72174481995,16173709271.839058
2024-03-05,341243.09251411766,347473.8545567195,338481.7559834856,341339.8641038623,28679317906.681656
2024-03-06,359504.8531554826,361756.58714029,358039.24237515987,360979.7369747578,20007363094.347878
2024-03-07,378528.25037242676,380624.90998805535,366712.11196103506,378053.1059994433,52268079273.09146
2024-03-08,373075.25381810096,383307.0427034461,372371.3580787862,372886.8278372728,65191573188.696846
2024-03-09,360400.83189906296,370565.856388528,358724.3548773329,360734.99687239656,23727884104.300247
2024-03-10,362697.9273073201,371119.7679080003,361575.8639683168,362620.40986443526,72710943245.15459
2024-03-11,345108.0690680766,343944.9364035972,333593.8371986126,343744.86404747557,54600322651.82062
2024-03-12,346366.08811197086,350829.49894514476,346731.86042277643,347421.22617083247,64601462137.52293
2024-03-13,344577.2132180732,352752.7883468019,344254.53035484644,346230.23925146717,85057086608.40965
2024-03-14,342971.7299611478,344557.0619503322,340066.9502532941,341735.7916044659,23530400618.46636
2024-03-15,325979.7062705349,334616.86361857085,316868.2493616099,325728.51394407573,82154223256.10689
2024-03-16,332366.4333778806,337368.98031771625,328478.5616569404,331073.068442254,27144271711.303288
2024-03-17,326429.4056873576,326816.7464722944,325721.10350052174,326113.25446423725,46901759454.85166
2024-03-18,315970.5937183557,323583.5345685394,311955.9401526508,314993.606116322,81158859416.07025
2024-03-19,287963.6151066683,296446.1541958891,284453.7811720569,288166.27275424125,86007552806.88702
2024-03-20,288936.71072924085,288888.5132052341,287746.4601594272,288216.57299798663,56763171834.158485
2024-03-21,305083.4959543376,308680.9452966318,298751.0096905342,303828.5580214555,63873191603.38281
2024-03-22,319504.79657995363,322180.2209544284,315436.46562475705,319274.526329155,73061815970.52753
2024-03-23,314209.4100480653,318930.4955833036,310263.63456602796,315215.6251312318,83151967270.75272
2024-03-24,309119.6929075013,311505.9138894802,309211.84139649855,309836.0412243079,28717331031.313313
2024-03-25,313555.39969261206,319957.3373502612,305785.9435331,314503.17205743684,82430527757.2667
2024-03-26,304624.72049966257,314174.75760143547,300827.1050241524,305397.813602674,57170055158.57945
2024-03-27,307871.06221101084,313123.6661275056,305571.2524151142,308468.20900731254,55037453101.96588
2024-03-28,316040.1684568439,316651.7165228491,313894.12995704846,315866.01955919433,53163029278.8317
2024-03-29,328096.72483751155,333905.5281297053,323707.5827779704,327808.2809895515,60113679599.582634
2024-03-30,326910.6922796274,330490.2795097734,326257.21926071635,327151.14920119144,94918100341.55052
2024-03-31,325855.0080966932,333836.9162122044,324912.9197446253,325479.3373074173,63560277069.25657
2024-04-01,315904.4832794963,321368.67366645107,308327.0283077054,317231.86092957534,95999408324.79787
2024-04-02,308403.17279827484,311471.264405507,304127.49746426835,309679.7089861598,34381524884.806244
2024-04-03,306874.92228791607,309650.4695983659,298865.4324859008,307885.3111750788,77905238933.91975
2024-04-04,311642.71681119443,318772.4834577564,305318.05050427286,311586.3897876866,84978978775.8055
2024-04-05,319521.32310380973,322990.9213505275,315985.6444685755,320437.79224108084,74313148241.1432
2024-04-06,312358.7629855811,320242.34030125843,312199.42828414124,313037.1633414064,68484217131.06495
2024-04-07,327041.8662819395,329390.2391800074,325861.2132608372,327368.21036612475,65031638971.2032
2024-04-08,326046.5285204318,328169.6203588612,316525.123329234,325032.8611346511,88497234884.09041
2024-04-09,323568.86677363195,329690.1280855192,316302.51906859,325149.54181128246,85158507953.73163
2024-04-10,318661.3278305157,327189.37745456095,314265.34351151076,318186.0252997651,29494908941.542336
2024-04-11,295862.2296562131,303619.4118290029,291217.57292474445,295363.43014142744,86725932550.08545
2024-04-12,304398.6310914165,305375.7542203256,296812.7733364078,303492.23399166693,52207126141.20876
2024-04-13,311848.2356672025,313841.3771633622,309567.9100923802,310504.5182386099,39413325645.81265
2024-04-14,306715.51006344915,309575.7401582869,307522.86041330895,308194.41842914146,87159048969.51375
2024-04-15,308051.7670753964,313851.4259986209,303582.0194323048,309121.99780162866,52777246699.31644
2024-04-16,315429.1757355383,318557.43360160117,313181.70467415213,314215.76465105737,81375714040.44113
2024-04-17,299676.3225446194,307902.13956850726,294259.90788931446,299800.68417899,39199474405.06284
2024-04-18,295532.93762148597,303582.2685336227,293010.3015509164,295342.1742241146,19241690065.88618
2024-04-19,303168.35456560744,306157.79891096364,297916.33782252023,302674.9121200067,56028440918.18267
2024-04-20,292110.4661236978,295889.8801546382,283912.99347244063,291588.3288042025,26093558986.152527
2024-04-21,295719.10951303836,302364.7044837375,293811.27053355146,294447.85913843726,74133896870.23323
2024-04-22,284164.19810012233,289602.1462402392,278128.25524254725,282759.02875405014,38445469075.05097
2024-04-23,287630.25485179084,287029.887113126,284712.3525576875,286998.40644724434,50158874271.13319
2024-04-24,286367.903941809,289734.0401248612,281530.3074761538,286978.5333950077,24100666639.33054
2024-04-25,274398.35931672214,276819.15671875153,265314.29758163716,273360.26713535737,37925416680.28884
2024-04-26,281908.89053774293,285137.00038051186,275543.93028712267,283185.431234817,71994539939.3115
2024-04-27,276482.3289287326,278887.65197840065,273037.9880100312,277227.84769234125,27665670318.47914
2024-04-28,271842.3261243363,271073.262540072,268247.9228812066,270766.33936400444,60964382973.65501
2024-04-29,272001.5436797902,277929.0851244392,267224.46906708815,272666.32732307044,78198362010.41696
2024-04-30,281546.1361040198,284558.3094654622,279755.60900188686,282334.83547523856,61354827126.59809
2024-05-01,273021.52957465523,274443.42812741426,271535.7797115261,274013.1137267111,68920341067.34488
2024-05-02,275780.977607759,276698.3124365267,272353.45896690025,274794.1594717689,22938617409.891014
2024-05-03,278604.2040369807,285306.53577578254,274362.47784781706,278604.04172451963,31455325034.73479
2024-05-04,285173.5849333732,291947.6550021623,283948.81111166585,284675.70647200727,70630795973.01802
2024-05-05,285719.75158031797,290618.7205435913,282077.3869862196,286467.2409104662,58465568231.19148
2024-05-06,284331.26583177695,287139.3871600435,278922.3296758405,283599.46457939077,52861646521.12422
2024-05-07,277561.7441340612,284963.26713868417,270192.59072821325,276841.9397399567,53225785065.90671
2024-05-08,277313.56203769206,279505.9406961326,272063.51542258123,277834.22887007537,37894208345.73818
2024-05-09,268935.3349323458,270914.8405606778,261442.3455313382,269175.75562984904,16447160409.117111
2024-05-10,245140.49093776967,248006.93306913628,243151.32272717482,245854.22966985035,56484706127.22409
2024-05-11,250508.14800745095,250612.1416961323,243699.3343931572,249319.98613020036,49551387995.69542
2024-05-12,256703.60041196865,259247.6645793211,250979.39240370342,256330.37677759698,37651516717.00384
2024-05-13,239451.9883015471,244930.68898056168,236776.72199085745,238415.96630930126,58423230996.02768
2024-05-14,230977.27525773714,235704.64569242983,226761.22206282115,231432.30462534283,29028955870.373714
2024-05-15,236627.6627183477,238878.6240529408,230598.10516819678,235962.50585625917,26249336530.523876
2024-05-16,251429.8976680301,257792.69781136326,244512.12928388166,250763.22196674766,52675719904.667755
2024-05-17,251651.79639715847,251535.59754291768,249473.9468520429,251170.414102714,47740440524.312706
2024-05-18,247081.17438290967,247487.4349761947,239514.90364494847,245936.0005103213,33869347219.78369
2024-05-19,244571.90078941424,248988.94979369882,240820.346763475,244832.5119338447,16351414293.184994
2024-05-20,254233.4579226888,259888.00144793835,251401.193129588,255175.77786473837,19354366891.06337
2024-05-21,250916.0278041848,250783.1792404309,248136.78851444917,250485.9212861773,36505584022.589676
2024-05-22,245292.0085731218,247689.89695840003,242038.4118379935,244730.81682535337,24734724000.109364
2024-05-23,241612.50085129403,246133.06334888222,240060.3426343905,241431.28114715603,40870675075.80333
2024-05-24,234079.51479342085,239684.34685517088,228039.96353740792,234767.8120109191,43544389198.48065
2024-05-25,235877.06114940695,240382.02681073983,230888.1680818125,235866.5510734736,36908316596.96674
2024-05-26,247133.62111066942,249979.76728306443,242251.50243733032,247598.63676262455,21112762539.467747
2024-05-27,250064.54287524376,250948.1462869615,243834.878014019,250246.05502708082,33581549229.657078
2024-05-28,248962.80300537715,251787.2145540141,243300.44034017908,248601.78703072676,18660745729.649956
2024-05-29,247278.9258539838,247626.85606518932,241566.1552767167,246674.04472991425,12401456490.002766
2024-05-30,234722.5442079898,242043.53611737103,231976.98643480072,235352.76079066924,8062494113.933425
2024-05-31,241594.43785945707,245270.60606910987,239383.65965485148,241823.38327544442,17278757670.333073
2024-06-01,240943.04502014024,243799.06870618224,237016.58457611193,241500.52102893047,29905243198.63877
2024-06-02,239709.84835810054,245961.8185015579,238410.97120504337,240434.44175493764,12070300599.545479
2024-06-03,264454.1788229142,267646.24116507417,258455.13449452992,263706.8672628399,10710406115.483904
2024-06-04,267424.0492940455,268811.2486396481,260663.42083498967,266334.0699366261,27149205648.91918
2024-06-05,260255.4103141557,266941.3842527371,257006.67353364613,260593.5769031493,5794836097.7301855
2024-06-06,258168.0849200693,264220.2853338534,249978.58309733804,257520.98894900153,20620293977.134815
2024-06-07,267709.56799603306,272034.724717119,259289.7223272719,266650.9761815481,10722554919.333502
2024-06-08,268750.7399197341,268201.0827376338,263147.2899653017,267823.737124001,5073713395.766716
2024-06-09,255721.71538733345,260893.86755672397,256096.06403383543,256535.41136584172,19333336275.580437
2024-06-10,265070.39087877166,269908.6261505095,261661.87952432572,263866.38996332657,6034871852.031342
2024-06-11,258522.02109592955,259901.21155847632,251760.32001706897,258841.23331849423,11584419297.943617
2024-06-12,273206.7631682177,275523.925483644,272385.03880710347,273646.675754881,7041680829.79424
2024-06-13,281549.4825650872,290273.6101542467,280515.8145058462,282786.869315785,3925722159.4849114
2024-06-14,279236.13993820135,279443.3380988827,276015.1690384255,279274.75343160855,3450201498.349484
2024-06-15,289151.7125926927,296841.8942126591,288721.6971711779,290286.694042003,3869037827.8033185
2024-06-16,290435.73594967584,295306.3346341012,285962.7846325155,291167.907290751,3116282882.5279384
2024-06-17,298360.9116856739,302914.3993021407,291927.09608771553,298908.08498938114,8936996760.280771
2024-06-18,304491.1635806966,303618.33518181066,299109.89650261466,303553.7098188405,5902848966.601149
2024-06-19,297261.8314265755,303429.76167371124,292141.5094356847,296149.822455089,4293552611.212905
2024-06-20,290154.07078988897,293866.6962875581,286701.7087569677,290728.3572200896,4340995727.031434
2024-06-21,301078.35250690306,304869.1772567589,296087.8848370624,300002.2500722026,6820600419.319688
2024-06-22,298351.2609159294,303329.878162471,296831.7674410247,297289.2517352559,5935818608.09981
2024-06-23,294764.5686459211,300183.4394410401,293124.37639574136,293986.53049895214,4327163924.910711
2024-06-24,284846.77606518473,294054.9216028628,284790.9082150687,285856.7218303273,4411218639.495221
2024-06-25,290326.7462421039,294394.3125984013,288048.9030349631,289775.2377599858,1899436107.5308995
2024-06-26,309365.7246537182,311688.42202555685,307472.3565374663,307995.0724635331,1780938553.0235906
2024-06-27,298983.9936007475,306977.898244383,290367.8845056898,298439.2212175081,2030360572.2408178
2024-06-28,298451.11250297696,304713.3538691986,292363.66024093196,298954.50151235744,1678572560.0440722
2024-06-29,311920.9537809489,314709.1109212103,307194.0952208856,311919.1467789615,1122676303.557645
2024-06-30,311939.7285215053,312667.57024059346,310051.7458239177,311485.8156815709,774302173.0724541
2024-07-01,316057.9285194474,324012.55997946055,311333.13032976876,316024.523435638,1098763614.6308894
2024-07-02,305104.31213382975,309596.0177554686,303953.2067284715,306268.2757060619,675984436.9841343
2024-07-03,309926.29061225505,316662.32089438057,302489.0073389813,310509.85026580165,285704124.82882595
2024-07-04,310011.692733578,313442.61256913684,302145.2038515214,309077.0559849275,241464776.95938578
2024-07-05,319677.33970372175,320427.05877252657,315963.03912981576,318526.1287927354,62980199.67559565
2024-07-06,328993.4565287554,336151.20555484237,321917.1385187375,330191.0593931505,13889920.633876191
2024-07-07,357784.05176442803,356821.18303112313,349241.8926526775,356172.773322267,1512651.0880091616
2024-07-08,362101.53397514106,367220.2902179574,354722.947759328,362722.4327399812,6394605.502672025
2024-07-09,367225.4555999451,372642.5331799118,359479.550834749,366630.3641485735,16393277.580119103
2024-07-10,370064.58490892325,373963.81625714805,365904.9759779278,369135.01013088395,167798728.60131294
2024-07-11,366733.6179574978,373804.44672584475,358659.8413763202,365593.163848778,181501326.04860908
2024-07-12,371318.98656680057,378852.97819686786,364738.9884417704,369671.1783899125,400589806.6909835
2024-07-13,366078.66268640023,375250.75248462014,356861.40857924364,366764.8079467783,230259373.47852638
2024-07-14,370307.9750243492,369414.7815118291,366826.77227321075,368985.1394829667,417674582.63953274
2024-07-15,382525.2430569992,386175.35210748843,376681.6055437557,383939.3419362111,1479473740.8680432
2024-07-16,373493.9910162425,378730.0299375517,368799.68940100993,372729.74257381976,1422409467.3308728
2024-07-17,386782.1389669774,396669.46126163105,382669.73152155004,385848.47159604495,2469527121.1839457
2024-07-18,402194.04933918297,411537.0916725588,391961.3526963079,401480.52513711725,3122582459.260993
2024-07-19,399468.05897852906,410581.9787762543,399074.44778015994,400459.939235698,1856465654.1843424
2024-07-20,376769.15047538694,378783.3101024128,371047.13867152366,375368.8626572153,1926980829.5735078
2024-07-21,367677.9285803865,373652.2016194124,362577.2176544703,368899.5080800619,4519523682.259783
2024-07-22,381909.87094066705,389039.4250088872,374211.9951576355,383622.22709440946,5848535149.303059
2024-07-23,384577.1743696867,385554.3741516578,383078.42065021145,383742.668411851,4688150901.876953
2024-07-24,372530.78100455285,372969.46414276375,369884.15345142345,372622.1639251398,6285185468.816127
2024-07-25,368634.49521070876,377787.4787733447,358624.0617459749,367352.07638576895,6949412400.681133
2024-07-26,376543.96024960914,379705.87426319957,369493.3698509759,376983.5338277919,4536661677.420788
2024-07-27,382271.5070195847,386304.7313982644,381353.85616848833,383543.8039397047,6832658238.575025
2024-07-28,382460.5639816802,382131.588086462,377698.089471778,381178.1199576792,9876944849.25569
2024-07-29,377549.1024920878,387876.11176670244,374712.99384484894,377364.5348881337,9366110711.332697
2024-07-30,372146.5771355441,379799.42521849857,367048.7271098219,373306.8304719451,2950751109.616632
2024-07-31,364150.6416182907,370620.9094236628,360259.3271815812,363349.8766313117,6930152863.025204
2024-08-01,381364.0019390896,391749.7425829699,374303.32694857736,381321.6232324013,5038821525.779978
2024-08-02,378410.03138245357,381935.2075460413,369071.06162087317,378015.71192001284,6648210893.63161
2024-08-03,392043.5234778325,399509.47580566886,387874.9913596816,392196.8789750136,17085170798.770332
2024-08-04,411838.0514385725,410966.5402552403,410193.35767657333,410488.7380789459,4542951810.281735
2024-08-05,424587.77487495047,425564.31353138125,414440.6211223995,423193.08824076125,7944674974.338966
2024-08-06,419012.0504678603,428563.74616600317,411374.87038054236,418136.5193364043,10079037435.936646
2024-08-07,421947.48962418037,433363.61597609345,419476.1074734817,423619.08469748235,16590392621.56556
2024-08-08,425171.0552938515,428192.60182093113,417906.8141785796,423735.21216318914,15907043555.798027
2024-08-09,413376.7594272276,417336.0033758291,410732.6539608821,412671.0383846899,10048066371.599628
2024-08-10,417921.106327393,423775.6756114883,414118.01121843146,417099.3198710076,9382302664.190327
2024-08-11,402211.2637564186,402766.03037502593,391384.6236993833,402763.11834107037,11615079940.306318
2024-08-12,419100.0397534985,420538.18969885336,417496.7102561098,417516.48508199723,18880123260.769833
2024-08-13,413043.2290493338,414688.9001975119,409053.2844158205,412114.44014078955,13724778405.94875
2024-08-14,413405.77638119884,418132.19327258755,413319.1193976929,415013.57854969875,33047389298.649677
2024-08-15,418569.27240056766,429084.8055062477,414571.66093928384,418955.64152815123,20608481988.561176
2024-08-16,417728.3141070926,419611.8469917076,414326.42503116635,416120.5061890888,9311893080.83994
2024-08-17,421941.43117673765,426296.03711512935,412573.9075009755,423860.6863447146,30800899642.7294
2024-08-18,420175.6127710451,424572.9389274341,410061.58084731176,418245.7573357502,18963018383.34503
2024-08-19,430366.1711481881,440752.83724136016,428003.82114965934,429596.4950342739,30786539877.032578
2024-08-20,413221.4083338644,415667.2473595233,402795.43715231377,412679.24693866743,18745969226.38721
2024-08-21,413705.161998674,415633.5201089179,403190.1644518443,414656.5530770753,30140690136.945362
2024-08-22,438087.61449335463,443886.78957313986,436399.2111008458,439190.8980924731,38897050503.46523
2024-08-23,428335.1538672613,436015.0801466884,424345.2887542359,426449.9966052589,46397814224.441
2024-08-24,417362.08026255044,425114.774403084,407700.2075216815,418205.71639047755,20813055004.97574
2024-08-25,426242.59261178924,435487.36555740127,423214.09698045603,425071.49811962683,24594631310.015343
2024-08-26,427329.41188059724,440101.64304523787,423766.7261265923,427786.6225302683,30986718810.36976
2024-08-27,431153.25607005134,443004.145726495,426484.2432028833,432714.25513056916,52630322138.38983
2024-08-28,437346.92358716443,447458.41171440156,437259.1791813242,439497.3167249389,52998579974.75493
2024-08-29,448503.97361566836,454940.59889933496,440494.95169953775,448305.5655106822,16091439267.606205
2024-08-30,465884.4931907899,464235.7846389329,452466.5815185052,463678.4095320519,18581288134.850723
2024-08-31,469227.95564875816,483717.10796200484,459762.6049968485,469842.80983281916,37236530128.70302
2024-09-01,466245.2712009666,472283.61621007294,459980.7108234509,466912.05741246237,18270839172.911896
2024-09-02,476056.58149540337,478977.42474291887,470096.10891259665,476799.9525875773,31271960490.0072
2024-09-03,504556.29496852885,514542.3527217675,501510.40295083006,504452.6610345659,21419571805.55881
2024-09-04,502651.4644026995,507239.37322090915,499801.7165638764,502949.8903064302,48741050354.89891
2024-09-05,490605.4856298383,497337.60830412264,482610.4619895191,488748.65799020155,67456382402.11433
2024-09-06,505497.83833241096,514367.7384314275,502145.7419831526,505469.93239021883,71620604002.96114
2024-09-07,504189.04169430915,510891.37030614924,491925.90991216595,504149.9305584687,36661950925.48482
2024-09-08,470087.4049954771,483627.8054232165,458348.34175322816,471793.54446654284,50775796870.383865
2024-09-09,486597.2927874425,488108.965453392,482423.75935212785,484259.5803126268,67430222901.159874
2024-09-10,475774.15974708955,483386.19009348226,463738.8139787401,476966.70581315237,22810877420.935013
2024-09-11,474116.81222766725,483828.86636259675,465387.59251379594,476148.23167615343,59358122215.48944
2024-09-12,482151.86677459074,490949.9373062012,476966.637480395,481366.5353283806,42330611429.878105
2024-09-13,485061.0513762166,495996.26404475135,476013.4804704278,484598.90698880143,29784774871.442993
2024-09-14,494977.1268472452,501265.089296654,493559.28067294747,495397.4931501942,43287458470.78267
2024-09-15,489039.9176218906,498906.3878669426,479113.2278200215,489420.724954903,21938599827.023197
2024-09-16,498861.9170723409,499691.4989556778,482697.7273744462,497443.884031515,64536841306.3852
2024-09-17,492564.6441272915,507891.77900496766,483702.31998064864,494068.03069400194,34785351957.0669
2024-09-18,507131.69935407303,511322.0115451886,499114.12428651936,505512.7779051413,39346877944.21392
2024-09-19,516117.14357729204,526629.3529884653,505702.258969082,515350.57447132457,26327522734.078747
2024-09-20,500997.2704333231,501709.53159676463,494407.06520363654,501403.5588713541,80005225145.98857
2024-09-21,518022.9086935799,521430.50950979715,516321.8660810738,518240.4213678496,53949958799.559616
2024-09-22,509183.7883985661,517884.5108747752,509085.8272280911,510425.9241402074,60282675054.049835
2024-09-23,524629.2989301133,537097.9074177992,511786.26704241347,523309.95951773826,60672730046.207214
2024-09-24,529667.6073114083,537976.4434421618,521053.9199041657,529599.422750479,49354300108.61632
2024-09-25,558332.0310513495,574937.2993549958,551768.6794446468,559334.052597431,33351660305.072678
2024-09-26,556677.7992372436,564215.4394045799,555294.5991666885,556143.622643897,75599311313.99603
2024-09-27,553602.5176036356,558976.8922112223,550848.8066227438,550871.6570132349,28856980676.05738
2024-09-28,550744.826745126,553081.3767486576,538460.5487613223,551101.5973560306,27267719059.135075
2024-09-29,548939.8814448111,559803.1384850912,542162.8996361655,546640.2130752058,74446182308.38593
2024-09-30,559436.8868332846,564456.5462711304,549850.491513184,560305.2656400426,35778346363.80321
2024-10-01,531320.3734867232,548100.3584314439,517815.6675942734,533696.7505611762,43636354349.41305
2024-10-02,515829.9076558758,531496.7624892469,501982.84615218185,517360.0408150819,57096187760.22539
2024-10-03,500896.65926613024,515490.8048368534,493191.6274707655,501304.24396317673,55277126993.14679
2024-10-04,514650.38838490244,524152.0323025376,508175.27528596326,516097.3450749433,76024052413.41103
2024-10-05,540384.4723977759,554130.5963207707,527173.4982389705,543098.733021195,69467495181.36629
2024-10-06,544189.1041254207,554597.3125296613,536850.0475150802,541940.0446066336,71296705934.53236
2024-10-07,541593.2923528263,541858.6511733055,528305.6670606148,539737.2470853552,76981397971.8587
2024-10-08,542723.0746475807,551172.2272568427,534262.9120427446,541411.2771825731,43378773822.38904
2024-10-09,558961.3324337888,561401.3618360179,549062.4616017413,560824.3089321303,45782328501.66163
2024-10-10,543710.6780207212,553929.5561548051,532145.7581554548,545782.6678225083,55037173065.94382
2024-10-11,547852.2059148244,552787.3593430028,540445.6319078928,550231.3802700245,44572137013.686775
2024-10-12,568149.116529099,569989.9975249055,553822.8953036077,566879.141786432,98634919140.97813
2024-10-13,578437.6117641677,582275.485409338,567929.6259597702,575967.8159185089,84848517844.2428
2024-10-14,579416.8041187504,587341.6369989589,565883.5240873701,579819.5710239477,32992999596.630894
2024-10-15,595535.3506450921,608988.3759319726,588995.7473180804,597812.1740739961,20281371814.260574
2024-10-16,549997.3827686773,551157.1419124717,536027.7654640257,549929.2310249229,23155842374.49937
2024-10-17,560813.6091164979,570149.8095432672,556118.6272176136,561662.66385196,38924309227.426834
2024-10-18,550513.2607395411,554223.1366485694,547134.3195073934,551203.2297994278,28573656196.425953
2024-10-19,522115.62853914907,530462.4574069924,507565.4839633579,521482.91006949637,61136284266.102036
2024-10-20,531161.1057028425,540136.6651386761,521539.92364370095,530001.8955566272,85994978007.24081
2024-10-21,550222.2252826898,561598.4837464609,536976.3807711499,552373.1464357015,76116559118.49298
2024-10-22,548090.57119445,562844.058227635,544010.034552138,550647.8335272028,35676300767.50717
2024-10-23,569741.9839148397,572647.5339260799,554428.2842593814,566939.4305119454,49389866300.632
2024-10-24,593338.2187920718,608583.8002311522,586497.4061917601,594928.2934647836,57198194868.12404
2024-10-25,616229.8644714511,627027.9919751863,610030.9884267312,618991.6161159363,79339406525.06
2024-10-26,648048.3266798698,659506.8688046087,648589.1003116396,650064.3365643047,80768533279.88304
2024-10-27,662120.5254117923,678120.5988557899,656188.9956818145,665187.3193547624,85177545057.39433
2024-10-28,666635.8232078288,667725.3800157846,659009.1547642022,667357.8316756209,55194861849.11143
2024-10-29,637875.7887696989,648429.937463072,624537.048060975,635952.6565879114,67903690105.919785
2024-10-30,630890.9195202144,643620.4953841233,630928.7975252529,631894.0864541131,25720180450.25478
2024-10-31,616196.5724140599,622271.7052193459,612419.485739947,616540.7044304812,57260486387.698715
2024-11-01,658465.6337276548,659003.2887605136,643220.1424811613,657311.4817046414,34581141942.33108
2024-11-02,654558.6519946893,656285.9590270428,651441.4934259596,654500.4402669242,46644065738.0758
2024-11-03,659950.8418194624,675786.7085848954,646376.8256701668,657574.0687156946,59644795651.03141
2024-11-04,671560.1019240163,682947.0468274524,665671.6967187976,669110.9172612142,33706092344.678467
2024-11-05,667368.464595301,673212.5355144168,667091.8428305301,670655.2743650887,19783910771.419838
2024-11-06,707391.1986974368,712979.0716329803,688263.9235525909,705429.7772569412,16766205145.549685
2024-11-07,692686.0453020923,705275.1225097263,686745.2444009191,692958.1450174728,17243552210.283596
2024-11-08,701107.3723567177,715186.0176339396,682849.2649978462,697696.7477981233,16085654468.358635
2024-11-09,682739.3647386114,683748.2861744426,668462.5697887118,682853.8651566025,22033263471.085655
2024-11-10,659691.6935339597,661155.7005725391,642636.9205595547,656495.2448053355,29369237684.20004
2024-11-11,646745.2697527097,662322.4283000873,639791.9323845758,645103.0350771948,27723953019.06095
2024-11-12,643409.7842709163,645208.723626156,630127.7708986101,645031.3616067078,71298480109.09839
2024-11-13,637613.7087077618,641219.957303856,618265.2418241143,637368.9910156799,31381857010.74538
2024-11-14,627841.2289261759,642741.5163707735,619429.2156786083,624766.530167687,20840107788.58176
2024-11-15,601174.4194674119,610056.127058209,584138.071157373,599032.6942350805,42941177057.981064
2024-11-16,595729.935708787,602833.7077844267,582068.9386044862,598138.2382769841,58410446238.65287
2024-11-17,572915.3545768107,572884.488217041,558657.2807273805,571735.4527065895,47746915583.96846
2024-11-18,584439.8261828651,585838.7650933767,574454.5763902168,585343.7163737686,27393873982.790768
2024-11-19,584480.8563731376,591689.4547518266,578141.5150375603,587376.7278309308,39663205773.62001
2024-11-20,561737.4422949458,577149.4090032363,546163.570632186,562280.1496467384,45892973818.184364
2024-11-21,556147.4862032774,564584.3010970276,557134.2932686273,557626.5660129135,45238654916.16887
2024-11-22,547341.2763615388,557391.9702227036,540954.0278765715,545601.5207723036,41181148230.803856
2024-11-23,550474.4727659989,566560.8680014857,540176.2424691187,551371.3852413697,48873517375.49787
2024-11-24,575975.6354599765,581122.9609966584,562361.3553702291,574095.3372047469,47353414492.41014
2024-11-25,539664.9744689643,545485.913290022,533400.7205310928,542373.5994036017,33939698726.602234
2024-11-26,543740.6088463523,553239.1691410813,538679.0708344041,544787.5862601793,26929398283.24832
2024-11-27,541310.4872865488,557500.1482948018,528816.933123534,542715.2230711041,34127185493.68372
2024-11-28,552711.794075202,567561.5801371092,540703.7636488465,554188.3326745968,39466932793.30923
2024-11-29,555876.2953280787,559389.6120038757,555932.7779479957,558287.0535253182,9106129047.923244
2024-11-30,544541.8118186556,557600.453727567,534062.7558241065,546250.8983021075,42596259679.12045
2024-12-01,541869.4832839742,550860.2972077912,531498.6355924342,541568.6442314682,14276962407.503683
2024-12-02,528073.064060196,543583.396428388,527133.5337667724,529177.133554432,22811576185.223618
2024-12-03,546336.5862526877,548797.4039176074,541262.6575003617,546788.2618866179,34078900246.661972
2024-12-04,547010.2577467905,556459.1402036216,536868.6101783512,547684.6389285625,13816073503.324202
2024-12-05,581648.1675319,594758.576673142,573971.3137070251,579469.9115953206,20210412811.56731
2024-12-06,581341.5083376869,586116.8978169665,561966.8969828772,578994.8480143622,10155528920.828861
2024-12-07,567228.9739008835,575471.5490035239,562770.0756756781,567268.9268121864,16318348947.658308
2024-12-08,541155.0182451693,543221.5522074498,533733.4173771442,542075.7015690693,10279091954.033087
2024-12-09,511276.3602436783,517577.7202393093,510417.85309574887,513294.6311196344,14022187486.672688
2024-12-10,491633.0890078557,494178.61512761214,488748.0423727528,489414.0715155033,13502026348.99743
2024-12-11,491653.84012726875,507827.32028780674,492726.1265285053,493825.55184347375,25462626510.732727
2024-12-12,500840.51559212635,506111.7693504362,500489.943330713,501856.01985531044,24061278543.179718
2024-12-13,477585.6155246661,485168.4629910038,471548.4127919372,478551.9737045436,6638900658.830535
2024-12-14,490996.7857243566,501786.236778314,482438.1935568081,491880.1962305176,16683054572.207054
2024-12-15,483614.80409545975,487604.78591083304,477456.1822179236,485243.83147994697,4832062914.579624
2024-12-16,489247.4357295018,494985.5482842935,483327.31164215854,487865.98741853744,4191733447.0932546
2024-12-17,510017.6584091986,523293.13974664593,510168.6605440192,511950.28166816704,4951417806.870497
2024-12-18,526946.2740347439,539921.467759505,513716.9672499459,526236.3461608886,15725760135.136951
2024-12-19,520557.77287516574,532340.3161235319,521240.8855595178,522523.264897464,14256063959.297272
2024-12-20,506889.4291945768,519293.6951860164,506253.1102852092,509075.7280241045,4899052614.97084
2024-12-21,478673.53325764695,478527.7561211839,476419.3001041135,476721.6939919727,4171217944.1466856
2024-12-22,465466.50591371546,480161.2058122821,465235.97470767325,466913.3360282888,4543450876.954501
2024-12-23,465914.8228071461,466269.9766211852,454390.4566195522,464422.86363989237,6450686305.911138
2024-12-24,451334.5689035667,461617.64521165076,439033.2344465539,451133.2242157455,6250521492.678104
2024-12-25,447909.0912427902,453381.4204917207,437828.296009093,449807.9260770073,3235315585.899101
2024-12-26,453350.2055520796,463934.5632821243,441698.7748440565,451294.79158574814,6172880321.3249655
2024-12-27,447566.4065846963,458393.21053287626,443508.30269037426,448701.7963739273,3044960211.868375
2024-12-28,441984.6593008196,450360.1827793432,437815.4539792877,440400.77840040595,5614120921.99728
2024-12-29,441602.0469619248,445981.2014540934,441730.2753151571,443069.44864325674,3787095767.190456
2024-12-30,450977.40278841933,455359.72001112986,444314.42187212035,449386.8300900328,2473268270.8398895
2024-12-31,433017.7712473341,443200.86815149663,422155.3223387064,435135.8873717687,3193316205.0260463
2025-01-01,454042.9246807358,464476.239465196,442907.33485791454,453989.44265161414,2754192950.254694
2025-01-02,454321.53915191337,454513.8149153917,440863.25253086817,453100.6929574319,1150629044.5889375
2025-01-03,455783.16257864377,466911.94758459687,445142.1250506044,453810.0169669382,1014797467.076547
2025-01-04,465803.98288251355,476295.0234914012,456965.8879106739,463905.6709669339,1607312211.13457
2025-01-05,469109.89995887264,471407.85921107413,454195.6221782726,467615.28521352407,428296727.39003146
2025-01-06,483322.9008071346,493337.57304388424,472043.6029335715,481453.93826618156,220098300.667541
2025-01-07,484620.46352503664,493640.9497196304,474112.9120347262,486082.5040076819,364464841.79860103
2025-01-08,476606.9164942931,484255.019771595,472580.5555546467,477637.7337332961,342507418.20308304
2025-01-09,482275.4977841436,487854.3399409729,475527.962164287,483295.40320251056,181915647.1618566
2025-01-10,466621.5709704085,475338.75552210305,460122.4032048671,467195.97005010355,87171389.6052453
2025-01-11,468684.2026115466,479458.3104967397,461129.1775876481,469184.7257316122,12038394.589775704
2025-01-12,469395.22776182985,474970.30153756123,468567.13201453997,469186.18033594626,220338.6756692545
2025-01-13,465138.57034111925,475536.18862716825,455730.893898658,466725.9999164655,25435515.195947133
2025-01-14,466283.0204921562,475156.63152097916,458644.7402628194,465392.9719597887,107398059.05976869
2025-01-15,438123.05974500446,448962.3267346524,436103.10604388715,439584.3853298334,76514741.94028354
2025-01-16,431966.68122797157,433462.35122990765,427033.87482327473,432787.64267662884,162927584.75858808
2025-01-17,434440.4262098322,445630.79537174944,433500.8391407485,434425.8940962877,155306973.3331576
2025-01-18,438238.9710070936,442950.6195369633,428789.90856166906,436943.69267099834,710806238.8946024
2025-01-19,424924.68418736715,427246.77173826186,417088.9627806567,423909.55123539804,1291847550.8704712
2025-01-20,441070.8067897497,443624.2390995109,428386.5712164081,440429.8300711158,1356646682.0818415
2025-01-21,427947.38498341554,435648.1411701582,424388.4091280873,429425.5826648574,2283531114.453838
2025-01-22,442552.40234838653,454112.84623849805,432898.6385879142,442344.29994366725,712382579.6682327
2025-01-23,446605.53448353405,453545.81733703625,437158.7292073218,448455.65397187124,3159145455.367167
2025-01-24,439670.1213643283,450111.0836004906,434194.9247747924,440209.98090032855,3453458924.0025954
2025-01-25,463694.11223282956,465443.4721624734,457583.8973474163,464095.4781050622,2139575241.757478
2025-01-26,445879.3579025709,454338.08549868694,435522.08795310074,447940.7298996322,5357336148.564029
2025-01-27,459699.140082968,474447.76647612505,456569.13777291455,460740.4683720466,2692287474.64821
2025-01-28,477195.9501868946,486010.9379183147,469669.8703158164,475031.4718162159,6459788833.574704
2025-01-29,468063.23115342594,468892.40166033973,454613.2216092834,465949.5321396108,7206474416.993118
2025-01-30,485162.5249589264,493189.25039805117,478146.30803901464,485880.0383243188,7168272965.2549
2025-01-31,480515.58769674064,486104.4084273959,478670.9588415754,482721.1400597571,6419050175.450434
2025-02-01,485820.5748353957,493373.0276023451,480504.2432980651,487384.6167354356,3220416516.8003864
2025-02-02,491148.3654120474,503184.81890721753,482761.5599105888,491678.3071406923,7468888533.486818
2025-02-03,492383.8509155992,501530.2595683107,480223.41994735616,490188.88460861996,6330567067.031204
2025-02-04,500799.2069301815,506041.8645296274,496728.0385060207,502602.5495847776,11826078480.395468
2025-02-05,516426.72532395815,529319.7070785112,514128.53830273997,515069.4357548516,12393075251.797276
2025-02-06,486654.19964854507,497251.3046685185,483754.81414477096,488566.0438849532,15401358106.596235
2025-02-07,510617.9182014812,513964.3105277356,494066.64541826444,508172.3004991256,3780876252.66257
2025-02-08,482763.3119683091,490613.60002504056,475515.39849243837,483335.5014559811,16216742433.442791
2025-02-09,500163.6687057257,507844.94375489355,497157.14643858833,498790.8240809955,19460301770.206856
2025-02-10,515336.8553595677,524818.9339414972,502127.54230989685,516149.3204159121,18149505672.199596
2025-02-11,500410.4761296502,507065.17697447917,499605.6339210255,499772.4222897635,7062899210.880751
2025-02-12,492590.99725645443,501597.5977823714,493357.82124531467,494112.78515798406,6531083860.652274
2025-02-13,476523.82724973356,480747.5067357179,464993.0798506381,478216.61354390887,5653883957.626465
2025-02-14,477694.9492148842,487207.8185799261,474661.3842907417,475611.46593893145,19381977057.60873
2025-02-15,473661.94682136487,479358.2575429414,462679.7815931833,471691.9382810395,20459269444.366756
2025-02-16,485068.6538887285,485096.537438178,480945.33862352755,483196.41784934106,30276951004.690952
2025-02-17,503304.2300155685,514227.51999802125,493902.80689311936,502673.70903924014,16664471340.818869
2025-02-18,525839.6041648259,538887.8633628503,515430.0812869531,524223.58948275365,15692952144.403706
2025-02-19,513683.39326944225,530568.4218661253,510245.86698292306,515906.760848677,24690061631.67968
2025-02-20,512336.6612076578,518865.72362946573,509712.45746117964,513184.4982340588,31748131884.618145
2025-02-21,486871.53184674296,489763.3248516753,473641.29409255413,487780.2512128041,36563014568.16524
2025-02-22,477121.7229585867,483885.546542305,470659.87148891995,476475.40635960526,33817149860.250175
2025-02-23,490036.8457980894,492401.59216164646,478770.55361255445,490743.72398467,22616171261.50055
2025-02-24,513209.3227429748,529450.235932007,504914.1174751093,515019.58164566645,30742934491.64647
2025-02-25,496942.1095553772,499197.4018399595,486751.8994373591,496463.18603930017,39899329464.21461
2025-02-26,489670.168089219,491837.0684639631,480360.43275391,488135.5484139357,27694647546.437767
2025-02-27,487661.47959272156,494193.04619691544,478484.019156329,488236.9963027168,18072950167.77895
2025-02-28,491016.4989570062,498493.8189589172,479631.24052704795,492828.78457890276,16813789599.40842
2025-03-01,479891.7391749408,492827.1066810646,469014.1431101628,481351.7358020681,10354595035.2838
2025-03-02,486675.7951662557,494636.64949461113,473807.54897504643,487956.763133035,41366775260.498726
2025-03-03,480544.8167237062,483975.1166475914,473855.942183757,481508.3264749142,15907143408.058638
2025-03-04,482469.02775439265,485643.16820439167,481122.6809915613,481781.06813845824,22408553599.45412
2025-03-05,490653.32436649693,497644.9195388433,477154.75145054917,490158.53146190976,25582662346.564934
2025-03-06,491705.37634939025,492913.9878033272,489952.0179800527,490743.1279035472,38902118813.74797
2025-03-07,484142.6666000724,493705.3599677395,480931.20544505375,484809.2697247512,31948484753.34211
2025-03-08,485267.0597893632,491909.4407130916,478439.6299206491,483699.8835245973,46786471307.140495
2025-03-09,481472.38414026523,493255.2701933409,477762.47330357943,482901.3488158566,15855727129.576576
2025-03-10,477875.89278086246,491471.24151057185,475539.0357200748,478023.88540246774,19872521650.429913
2025-03-11,476219.417032227,487784.48469827604,462069.8070159212,474790.58830578055,40753723628.94125
2025-03-12,496443.1325493224,512171.4509478402,490636.55168121867,498036.0578114055,32653586646.076176
2025-03-13,504937.1754255005,510636.3361979628,502308.3672973549,506914.83718728897,31029300795.204422
2025-03-14,504857.9063745343,504913.2885933195,496694.2611742746,502928.25130530226,18403269084.544537
2025-03-15,513139.46350514283,518607.34492846316,511368.4419079326,513946.72135361104,67859758132.452
2025-03-16,510250.1808522015,522990.079478267,495138.5631099785,509313.70510644343,56873812643.409874
2025-03-17,525242.710789771,543137.641246029,522850.71828800364,527747.672483177,22863004702.791893
2025-03-18,535142.8475304635,547897.433544432,526661.09269437,534127.754353184,19732759484.790997
2025-03-19,531962.4162608505,534701.4840600515,523016.3438503905,532942.4905111094,78050221983.67953
2025-03-20,538231.8397487841,555999.9980268289,529933.5677923979,540633.6542061795,60322566250.44583
2025-03-21,516262.53270247095,522245.9566186358,509830.1769462969,515696.2324284417,43927931102.707016
2025-03-22,497487.01820226206,498919.15006380633,497148.75722828304,498779.83650467865,63592721393.860695
2025-03-23,480868.5196012134,487802.67359663494,474137.01426745934,481413.4447564663,68221393573.40113
2025-03-24,481929.4818658,484628.1681241275,481414.4943861045,483959.30003085325,70794930408.59317
2025-03-25,507799.21531342005,517912.0227042754,500457.47760164883,509597.26172419684,50694365539.806854
2025-03-26,543119.3464742551,549746.2162418992,529563.9782802117,544218.7923234581,47948941342.62816
2025-03-27,552902.6191147709,563065.4440475419,539549.1903177679,555180.1931117837,18629534660.582466
2025-03-28,566394.5183239016,574453.4028005205,548023.5233989822,564077.1412744544,84923345393.44864
2025-03-29,531524.6387863728,548085.5994697898,524230.12483156665,534163.1534771952,62251770947.229805
2025-03-30,525916.1307710133,536445.8534391505,515542.6174900922,526001.0261854111,33393273459.920757
2025-03-31,512158.90645283886,520790.05604157475,509745.5538179353,514095.77535411867,87007601976.3756
2025-04-01,504063.330133026,517449.80028216843,501138.09597167926,505034.6173074833,87430902167.61015
2025-04-02,505135.14437323116,516657.11824361735,488669.7098340137,502992.09845264314,93775401632.17203
2025-04-03,494692.1043089065,498154.718147712,484772.99258471665,496371.35564102785,85718551380.44153
2025-04-04,469570.96598585375,474852.35869140027,457217.53202803846,467393.69509378116,95831140586.79866
2025-04-05,476940.8177950686,482431.01797967317,471856.1758897505,478348.1449350343,38240715495.39897
2025-04-06,464551.6490091064,464086.4441583733,451538.3794146339,463432.15398933034,84937118361.80069
2025-04-07,467439.91320019396,476592.61507680436,455082.5798619924,467221.8268304263,83891507235.4041
2025-04-08,498670.68888477935,509618.46921709296,495923.045270216,496760.749475994,37781772334.67879
2025-04-09,483817.17253467604,485919.26195665833,480715.71859504044,483556.08486227546,27488726743.520386
2025-04-10,447488.15809131844,458236.1599902844,436337.94624308293,447333.5631048853,97347325218.58423
2025-04-11,442590.72600815556,455308.48268416553,436039.2210289837,443942.7180388901,43369643452.69921
2025-04-12,457517.37852595677,471641.37823519163,450175.5081811158,459049.55114130006,89257446615.09581
2025-04-13,488504.0841981078,490349.6167267662,483427.7989599686,486477.9562876015,20276665138.69584
2025-04-14,468212.4977981104,481739.1322413658,462128.37331628584,469019.9710279852,21655951054.268867
2025-04-15,475868.3469407278,481061.5076241787,464011.0382793929,476477.84665777377,57251169108.0487
2025-04-16,471524.9792844787,478096.00785664463,466620.4361359357,470303.0207702143,39097106106.019585
2025-04-17,468522.12213265715,469989.55094638607,460787.66391300404,469278.4888587385,75169606779.57957
2025-04-18,509267.6179185003,507643.1703029895,495765.38441311725,506975.7708449517,65178321784.296875
2025-04-19,485776.7146551508,495096.9574880174,475544.21608045604,484623.6603919399,26136840230.736923
2025-04-20,489273.5628961969,495315.1501708706,481432.4738164965,488797.3313585352,32869524454.498257
2025-04-21,498034.13371279853,499959.08429035876,486367.05828339414,496144.3439175002,50701418763.69444
2025-04-22,510492.06205982785,515731.0214561686,501139.13053313934,512801.69057606644,34510113265.793945
2025-04-23,513571.17567791103,525169.0713397815,505531.94075786124,514821.870069078,82273459216.84459
2025-04-24,519912.5825067993,520100.69180813397,504790.7455070027,520094.42658384575,52362430082.63211
2025-04-25,513098.9883980089,526942.7134004972,510992.172940968,514503.693897561,26871703968.780624
2025-04-26,520438.48968450463,520406.5275284742,506259.53080395487,519172.2017533973,57155978871.985344
2025-04-27,516502.277423502,517300.85535921634,499593.1793582193,514346.0972763083,26373705280.88822
2025-04-28,524051.74686866533,530528.4037644097,519002.98807625094,524451.5356453082,29134056402.764946
2025-04-29,518341.12042340543,526712.2940987358,515639.801562737,519160.70593109954,37380348084.928024
2025-04-30,527978.8321936493,531150.2017491825,522617.8573162219,525553.1378381852,84069438515.22751
2025-05-01,525327.4509069506,530674.4720910956,517630.7057486881,525617.3160694,88276814737.8157
2025-05-02,543839.5130535142,559627.2696299717,530933.0933349276,543899.0787025737,80179526907.05067
2025-05-03,542797.9500106731,554067.3537096356,539319.0621846584,543604.3878139501,43107570511.76018
2025-05-04,517343.2747972511,515595.3483770895,510591.61204547784,515233.14531814825,38176805684.60603
2025-05-05,535622.9788901916,542161.4918591442,523150.79629002576,535253.8919821904,57782932492.745476
2025-05-06,522611.8162661267,534928.0673883882,519734.796265206,521245.24370025157,69488387648.44429
2025-05-07,513138.3375199022,516169.54798111145,497798.72741292097,511543.31110859104,87859023459.7851
2025-05-08,502118.2951317746,504340.268216917,502652.46827751806,502913.6579000725,26629333598.184387
2025-05-09,523805.73888909735,536078.5782443974,521955.7351705443,524153.2822277847,20615982166.715755
2025-05-10,492806.1428586962,500023.1235785834,486496.6753207057,491094.8160392271,64163498750.10539
2025-05-11,537078.4403347833,547015.5313656342,536825.6372303381,537813.8720227195,72481894597.4375
2025-05-12,557023.0338839276,556283.2233822362,550763.7733867385,555390.5459415354,72332170107.21503
2025-05-13,562133.5617580044,562024.4533318148,546073.2817601387,559665.4799592845,60301224036.61126
2025-05-14,559992.5970239358,569749.298382678,549943.3567738298,559303.4771231898,76926283606.93459
2025-05-15,566018.4806485309,568174.5798727453,548925.7328664432,564654.1222095506,47797931601.59708
2025-05-16,575797.794270996,582727.1825029609,563535.4454745688,574046.3941525675,71808760279.28629
2025-05-17,587752.9584307706,595306.5893537614,581191.4099425165,585731.95096369,73762023215.45612
2025-05-18,595455.174707809,601150.5368360855,585108.8624789459,596080.7415497439,65187112665.51733
2025-05-19,595594.0465279267,615301.4201227616,586258.6191151389,598278.7418586285,32599346613.063786
2025-05-20,594750.954128289,610381.5732284033,588108.1506713019,595335.119145832,25452875200.71868
2025-05-21,594259.477146906,606084.6863351507,590954.347060343,593228.7053145545,44555955240.656975
2025-05-22,590060.0703399937,591734.4962235594,573485.3097319024,590353.1784156079,38379707407.32732
2025-05-23,612544.497800301,612968.7123615926,599758.5189750983,611023.2750023647,60158827406.37687
2025-05-24,621624.3021800242,631717.5150301603,606794.384422566,622514.6074477987,18229504499.68869
2025-05-25,568989.7244061098,570963.7115848559,563030.8642763629,568224.0757556864,25794225552.935818
2025-05-26,578154.5769324924,596994.292455622,564413.5829947263,579973.2582073739,49601542013.55793
2025-05-27,585397.656617385,586718.4812517782,578069.5053691261,583941.4850258399,16632615407.701414
2025-05-28,584464.6367307514,592741.0093251595,571687.3375220724,584197.6819402055,26770617931.77722
2025-05-29,576262.3050924166,584286.2934941521,564082.6050943078,577972.7322315801,29045478089.96236
2025-05-30,596797.4415953766,609513.2960759948,596899.9848496177,598041.8999670093,38623663290.235855
2025-05-31,617170.2916882639,618022.9559421376,597512.6988863134,615639.7576372855,17523252070.836758
2025-06-01,601876.2335413862,609752.239824876,591827.5492817819,601980.9707918568,46205661898.22067
2025-06-02,608202.0626596259,614960.6425657581,592031.7923757934,609934.0836916368,28090835160.852398
2025-06-03,595534.4392744901,608551.4518552034,583581.3878407083,592764.6209739711,45441437546.3641
2025-06-04,570047.4025800646,569516.3039119409,560309.2378321781,568823.7204387476,26996163817.61552
2025-06-05,561251.79769023,574012.7215550954,547328.2250043001,558697.795458557,19046654819.153152
2025-06-06,573292.806826317,588047.9505459545,558774.362831626,573711.0132091586,13694939011.288675
2025-06-07,590542.1946704318,595962.4292036071,579638.4385041357,590689.2742872998,8533881448.308679
2025-06-08,602761.3976224342,614588.2298479999,594469.2587472657,600372.185194927,25278676411.726845
2025-06-09,614186.1887003811,614607.3617409723,610023.897070809,614032.377640889,11077269389.157442
2025-06-10,625448.6569635866,642259.1320199817,615368.385903555,624154.915446244,19072869520.33523
2025-06-11,611248.9494410697,622447.9624787382,605227.4683957348,612767.5536368891,23867640599.56877
2025-06-12,620989.3655233296,626973.4051551003,606420.164984565,621320.3648223401,14282227469.949291
2025-06-13,634462.9063560977,643788.460634276,623244.8616775079,636861.0073338146,11018938398.866684
2025-06-14,649992.4871395852,653207.9383111115,635518.1907889982,651909.2304249955,25283345348.58587
2025-06-15,672440.3581716606,695871.506995982,660592.9677638442,675813.0476866212,28065409429.3531
2025-06-16,687666.306063945,691663.6345567806,674784.6976534522,690849.290184261,7795934051.893062
2025-06-17,702159.4460631883,712554.017689728,688749.4491416393,698824.0718159444,8542293822.588923
2025-06-18,720098.1994193958,731547.4046064782,712486.683846741,721958.298297613,24076476121.885902
2025-06-19,723285.1154695565,742662.3775648429,720913.2256332263,722105.8393000258,5397784813.981894
2025-06-20,706110.0651668654,708917.2158031104,686740.859098211,703723.7400838597,21653738150.521023
2025-06-21,701339.9631510598,712174.3849418985,693449.4441511355,700984.8410114248,4213276061.0790114
2025-06-22,683641.3609008889,695948.0546512406,682259.9433769742,686020.8619912771,17393129617.360092
2025-06-23,674346.0845353054,686998.1857842236,663935.0561278744,672811.2913873971,8047374022.96289
2025-06-24,671239.341836834,671935.2515721942,655579.9879156373,670567.0888745736,15960465568.48699
2025-06-25,656811.9114734299,659106.2147348329,640799.0860193914,655296.5343757132,7056428408.492833
2025-06-26,651650.7241726799,654081.002369902,631166.0318058734,649897.6472172837,10395303994.103132
2025-06-27,616545.1238897796,627216.3696982146,600841.9098950129,613627.8733608188,3490403884.4183784
2025-06-28,618622.7348055084,621675.5747889447,613431.6552425642,618167.9901558746,4770297186.23112
2025-06-29,617828.5754575602,629454.9613160563,601126.3901038512,618808.513734486,9045434935.53295
2025-06-30,605155.7901789012,608160.5686137582,590106.2521400553,604258.6802068009,6243340759.320644
2025-07-01,614151.6700743582,632757.4456813093,611377.5928286106,616813.5864131781,8522507022.322505
2025-07-02,637302.1770007558,652721.9825844107,630640.5294829209,634779.5799726914,4404039506.24601
2025-07-03,602498.9869363591,614208.5259803095,594918.2555999709,604800.9742881112,6471620566.259588
2025-07-04,590548.4498433874,597819.3025523057,586208.5979883723,591566.8745866833,3570249514.8822775
2025-07-05,580335.0811442818,582570.5995231185,567886.2217957142,578508.4673819921,5501527668.137853
2025-07-06,563322.368237555,563615.1834480447,548591.3311557509,562774.718774072,4697222117.993831
2025-07-07,576727.6311056277,581992.2064749827,566917.5154650005,577341.7176197954,1928334800.2706273
2025-07-08,574409.3132697166,585838.9112658649,567321.9067150076,574561.941861054,3200522003.6664224
2025-07-09,572600.0652073107,579711.1869956177,569687.9107444282,570577.0989766803,2575807739.251793
2025-07-10,535988.0052841937,552051.10689148,521848.7908726055,536846.9368367043,883475098.7085465
2025-07-11,549641.7166470292,554127.7007923173,539524.6627549859,547617.4504674,1338620134.3426056
2025-07-12,525632.0315378497,538792.6368445768,517179.8795826478,527805.882238068,383076940.43831676
2025-07-13,530747.7181284958,537052.3735011764,521475.40895728144,529282.6719640832,963213458.7258072
2025-07-14,536072.9348744674,542431.0756027768,518574.0327051322,534216.2788419591,267041429.56656572
2025-07-15,554786.207913867,561028.0249491693,545086.8563154241,556557.0742760985,133264638.65943763
2025-07-16,534887.8061954967,542566.151022417,532368.1091021745,535260.6337877763,159799666.3150914
2025-07-17,485679.0646271251,494191.6493173735,480788.06695034396,487309.11471392773,99477461.06543788
2025-07-18,491497.5311439895,500882.0797311017,482399.7528858245,490484.1705954761,43247332.160845265
2025-07-19,517651.2352735808,532070.8638245054,506376.7775087921,517468.3217714085,2913671.913146664
2025-07-20,537946.2378685396,542526.7867320979,525906.1026097025,537219.2547937912,6934119.50099557
2025-07-21,539493.0496269916,541820.5514009215,531120.6954919205,541135.466293615,19298270.87708594
2025-07-22,532156.9495371656,541641.4604614831,531062.694045854,533695.3484631444,158499850.5800514
2025-07-23,544643.065571651,556088.8605405794,546613.59051667,547151.7710755523,244047810.2019831
2025-07-24,530772.4970193536,534405.4862307613,522764.2758325876,531718.5970248627,337940346.6871888
2025-07-25,540171.4951013613,552165.0450654983,530024.0289175189,539848.964166007,398748659.9305623
2025-07-26,550538.681338831,564784.3680739036,546049.7864991646,548575.1393854609,741399706.9225742
2025-07-27,567517.6223997114,582647.3386313203,556830.878931577,566571.8584583676,765946835.9807415
2025-07-28,613648.106307648,617675.7599820431,605792.3744471745,614044.8018256001,1671505566.1243484
2025-07-29,624705.5743210813,638219.0045034433,607539.6391401222,621887.6761714104,1636376036.1845448
2025-07-30,614358.0214667352,625969.951888227,608296.921422366,613014.0176541713,2822403713.500512
2025-07-31,615794.2961183527,621505.0812838036,604547.7742351447,613156.7093158588,2372564185.8644195
2025-08-01,581388.5923064093,590654.7945688275,577898.4078276696,581228.2432140211,1716777607.0133026
2025-08-02,568322.3522992039,584216.2758650726,565948.3949667757,569695.8646756171,4495640087.745149
2025-08-03,560751.7695149861,571383.941530152,550005.623931097,563270.5651659709,3785529239.008349
2025-08-04,556232.4492617635,561191.3820291592,550243.2505999578,554977.7286880906,2437486556.5383034
2025-08-05,555955.9214835558,566327.3019325922,554721.8082646444,558069.3132418538,5258489040.792128
2025-08-06,543783.7665422356,554324.6742546425,534169.9946032402,544858.3627492673,4097325810.499855
2025-08-07,563910.356506985,566924.9562411627,549734.6239802092,563727.3091317205,8209474472.990897
2025-08-08,564658.0375719178,579545.8576359877,547410.2614672914,564294.5382853268,5834968777.057876
2025-08-09,565269.3839216266,576122.8184086863,555399.1251136592,564701.3892109275,8912014262.78944
2025-08-10,557843.2062049506,570344.6439498939,548837.6927112534,559711.2125422454,3452531896.542203
2025-08-11,562199.8525033593,564556.9062005166,555360.8551070943,562876.7827299268,7035155490.984555
2025-08-12,578049.1664736981,587837.5220739739,563308.4364161572,577372.5192122216,14577380617.070505
2025-08-13,565574.9291838773,564972.9492277148,560560.2220747196,562930.1770175326,13529389427.227102
2025-08-14,553636.2846142367,553683.0262973149,540078.8875571961,552378.8982437515,5646583710.192215
2025-08-15,550213.5597149021,556565.5011454085,535182.988677181,547898.1216676872,7808418863.072591
2025-08-16,527704.1002938261,532683.886247051,518124.6353742339,526324.015260011,9186848663.440573
2025-08-17,514385.83347730146,522992.4305197212,506188.0551208212,513914.4866874128,15234550155.338232
2025-08-18,505524.58970769984,508443.5971650899,495145.7112568768,507086.2970007741,18148085878.576244
2025-08-19,521763.3638551941,527630.0155033458,509516.5809234246,520895.10645132954,19139000216.69635
2025-08-20,526167.3919726129,528274.6211381794,512428.938505965,525519.0089003948,15423368898.506035
2025-08-21,529638.744139729,544764.7217438862,524627.73052892,529096.5832599448,22774082701.048565
2025-08-22,543076.4197689292,552275.2533420299,539385.7365669506,543131.8959777823,15569223126.29057
2025-08-23,541591.8552475066,552602.804196749,532703.2453907947,541436.6978771434,8924902206.735987
2025-08-24,547412.708990437,553673.4999224296,543617.3361909571,548320.4945444984,20442381250.932236
2025-08-25,547276.5303864051,548726.0081561918,542836.2032239756,547170.856960572,31674976983.636833
2025-08-26,550404.2689799936,568236.5715980444,537801.914261305,552073.9841413145,28792759183.54599
2025-08-27,544631.2997992465,547637.2201285986,542423.3474287046,542974.2813084417,23933077258.04576
2025-08-28,502207.7789651544,510196.12579011946,501085.9319895959,503790.8057770148,27053901781.813023
2025-08-29,500180.56872494385,512057.2581398223,490278.331630302,502265.1383632848,37145915568.53946
2025-08-30,523871.1054713014,524593.7008202837,511406.80896164745,524205.3071846783,22230465257.52597
2025-08-31,540149.0679932116,552404.3921697058,525149.51771837,539295.3233754,19817913844.390415
2025-09-01,555107.6949892093,564394.978569226,541095.9260090636,555453.6491579274,43454914819.7954
2025-09-02,575320.2499909897,581420.1659359301,572251.1485327474,576607.5024149899,40902815880.33084
2025-09-03,579054.3758345105,579787.3378801172,569510.1143620892,578717.728880237,21813411742.69847
2025-09-04,581830.5982711333,585562.8923298989,578927.4775873295,582722.149550982,28121875952.769127
2025-09-05,574985.4875705962,587879.690724385,568149.160822947,572507.2884950809,27089800971.00357
2025-09-06,570050.3254730533,579333.8490819418,560917.9136332888,567651.1753704476,16787646114.764029
2025-09-07,578718.8488973102,583043.7052507577,573260.0855076138,578705.1230536221,52412567922.45864
2025-09-08,599151.6370676251,601365.8280835525,582509.6161106452,600184.6509172993,29261355746.25445
2025-09-09,599692.7317892226,610669.3463260047,585921.6633131361,598274.0301394771,51812308780.17731
2025-09-10,588055.1439657444,600937.4285208798,584373.0527654756,590792.2077953711,20806308334.989708
2025-09-11,591243.1432525624,598569.2500783057,573816.3827220133,591392.3574225219,38826479502.59416
2025-09-12,601663.8246484532,609224.1376944872,585166.9222870903,602650.22207637,13686905864.03759
2025-09-13,579575.806880655,580902.7117875004,574584.2098261496,577148.6895307789,51973551013.50604
2025-09-14,535343.4323927367,548775.600362882,532869.1613157791,537968.7033794489,43637856820.18621
2025-09-15,529901.2431801204,545044.1246423754,517949.2441796046,529621.5242303205,47086648318.9413
2025-09-16,511984.88139110693,513448.1052729895,505974.43594553554,510755.67848476436,16600967383.150984
2025-09-17,503404.9379290464,512499.4643137884,500345.5496340294,503480.36942080705,25932539373.420322
2025-09-18,499671.4676979561,508136.7824821596,491317.20038378687,501751.7151048875,18635158637.523743
2025-09-19,497771.64164198545,502070.0239775617,481103.6151020874,495430.92182211665,31605695078.376797
2025-09-20,517607.4791824584,521460.0179740085,516470.6397577425,517514.27262952493,52484882733.295395
2025-09-21,523701.9528192646,536053.5957224672,512828.4553434087,523104.63927781483,49757136060.73672
2025-09-22,526951.5257441929,536034.573802333,514180.60320873867,528343.1298619863,53528033360.49806
2025-09-23,538644.7377224162,547516.1694567511,530521.0251834658,538733.6390890396,50501382669.23632
2025-09-24,520497.5048415902,525628.73431079,517248.62007733475,520866.54143241415,33609450823.909473
2025-09-25,535339.100480465,540556.9057773662,525070.7191465112,537624.564860104,32294173888.658604
2025-09-26,534825.5237639378,538324.069426757,525173.0022627477,536940.2071775473,25671375109.327805
2025-09-27,550127.6729444878,560023.4487376411,535821.3199732724,548277.3874306256,73981944901.8096
2025-09-28,529813.3478375219,534322.5748203064,531062.7152311278,531195.4123151599,59156210548.33177
2025-09-29,505419.6636558195,517461.46666038706,494759.44838060375,506966.12187690916,30206239906.321945
2025-09-30,519937.89368237986,526001.2046026665,513291.58988712984,519912.35844035156,29944883496.860466
2025-10-01,527717.694672048,532867.9788493706,525123.2658285584,526303.2697323752,79685695544.19888
2025-10-02,510341.58736026875,519801.82097683864,499468.30086415634,512586.99252634164,71260902292.08493
2025-10-03,500110.06934745924,505238.8477242973,499289.2923552574,499726.2400186144,65999149821.28449
2025-10-04,515129.1889372627,518659.1574638629,516283.46215710236,517098.24505468557,48167867903.93204
2025-10-05,496850.23939148063,503800.7713606722,497435.5337616216,499164.05922627426,37911061910.28053
2025-10-06,521917.3282169998,534701.2458020896,511908.77431394387,524262.1222653543,91875983312.77782
2025-10-07,512327.8581862244,520820.460033138,505015.76308416313,510621.54425653943,78931933604.79877
2025-10-08,518921.4407918677,525384.3916317031,517174.8347275809,520911.4659276477,41921013210.65866
2025-10-09,513948.5738327782,523423.4308283285,516080.53129660664,516296.943435576,84004442594.7407
2025-10-10,525829.2117466322,529209.4575196049,513219.2085863304,526155.9551886086,77747675606.94473
2025-10-11,519875.6541027913,521363.2183711962,514456.83302530897,518093.44646838057,42420889746.032394
2025-10-12,514855.1158858007,516438.10690960754,505844.31158972124,516081.28178182093,52757504883.50348
2025-10-13,516825.9651517908,531145.6422067779,504439.1479295271,517230.8916782331,34168751694.20034
2025-10-14,499886.75682424585,505371.74248155986,493479.7659051225,502197.2532284336,28426244453.60994
2025-10-15,513598.9835457453,517368.2701938264,510682.4606638447,513860.64902350423,76890172166.49995
2025-10-16,506855.9834423975,510711.13457115745,498331.89033951843,506462.9019818851,41044535418.83538
2025-10-17,503853.0577986566,505420.5273889857,496510.38490942575,503496.0435883894,85107992801.01044
2025-10-18,488160.61037222866,498357.6134872138,488909.0018006652,488980.0103501786,99295337067.87181
2025-10-19,451047.5215126299,452899.7625831479,443735.157810484,451881.0921905785,26081486594.76707
2025-10-20,447974.13427323825,451554.01759874204,444554.19003934273,449743.3182626945,57802959766.36852
2025-10-21,482101.7673738672,492082.38009040966,473552.0398760348,482744.79154319543,84157274137.12628
2025-10-22,492609.5842360764,499630.2322633153,485580.77280897833,494590.4453368956,83111902367.52452
2025-10-23,496118.3705389243,505308.01752219227,490281.35392789956,494799.2557885267,80754207745.99467
2025-10-24,493682.94268734596,499609.1263900498,490476.0546950729,491391.70944493875,47841363101.10497
2025-10-25,494528.06139739434,495994.80613906495,485456.563861602,492214.28775857727,56124983203.50426
2025-10-26,502613.7205351105,510563.25338169356,497306.0387107116,500785.49741418794,67230474652.48733
2025-10-27,484033.64159304136,485232.9760339997,470333.9419216583,483546.26491957746,97116963591.32526
2025-10-28,501199.3133445624,508243.8811990108,488357.35943020624,500194.59398577665,45675999022.77776
2025-10-29,510331.1632925825,518136.80010274396,503790.94484304375,511429.6845784268,92421600626.45041
2025-10-30,523644.03643560223,527162.7755838074,507585.3144861563,522960.15923803125,40734725082.56587
2025-10-31,530127.0616023362,539972.5236888361,518474.553561898,530362.2796629678,96700080063.64594
2025-11-01,531109.2352543694,545090.456555459,523513.9980409831,531204.7600014493,71420836067.24268
2025-11-02,543857.1090805307,558714.7161706792,526428.4891768413,542458.7775024318,55036157860.004166
2025-11-03,551427.0898624043,562708.359152082,540439.2155572427,552632.2794248745,66151335766.49855
2025-11-04,546319.384939109,553960.3332428788,539335.9311796554,547315.281951403,39744395723.59081
2025-11-05,540730.8265547327,542082.2115854436,531549.3052654832,538444.3667515278,39556474744.8167
2025-11-06,538228.9532761043,544797.9309082249,539423.9078711208,540628.1295703391,27204110896.947872
2025-11-07,566210.7218855788,574437.4203298799,560266.9348411522,566292.0737149976,26995484183.092545
2025-11-08,548060.5679320947,551821.3577171975,536224.2231931007,545807.4703259034,43893166319.011604
2025-11-09,522900.1423430989,536642.8994167333,521232.31330268347,522323.69020803855,73624657248.9642
2025-11-10,525671.6042706525,531233.148588993,522036.91499524226,525427.7686161397,61691390778.06589
2025-11-11,525437.0948574612,532656.7486074296,514113.34377354087,526755.3307338422,25062406106.015423
2025-11-12,529190.6720754477,536119.7897859905,516201.182405897,530021.3454369378,77405231261.07732
2025-11-13,536311.8325300603,547843.8365271018,529232.6955379065,534430.3788477478,59030140081.823074
2025-11-14,531700.9042577302,541760.825778291,524370.0665355219,531386.2272614711,82838417131.63383
2025-11-15,555750.3185542368,565906.6275290484,552162.24904158,555668.4008419394,62074813206.961586
2025-11-16,527416.5433956374,534845.1486077738,525387.5455814828,529536.9166341351,28263249254.296124
2025-11-17,514403.1867685317,529588.220091522,511092.96135539794,516904.86075248854,47379139700.2701
2025-11-18,518212.3626157146,516414.2450660394,515609.8483072854,515820.5789907348,57879487225.06192
2025-11-19,490304.79586673196,503733.1382014167,484039.7359327065,490908.6814509063,17627689511.24593
2025-11-20,489314.2520150456,496328.850820684,475804.0602736291,488809.7365181447,16491526626.403446
2025-11-21,511503.98262349487,519799.8203544455,511016.54547208233,513662.830072931,23194101516.997395
2025-11-22,515440.47126466554,522172.1036708985,502950.7449359094,514498.3512836557,30094633493.05099
2025-11-23,520816.8839191999,528956.8310713167,515109.14918853634,518573.70670389646,39973646693.29295
2025-11-24,499865.5695902997,499678.91619011265,498844.8967604217,499487.6310106047,42503910319.01015
2025-11-25,488916.32821909344,503582.6244966291,486287.2329519822,490751.1716551753,21896697888.8441
2025-11-26,486115.01716443826,492227.76487677585,479831.61728018214,485718.0809294878,50976957059.0159
2025-11-27,482856.8594587802,486529.11481857486,473778.2771253389,481574.19999805436,45661645352.06455
2025-11-28,500103.5191677858,502648.0274171732,491027.21355767647,500571.9717558947,28697507821.837135
2025-11-29,511382.5529763123,516164.0149587321,499559.1761855073,509447.47914458497,13561800430.168392
2025-11-30,493703.0054127167,500310.21073059,487592.3221066267,492970.0429936267,16432504441.209362
2025-12-01,499093.29787020996,503128.2844348716,493399.2690157223,497108.5971732731,31351837275.601757
2025-12-02,505659.561260219,515318.2448167236,500165.00338811945,505035.81520473986,19210174578.72066
2025-12-03,520887.6509730415,529416.8687714804,510242.8292735659,522815.3339936793,28983922265.616905
2025-12-04,547084.9433724309,563937.4755666219,539807.2815263256,548128.0765358383,39447454467.85896
2025-12-05,530397.7521791839,541548.3401386869,528658.8303971882,531984.1558062948,34754547094.26927
2025-12-06,521699.4007593593,532161.6057590211,511402.9041303008,519575.23950468836,20336432295.764317
2025-12-07,501795.9083598123,502134.5799178922,493535.1262911252,500492.62522695237,24306237502.07589
2025-12-08,498356.9069222379,503408.6880046362,494063.70866458956,497479.3614429885,34214409721.528614
2025-12-09,503931.95619742066,510039.55633164814,499805.76089264546,504936.9507941261,42507739735.89274
2025-12-10,518753.913027886,529288.86538642,511176.86404765263,520398.13815152907,37053603561.10915
2025-12-11,521065.65355352295,533159.261200897,518102.06983867934,519732.79315085243,28607027265.62179
2025-12-12,515132.31336344697,516476.4178990976,502320.46039249864,515265.4685446947,20992384088.825752
2025-12-13,516705.84632251726,519254.69161122455,518056.91218476364,518126.6036026829,20277399593.04281
2025-12-14,506253.15225568356,518562.67481150007,492296.5165272197,505663.43755195197,35757589176.940254
2025-12-15,535394.8075334659,541301.7533769604,521972.4179208781,537867.2009768067,8781739515.603819
2025-12-16,511573.00951144553,522745.1795786479,510772.9840397223,512463.8240745189,35991380176.929596
2025-12-17,515654.28560251463,524217.23832246667,504132.5112380839,515816.4738042727,25416250606.538948
2025-12-18,545718.6288904054,561330.5126968594,543205.7008278623,547646.5730092198,24706386707.350693
2025-12-19,550963.3262035617,550363.5466865569,545197.295171944,548305.9369293373,7282244177.750016
2025-12-20,544140.7190504828,547853.0438819758,543419.6036013052,545728.2569320775,20579174656.457047
2025-12-21,538424.2903653882,549449.4489703595,540285.6633779648,540421.9431628489,16782768203.026623
2025-12-22,536442.6421565732,553313.3592635589,526642.7381181879,538037.7364103582,7701167057.607266
2025-12-23,562243.8229406505,567716.2170392984,555860.8008364097,560735.1027192498,10807443162.157192
2025-12-24,523697.3636044081,529228.1701193263,510179.53562412877,524087.7793404646,22029841662.894424
2025-12-25,549080.434332892,558708.5869728443,538956.5884573739,548721.4830181516,14551387379.219973
2025-12-26,523310.85279836506,540507.2485438028,523431.29890492465,525829.5280877673,11333897212.793114
2025-12-27,519717.9855400451,535258.9771756778,512243.64699001436,522148.9475625101,5164279030.132761
2025-12-28,515667.699276236,531355.7206127606,509618.01490351366,515947.2108408919,14414565194.494904
2025-12-29,527237.285149037,525928.873750912,517748.9317395789,525573.0305908176,13268989157.960106
2025-12-30,502830.3359866853,502596.59347032045,495580.3783769363,500900.6718549925,11171324969.83096
2025-12-31,506245.68717510585,517641.2773782224,507933.2791045191,508346.6504954511,9094832871.041395
2026-01-01,539933.58348172,553013.1338108699,524437.1900791168,539726.527642854,7540453184.814906
2026-01-02,520335.35052740644,522628.3763725204,511570.90120339906,518194.0190083404,8537696480.336283
2026-01-03,521076.94822711515,525404.966451336,519517.77330786927,521661.35107008973,4473659409.535947
2026-01-04,513509.8909483014,523906.8686283718,503859.88770612964,511823.09690354887,10029181019.98896
2026-01-05,516973.62820215774,519751.94009159453,504530.4307757635,518874.287264612,6390255786.243429
2026-01-06,521953.9271688359,525450.1677983045,512839.70502705267,519691.2202326555,3846279107.566748
2026-01-07,511492.44406570465,517951.72053157544,499986.1874648477,510209.65801715286,4286216475.862912
2026-01-08,520474.32136060914,526898.3506045982,505050.4271013005,518187.38222377346,5738501110.290058
2026-01-09,547720.9463688483,558706.5078874564,544279.0469956364,546755.2823149215,1969192392.33031
2026-01-10,543427.3921108072,549963.6073564581,536360.7619507366,544170.7079010109,2264394715.9559283
2026-01-11,558903.33920004,566693.1363539739,555351.134011656,556465.0142757965,3344920161.485872
2026-01-12,534229.9581404149,544834.5004018679,532315.6975819353,535431.6446411439,1733907263.5800633
2026-01-13,519730.1708447888,529156.6193398741,515808.68488933967,520603.8872187566,2684292524.1813865
2026-01-14,529563.8651292525,538657.4997735227,512727.18956693145,528502.5874443074,808496254.5642833
2026-01-15,554027.9015586679,556862.7164003175,543076.9767312362,552561.8648662164,1739181057.5890653
2026-01-16,561409.7837304893,560428.9613990324,545550.9971507957,559009.3779863724,430486149.62569875
2026-01-17,552681.9818015301,556301.7502890326,552834.9255646223,554318.3161168672,270473788.9276842
2026-01-18,556514.3252580654,558599.2099819935,541121.119848011,554860.850824408,862416247.386003
2026-01-19,535876.9138208549,542623.8418409775,523151.43862561666,534601.6427007967,428777980.33487993
2026-01-20,542454.9063159997,558568.4812435779,536934.2146126596,544831.4909387191,195181752.61857063
2026-01-21,559166.6849566636,571575.4860337573,547426.9802136169,559798.0075651635,85391794.47505091
2026-01-22,551564.6300958865,565850.0585539314,539662.642861457,552765.4275459457,63988759.65196941
2026-01-23,544456.9508275129,551267.4650496332,538962.4793125304,545523.5015103648,11418624.439771745
2026-01-24,553078.5474064437,557102.1988302693,535376.1588691191,550420.30969633,866149.216038213
2026-01-25,544535.7131672762,550181.3938002285,528395.4450821771,543759.3476351674,37971353.75014292
2026-01-26,544406.7699460038,546351.2054507475,532993.9518553487,543224.3001612123,93183829.22925566
2026-01-27,580740.9052410101,579047.5928092172,573142.5593893488,577986.1214449704,155280537.76763862
2026-01-28,573575.578198892,584461.3374918684,566610.8070393408,574280.7847662732,286914668.0270109
2026-01-29,570397.938624743,585557.9043720867,558835.4465898308,568681.4296395591,554032046.7477697
2026-01-30,557837.3111053151,560996.5051337801,550930.8008005186,558202.7610757991,297064230.33071905
2026-01-31,573334.126537314,572023.2878911183,560349.1980071764,571223.2642347261,658893095.5497782
2026-02-01,566872.8384584447,581988.2341088413,567599.5174706534,568688.9035854442,480342481.8004983
2026-02-02,560677.7448318668,562408.5002955316,542352.8920706848,558178.8552536009,600487354.3021413
2026-02-03,579229.2028766276,595320.0288245621,575171.3115321322,580862.753274138,1016369484.4513148
2026-02-04,605128.0322672733,618982.8518339667,604204.378359602,606181.4513201531,2017712721.2291465
2026-02-05,597395.2331593147,612773.5807276043,592362.895219496,595868.6639168839,3363221458.966832
2026-02-06,562499.8897368108,570006.1377015855,549314.202995864,563098.1525718586,2792665823.1244645
2026-02-07,581309.4866860933,592212.9253533613,568415.8552834282,580681.1236475714,2566724181.906154
2026-02-08,569019.693676339,577275.0027490346,564502.4187461692,569335.2562760701,1665277279.7484643
2026-02-09,584822.5292445378,594445.24697959,567381.1915769457,583408.5223758789,4542492349.978627
2026-02-10,548017.8214259209,556922.4520663026,546409.1500793492,549510.6701817045,3325486923.7115245
2026-02-11,562281.2150891877,567970.9766330536,560012.3043473014,564774.9336990239,6158799223.759513
2026-02-12,543728.5005508468,553119.8798402546,540399.0630772898,544818.5222509927,9692338189.372738
2026-02-13,557164.1758967205,566144.8715025659,542264.0925188031,557307.3555971598,3147459638.344749
2026-02-14,556250.5064876927,571675.3179444999,553377.7344046432,558103.2975235223,4417472629.7469845
2026-02-15,541901.4988920181,554664.2796474438,537476.7185189328,542689.4987529576,7549648693.889499
2026-02-16,536068.6617895967,547291.1825381197,533883.5213509644,536605.3582726159,13837730817.183685
2026-02-17,545764.0929268668,550055.1600902558,532428.7907736491,548190.4284754193,12569981104.099966
2026-02-18,550938.718519685,562380.6771249329,534347.3837250622,550480.128672687,15247148191.195997
2026-02-19,562836.7845888883,569097.2012625417,550135.5347800939,560681.8407820142,8338761859.237786
2026-02-20,592416.8093346446,610433.0736073888,579306.1200850268,594487.1529764688,19029378480.041584
2026-02-21,567738.7452567684,582836.0759677205,559669.6761871732,567183.9938600425,5780782403.602673
2026-02-22,596249.5317068856,596253.8805443327,593792.901638759,595268.8904696442,5293839185.148912
2026-02-23,597245.5956509002,612443.361771818,586815.8710209402,597727.7546544147,20549915365.50582
2026-02-24,583379.4447983546,582867.0696645721,579500.5003886222,582208.6372753675,23221496102.83445
2026-02-25,559055.737087819,565718.7940953649,542772.6295924088,559555.2434169324,7113248879.248718
2026-02-26,556965.9263877331,566000.9575424321,543047.4733560317,556940.0994714588,8019756024.455904
2026-02-27,570073.8012473708,575441.5480715482,556232.1578879339,572896.156721323,6589059706.247464
2026-02-28,572372.1335403153,584067.4356617641,559762.4613591046,571276.8808523202,8681441609.444696
2026-03-01,598711.2146749822,597896.6139132692,596100.4127394573,597746.7939842618,11819091757.664152
2026-03-02,569679.6413961906,575216.2579599592,556816.4615860226,572321.4722911596,32916903831.14739
2026-03-03,571931.7173364775,582664.6612515734,565924.1197871091,572686.2308305596,25926879794.857727
2026-03-04,554385.0827844715,563566.7926352276,542663.0797681945,551742.0626254547,30370971924.495464
2026-03-05,557870.1969715077,573665.9403627852,557282.1154177533,558312.7348367565,31625892899.403805
2026-03-06,573737.0245917042,585868.7135698961,558622.8594250211,573725.863299317,25218826324.055943
2026-03-07,569382.0712985079,578485.6563032861,553652.7652042531,567057.5314629254,35021990670.898735
2026-03-08,524459.39666523,529513.4434159634,508086.5433013039,523322.4165661724,29394252208.023766
2026-03-09,527401.6440117015,526989.4653105437,518020.19975566736,526969.1597313257,20367336855.530098
2026-03-10,535992.0312086592,536326.9565794186,522822.7662047523,534400.5613199355,30340552699.294537
2026-03-11,543389.3617332483,550099.1236810823,539303.5695057178,541416.6222009626,30351499758.158195
2026-03-12,561787.9273560125,573413.5315643284,555369.1732634855,562030.2294253372,43014393691.11563
2026-03-13,544397.780048103,551352.7583357899,538229.1097075411,544533.3232957623,50998553650.12629
2026-03-14,555556.0935637464,568381.754573821,548379.4708995259,556189.8667128651,28250038940.77953
2026-03-15,579335.1067800764,585671.7352888534,560933.5062095671,576643.8744121544,44654075144.25901
2026-03-16,547529.5884974275,547668.181513499,537354.0468991703,546452.1692238804,15875028673.406485
2026-03-17,549937.250238609,555420.0194370385,552230.6567991428,552238.8544031983,47959086130.25362
2026-03-18,546414.353555637,558158.077683637,541747.0381309093,544438.2624889353,29838201081.19749
2026-03-19,543545.4927656988,555474.1689550664,541913.5455524967,543651.1788765168,14272139626.487034
2026-03-20,547493.9994544256,564625.2282595258,546949.2213782443,549865.2719596912,31035910860.861797
2026-03-21,542647.4905965537,544290.64861306,527783.1260861661,542377.8352242659,44657606553.562584
2026-03-22,531484.9161461256,547727.2802112122,519597.3403522221,531925.5405029136,19627458984.878574
2026-03-23,535015.875966753,536350.8911623292,517062.3039030352,533002.4623373705,63875147171.31312
2026-03-24,514622.489115925,516332.72753042914,505365.5177245088,516150.3219223025,18232398493.96398
2026-03-25,501484.8457022704,514809.9480763912,486486.0445578383,499853.00254946237,67095646284.27178
2026-03-26,510834.98292080365,514845.44652520056,502465.6489907864,510540.4588121427,55571310406.5628
2026-03-27,491258.0228578035,503344.96694402193,488676.1246195652,493455.8242572383,34341769988.49068
2026-03-28,506190.372304745,506483.59982874594,501916.37711991306,503813.15361196717,38699664338.82446
2026-03-29,511373.2569556165,520209.03194506734,507461.9303420921,511308.7541081647,60967295836.92806
2026-03-30,484332.48633568734,498510.5927509565,484453.2404591099,485347.46021239064,53339815747.52639
2026-03-31,475821.5657871737,480539.0509909876,462457.7783202657,475967.179178379,58736885296.01433
2026-04-01,495259.8590472465,503416.8393949814,478869.35751423263,493493.85288352246,41411854124.30465
2026-04-02,478525.9578315178,482164.14736265,474590.1132106426,479461.37198804703,48565104779.72145
2026-04-03,471806.4737153779,482131.65350249235,463171.26433374523,473260.9162171164,82856301556.57661
2026-04-04,478512.887814114,485142.2949630595,469538.2586862354,480294.4379839883,31454278559.857136
2026-04-05,491067.8175049291,495180.30531065125,482185.11487168627,492062.47555330856,45910906085.14438
2026-04-06,490210.34347658535,493434.2427383799,478132.73613746394,488841.3526199126,37740587933.34262
2026-04-07,480431.2087338372,483145.91971410444,473523.92874817696,480567.563219215,71598819701.303
2026-04-08,500187.6471226339,515125.2771433171,493130.5937808747,501554.4753354213,72377375804.37479
2026-04-09,526457.3374119416,534514.6861323038,520494.2583231845,528220.6170668647,39157275804.85953
2026-04-10,543350.0405253619,548265.3023756933,538916.5568976176,544260.4277920765,24178297568.268124
2026-04-11,548600.6038956853,553545.3274564216,536155.3088289958,546197.7468829944,19266850018.60881
2026-04-12,532662.3050414661,538629.9361630447,521516.9421359264,533499.7571485866,50400106551.60908
2026-04-13,523283.86730576097,532371.511366228,507716.168221472,520742.0002290353,49563668773.227646
2026-04-14,529347.399691771,544851.2537852755,519093.4419295677,529425.5934389834,93721924724.93106
2026-04-15,534878.733316115,543651.8111083476,532443.9388226126,536600.3408240566,54894422747.696396
2026-04-16,561889.1003072138,574157.4986134438,555614.7225962338,559699.8896450879,38895807404.087036
2026-04-17,570954.8521920155,580877.6069775997,565473.5725085074,571181.2948850964,88225310905.6627
2026-04-18,547141.3338593728,548572.0394400863,533449.9967085104,545996.5355877179,57630907745.152374
2026-04-19,566500.3616451563,575453.9651541528,556806.5451694074,563773.3247701995,66393251617.87439
2026-04-20,544994.1041694728,555889.1940033312,540405.8347233791,547456.6993494715,27156173953.60449
2026-04-21,539513.2294853077,552270.892835341,533316.7687568926,541697.9266931793,49933413965.50447
2026-04-22,547509.9801614019,560886.8494180904,538930.1424434948,546305.612609415,94563231966.10881
2026-04-23,578294.7953673207,587216.9866058032,570723.1255643931,579559.248739158,66681915691.603546
2026-04-24,632208.0768843454,651356.3529546635,625942.5087866817,634210.2698466502,47341578072.43563
2026-04-25,643410.6696069321,660944.8873052064,640871.3723220777,646388.179968205,69870061148.44922
2026-04-26,640405.2535358805,652914.3397624412,626293.9351221701,643482.0842796433,92722372599.3817
2026-04-27,656240.2649413913,666287.1622293171,649528.2335697173,654443.9106262281,41905903003.806366
2026-04-28,670067.4450252531,679094.8282422322,655091.8048961468,672525.9751827783,60409253837.35946
2026-04-29,666513.5659863891,686402.5608172832,648059.6025991072,666728.7819303392,96672053119.38724
2026-04-30,704047.8586974127,717383.5870464559,702798.3862184202,703303.0831313175,33756761180.850285
2026-05-01,708352.7845359313,709793.1097205062,707946.0651361875,708860.6704427792,77388348557.5715
2026-05-02,716748.8836399177,727210.9926370949,699855.5221216069,720154.4461084695,68862287948.2719
2026-05-03,737346.1277065984,749010.6258500465,722981.0180856279,735261.6498812324,73873135426.651
2026-05-04,741648.0791736599,746555.7548834385,727101.5487460905,745296.2055377602,47629374302.70033
2026-05-05,766802.2089119124,765347.2752609584,752991.0413778226,764799.2768934565,44511341101.696365
2026-05-06,754357.1296218378,761546.3035952337,747573.6785243653,751401.8324484118,73439048834.34538
2026-05-07,739071.2710222007,746949.3754312653,738472.1869735138,739567.9654516339,36424652325.69407
2026-05-08,716152.8165692909,725311.6863375397,708043.2307229877,715898.3685842293,52118541226.51628
2026-05-09,725886.3005090249,731775.2946018223,711980.443502121,726053.4133725669,33903651954.549976
2026-05-10,742921.945587049,747421.1967265514,734895.2018567775,743745.9520012034,19858216628.859818
2026-05-11,757627.6067382661,770306.6706659693,739126.6446526588,754703.6994372982,93141950117.18813
2026-05-12,796496.1254959516,805618.1426758971,791224.4735294391,793370.77216055,51649342821.33398
2026-05-13,792727.282517449,798798.8105628755,790943.7700918984,794030.9513993278,91632093795.67575
2026-05-14,811687.9633597971,818528.2915835005,800010.0546310646,810755.0295416418,29076155126.455757
2026-05-15,788364.003976699,798950.027441899,769111.4819819812,785012.7252886344,61796196581.43387
2026-05-16,780270.1146245375,778364.3679652974,760217.0595257642,776681.3922419875,32951087447.38304
2026-05-17,793735.5153666869,797175.2568222615,770650.1585239639,793664.4106513213,75195269503.03
2026-05-18,814290.8142680918,816465.2800320378,810173.7536382114,814675.138851145,73903161290.57031
2026-05-19,806516.3617491807,828003.1964802766,794977.4440787314,808305.1870728174,25619734495.59521
2026-05-20,811082.098066376,825601.6142582821,791031.1008260263,807377.2708598678,81089811391.62144
2026-05-21,768664.3442551174,788853.3593374119,759179.8677813851,771419.7452375778,30623559949.70966
2026-05-22,764538.4246786553,780345.2258828811,759774.4468218819,763928.5837289571,58626985864.56019
2026-05-23,783390.992878319,800864.1852567091,764480.2728372089,785098.1867851994,82745553343.27788
2026-05-24,797664.3810659361,810870.7219660857,796017.230712087,799431.0574272352,74700240147.2223
2026-05-25,811466.0391269788,827888.4006898691,809740.5039778922,812237.9202965029,78351929702.23732
